customer_id,name,email,city,signup_date
1,Sahil Chawla,sahil.chawla410@ymail.com,Pimpri-Chinchwad,2023-05-17
2,Heena Chopra,heena.chopra1680@ymail.com,Solapur,2022-06-28
3,Ravi Kumar,ravi.kumar521@gmail.com,Kolkata,2023-03-24
4,Hemant Murthy,hemant.murthy9864@gmail.com,Ranchi,2023-02-12
5,Shilpa Reddy,shilpa.reddy8929@outlook.com,Thane,2024-07-08
6,Ravi Goyal,ravi.goyal107@yahoo.com,Kota,2024-05-15
7,Kunal Goyal,kunal.goyal2548@yahoo.com,Hubli,2023-11-21
8,Aryan Bhatt,aryan.bhatt6225@gmail.com,Nashik,2023-12-06
9,Ritesh Ghosh,ritesh.ghosh712@ymail.com,Srinagar,2022-09-13
10,Ritu Kaur,ritu.kaur1292@rediffmail.com,Patna,2024-01-11
11,Ram Deshpande,ram.deshpande1140@gmail.com,Madurai,2023-04-12
12,Sonali Gupta,sonali.gupta1308@yahoo.com,Pune,2024-02-18
13,Kabir Mehta,kabir.mehta5978@yahoo.com,Faridabad,2023-12-29
14,Girish Saxena,girish.saxena4375@ymail.com,Raipur,2022-05-27
15,Ritesh Rao,ritesh.rao2804@rediffmail.com,Chandigarh,2023-05-17
16,Deepak Mehta,deepak.mehta6217@hotmail.com,Vijayawada,2023-03-26
17,Seema Jain,seema.jain917@yahoo.com,Bengaluru,2023-10-09
18,Meena Goyal,meena.goyal1085@yahoo.com,Howrah,2023-10-07
19,Harish Reddy,harish.reddy8180@outlook.com,Jodhpur,2024-07-28
20,Bhaskar Ghosh,bhaskar.ghosh2288@yahoo.com,Solapur,2023-06-23
21,Simran Patel,simran.patel7020@rediffmail.com,Rajkot,2024-01-12
22,Heena Chopra,heena.chopra8349@outlook.com,Kolkata,2022-04-07
23,Vikas Chawla,vikas.chawla2505@ymail.com,Lucknow,2024-05-14
24,Reena Bhatia,reena.bhatia6305@outlook.com,Jabalpur,2024-08-16
25,Pooja Ghosh,pooja.ghosh9065@gmail.com,Raipur,2022-08-23
26,Seema Mukherjee,seema.mukherjee8798@hotmail.com,Bareilly,2023-11-28
27,Asha Gupta,asha.gupta7124@yahoo.com,Srinagar,2022-01-07
28,Shiv Mukherjee,shiv.mukherjee4316@rediffmail.com,Hubli,2023-01-01
29,Paras Chatterjee,paras.chatterjee1744@ymail.com,Vadodara,2024-11-05
30,Ritesh Deshpande,ritesh.deshpande2505@hotmail.com,Hubli,2022-11-27
31,Priya Tiwari,priya.tiwari8690@gmail.com,Jabalpur,2023-10-26
32,Nitika Ahuja,nitika.ahuja1833@hotmail.com,Vadodara,2023-05-06
33,Anil Garg,anil.garg9296@gmail.com,Kolkata,2024-09-22
34,Swati Bhatia,swati.bhatia8728@yahoo.com,Jaipur,2024-08-31
35,Rahul Das,rahul.das4343@rediffmail.com,Jabalpur,2024-05-16
36,Harish Banerjee,harish.banerjee8836@ymail.com,Kota,2023-02-16
37,Shilpa Iyer,shilpa.iyer6538@ymail.com,Jodhpur,2024-02-04
38,Neeraj Sengupta,neeraj.sengupta8480@outlook.com,Ahmedabad,2023-05-23
39,Heena Bhatia,heena.bhatia5540@gmail.com,Coimbatore,2023-04-17
40,Ravi Dutta,ravi.dutta118@gmail.com,Guwahati,2022-05-01
41,Hemant Bhatia,hemant.bhatia515@hotmail.com,Chennai,2024-11-18
42,Ishaan Goyal,ishaan.goyal7954@yahoo.com,Allahabad,2022-09-28
43,Shiv Banerjee,shiv.banerjee9356@rediffmail.com,Aurangabad,2023-05-13
44,Sudhir Mishra,sudhir.mishra6670@yahoo.com,Pune,2022-07-18
45,Sanjeev Kumar,sanjeev.kumar5805@outlook.com,Kalyan-Dombivali,2024-08-14
46,Vikas Singh,vikas.singh888@ymail.com,Jodhpur,2022-07-21
47,Anil Khanna,anil.khanna5560@gmail.com,Bhopal,2023-01-28
48,Gaurav Naik,gaurav.naik7351@yahoo.com,Vasai-Virar,2023-01-11
49,Kabir Mehta,kabir.mehta4093@gmail.com,Varanasi,2022-07-20
50,Ananya Reddy,ananya.reddy8857@gmail.com,Kolkata,2023-04-30
51,Deepika Kulkarni,deepika.kulkarni7957@outlook.com,Indore,2024-04-01
52,Yash Bansal,yash.bansal2698@outlook.com,Mumbai,2024-03-10
53,Jayesh Banerjee,jayesh.banerjee7455@hotmail.com,Vasai-Virar,2024-09-23
54,Chandra Deshpande,chandra.deshpande4862@yahoo.com,Hyderabad,2022-05-05
55,Simran Jain,simran.jain937@gmail.com,Coimbatore,2024-09-03
56,Paras Chatterjee,paras.chatterjee8702@yahoo.com,Hyderabad,2024-11-06
57,Ankit Bose,ankit.bose3045@gmail.com,Jabalpur,2022-05-20
58,Sapna Chakraborty,sapna.chakraborty3854@outlook.com,Ahmedabad,2023-05-20
59,Ramesh Pathak,ramesh.pathak652@rediffmail.com,Kolkata,2024-05-08
60,Sanjeev Patel,sanjeev.patel9261@rediffmail.com,Ludhiana,2023-06-19
61,Girish Saxena,girish.saxena5148@yahoo.com,Visakhapatnam,2024-03-21
62,Ashok Saxena,ashok.saxena4916@outlook.com,Ludhiana,2022-05-29
63,Aditya Mehta,aditya.mehta9225@gmail.com,Chennai,2023-03-13
64,Paras Ghosh,paras.ghosh2171@hotmail.com,Chennai,2023-05-16
65,Lokesh Gupta,lokesh.gupta2585@outlook.com,Allahabad,2023-09-12
66,Rohan Varma,rohan.varma8667@gmail.com,Madurai,2023-09-06
67,Anand Saxena,anand.saxena1698@yahoo.com,Visakhapatnam,2022-08-25
68,Vinod Chauhan,vinod.chauhan9065@yahoo.com,Pimpri-Chinchwad,2023-08-01
69,Ritesh Dubey,ritesh.dubey5618@yahoo.com,Raipur,2023-06-25
70,Paras Modi,paras.modi4115@gmail.com,Kolkata,2024-05-17
71,Tarun Goyal,tarun.goyal723@gmail.com,Agra,2022-09-25
72,Sahil Ghosh,sahil.ghosh2648@ymail.com,Varanasi,2024-05-25
73,Rajesh Agarwal,rajesh.agarwal1833@gmail.com,Kota,2022-11-02
74,Priya Arora,priya.arora6050@rediffmail.com,Ranchi,2022-10-31
75,Mukesh Chopra,mukesh.chopra686@hotmail.com,Faridabad,2022-03-23
76,Yash Joshi,yash.joshi3442@ymail.com,Bhopal,2022-07-30
77,Lalit Tiwari,lalit.tiwari9174@outlook.com,Gwalior,2022-11-13
78,Ritu Banerjee,ritu.banerjee3879@yahoo.com,Kanpur,2024-04-24
79,Akash Desai,akash.desai5443@outlook.com,Madurai,2023-05-24
80,Jyoti Das,jyoti.das1772@outlook.com,Bengaluru,2024-08-21
81,Heena Deshpande,heena.deshpande7542@hotmail.com,Vadodara,2023-04-12
82,Heena Ahuja,heena.ahuja3165@outlook.com,Agra,2023-07-25
83,Vikas Bhatia,vikas.bhatia4574@hotmail.com,Jodhpur,2024-11-09
84,Meena Shah,meena.shah8786@hotmail.com,Delhi,2022-08-25
85,Vinay Ghosh,vinay.ghosh2926@rediffmail.com,Visakhapatnam,2022-03-20
86,Aryan Pathak,aryan.pathak7120@hotmail.com,Chandigarh,2023-10-05
87,Mukesh Pathak,mukesh.pathak8380@gmail.com,Meerut,2023-01-25
88,Jatin Arora,jatin.arora7145@gmail.com,Navi Mumbai,2023-02-08
89,Lata Kumar,lata.kumar1147@ymail.com,Agra,2023-10-05
90,Sanjeev Bose,sanjeev.bose2042@ymail.com,Vadodara,2024-11-04
91,Kedar Saxena,kedar.saxena6692@hotmail.com,Rajkot,2023-08-29
92,Rahul Chopra,rahul.chopra3144@outlook.com,Madurai,2024-02-16
93,Sapna Sinha,sapna.sinha2852@rediffmail.com,Howrah,2023-09-09
94,Meena Nanda,meena.nanda7@hotmail.com,Patna,2023-03-07
95,Mukesh Trivedi,mukesh.trivedi9503@rediffmail.com,Jodhpur,2023-10-22
96,Nilesh Malhotra,nilesh.malhotra7245@ymail.com,Indore,2024-11-12
97,Nisha Trivedi,nisha.trivedi2781@ymail.com,Kolkata,2023-08-05
98,Parul Saxena,parul.saxena5492@gmail.com,Hubli,2023-04-27
99,Sapna Iyer,sapna.iyer3681@yahoo.com,Surat,2022-02-20
100,Amitabh Garg,amitabh.garg7785@rediffmail.com,Bareilly,2022-05-30
101,Nikhil Kulkarni,nikhil.kulkarni9432@yahoo.com,Guwahati,2024-02-26
102,Om Khanna,om.khanna3998@yahoo.com,Jodhpur,2022-01-12
103,Vivek Srivastava,vivek.srivastava1747@outlook.com,Thane,2022-12-27
104,Sunita Sharma,sunita.sharma8487@outlook.com,Hyderabad,2023-05-26
105,Zara Bose,zara.bose1989@outlook.com,Jaipur,2024-08-09
106,Santosh Nair,santosh.nair9158@rediffmail.com,Ludhiana,2024-06-25
107,Rohan Verma,rohan.verma8271@outlook.com,Ranchi,2024-07-02
108,Vivek Das,vivek.das7778@outlook.com,Visakhapatnam,2023-05-22
109,Uday Rao,uday.rao4544@rediffmail.com,Dhanbad,2023-05-05
110,Kabir Malhotra,kabir.malhotra1270@ymail.com,Patna,2023-04-26
111,Jyoti Jha,jyoti.jha5239@rediffmail.com,Kolkata,2022-10-11
112,Chandra Dutta,chandra.dutta6276@ymail.com,Surat,2023-03-15
113,Anjali Kulkarni,anjali.kulkarni6679@hotmail.com,Allahabad,2024-08-12
114,Mihir Bansal,mihir.bansal3389@outlook.com,Meerut,2022-02-10
115,Varun Mukherjee,varun.mukherjee9433@outlook.com,Aurangabad,2022-01-13
116,Lalit Iyer,lalit.iyer6390@outlook.com,Allahabad,2023-03-28
117,Nitika Dutta,nitika.dutta4472@outlook.com,Dhanbad,2022-03-01
118,Mahesh Jha,mahesh.jha6625@ymail.com,Lucknow,2024-08-15
119,Zara Chopra,zara.chopra8752@gmail.com,Rajkot,2022-02-25
120,Ankit Reddy,ankit.reddy7023@yahoo.com,Srinagar,2023-01-08
121,Ananya Ghosh,ananya.ghosh6212@hotmail.com,Indore,2024-07-20
122,Komal Jha,komal.jha6212@hotmail.com,Hubli,2024-05-13
123,Jatin Yadav,jatin.yadav1342@outlook.com,Delhi,2022-04-17
124,Lakshmi Dutta,lakshmi.dutta1125@ymail.com,Bengaluru,2022-03-05
125,Isha Deshpande,isha.deshpande334@rediffmail.com,Surat,2023-05-04
126,Ashok Mishra,ashok.mishra1875@rediffmail.com,Indore,2024-08-10
127,Shanti Ghosh,shanti.ghosh6044@yahoo.com,Jabalpur,2022-08-23
128,Sonu Verma,sonu.verma2684@hotmail.com,Pune,2022-02-22
129,Ritu Iyer,ritu.iyer9434@ymail.com,Meerut,2024-03-23
130,Shilpa Deshpande,shilpa.deshpande1246@rediffmail.com,Kota,2023-05-13
131,Aryan Sharma,aryan.sharma4942@ymail.com,Jabalpur,2022-09-05
132,Sunil Pande,sunil.pande673@hotmail.com,Allahabad,2024-05-27
133,Sanjeev Kapoor,sanjeev.kapoor1130@rediffmail.com,Jodhpur,2023-11-30
134,Aditya Bose,aditya.bose6883@outlook.com,Pune,2024-06-06
135,Lata Rao,lata.rao7533@ymail.com,Surat,2024-06-10
136,Dev Singh,dev.singh8549@ymail.com,Pimpri-Chinchwad,2024-09-17
137,Nilesh Kumar,nilesh.kumar9708@hotmail.com,Ludhiana,2023-05-18
138,Tarun Banerjee,tarun.banerjee1420@hotmail.com,Varanasi,2023-05-15
139,Sneha Mehta,sneha.mehta9337@rediffmail.com,Madurai,2024-02-16
140,Kunal Ahuja,kunal.ahuja8099@hotmail.com,Kanpur,2024-09-25
141,Harish Joshi,harish.joshi4233@hotmail.com,Pimpri-Chinchwad,2023-07-20
142,Rajesh Agarwal,rajesh.agarwal8465@yahoo.com,Kolkata,2023-05-10
143,Shiv Kulkarni,shiv.kulkarni8005@rediffmail.com,Hubli,2023-05-08
144,Shailesh Mishra,shailesh.mishra8042@outlook.com,Delhi,2022-07-10
145,Karan Dutta,karan.dutta6626@ymail.com,Bhopal,2023-09-20
146,Sanjeev Patel,sanjeev.patel6047@outlook.com,Ranchi,2024-12-23
147,Lakshmi Kumar,lakshmi.kumar9018@hotmail.com,Nashik,2024-07-18
148,Jyoti Iyer,jyoti.iyer4119@yahoo.com,Ahmedabad,2023-01-30
149,Kiran Chawla,kiran.chawla8780@ymail.com,Kanpur,2023-01-28
150,Harish Sinha,harish.sinha7934@hotmail.com,Chandigarh,2024-12-10
151,Reena Gupta,reena.gupta1648@yahoo.com,Patna,2023-04-11
152,Lata Desai,lata.desai4953@gmail.com,Guwahati,2024-12-29
153,Ashok Goyal,ashok.goyal746@gmail.com,Ranchi,2023-08-22
154,Shanti Chopra,shanti.chopra8043@gmail.com,Mumbai,2023-08-06
155,Nisha Mishra,nisha.mishra7217@hotmail.com,Kanpur,2022-04-16
156,Jatin Chakraborty,jatin.chakraborty7828@gmail.com,Chennai,2024-03-31
157,Nitika Bhatia,nitika.bhatia9454@ymail.com,Raipur,2022-04-20
158,Chandra Choudhary,chandra.choudhary9222@hotmail.com,Kolkata,2023-05-24
159,Ashish Nanda,ashish.nanda6819@rediffmail.com,Jabalpur,2023-04-08
160,Sonu Nair,sonu.nair6233@outlook.com,Varanasi,2023-09-01
161,Vikas Patel,vikas.patel7026@hotmail.com,Howrah,2022-05-04
162,Rohan Sinha,rohan.sinha1626@yahoo.com,Vijayawada,2023-03-09
163,Jayesh Saxena,jayesh.saxena1331@yahoo.com,Bhopal,2022-12-22
164,Rahul Bhatia,rahul.bhatia2565@gmail.com,Kalyan-Dombivali,2024-07-11
165,Shailesh Pathak,shailesh.pathak7700@hotmail.com,Bengaluru,2023-04-20
166,Kajal Shukla,kajal.shukla4633@ymail.com,Srinagar,2022-05-26
167,Seema Dutta,seema.dutta4335@ymail.com,Coimbatore,2023-02-10
168,Mohan Chawla,mohan.chawla8923@yahoo.com,Jodhpur,2022-11-02
169,Yogesh Goyal,yogesh.goyal2331@gmail.com,Hyderabad,2022-12-06
170,Sunil Iyer,sunil.iyer9750@ymail.com,Howrah,2023-08-15
171,Neeraj Chawla,neeraj.chawla7680@ymail.com,Vadodara,2024-04-04
172,Jyoti Murthy,jyoti.murthy8848@outlook.com,Varanasi,2022-06-14
173,Reena Arora,reena.arora7079@ymail.com,Ludhiana,2023-05-28
174,Akash Bhatt,akash.bhatt3751@ymail.com,Howrah,2022-02-12
175,Sonal Shah,sonal.shah4416@rediffmail.com,Bengaluru,2022-12-25
176,Nisha Nair,nisha.nair7246@hotmail.com,Kanpur,2024-06-11
177,Sahil Verma,sahil.verma8057@gmail.com,Aurangabad,2023-12-14
178,Megha Jha,megha.jha5261@ymail.com,Pune,2022-11-26
179,Krishna Kulkarni,krishna.kulkarni8118@hotmail.com,Madurai,2024-03-31
180,Swati Srivastava,swati.srivastava9013@gmail.com,Srinagar,2022-06-30
181,Kiran Ghosh,kiran.ghosh5297@gmail.com,Bareilly,2024-04-07
182,Vikas Murthy,vikas.murthy19@ymail.com,Allahabad,2024-08-04
183,Megha Bansal,megha.bansal3074@rediffmail.com,Faridabad,2024-10-17
184,Sachin Malhotra,sachin.malhotra846@yahoo.com,Pimpri-Chinchwad,2022-09-26
185,Ritu Gupta,ritu.gupta7179@ymail.com,Dhanbad,2022-09-06
186,Akash Rao,akash.rao9976@yahoo.com,Guwahati,2022-11-21
187,Kedar Nanda,kedar.nanda225@rediffmail.com,Kalyan-Dombivali,2022-07-10
188,Heena Yadav,heena.yadav1859@outlook.com,Ahmedabad,2022-11-12
189,Om Banerjee,om.banerjee4782@rediffmail.com,Guwahati,2023-07-14
190,Mihir Yadav,mihir.yadav7906@outlook.com,Bhopal,2024-07-24
191,Rahul Choudhary,rahul.choudhary6285@yahoo.com,Jabalpur,2024-11-06
192,Simran Mukherjee,simran.mukherjee2237@gmail.com,Pimpri-Chinchwad,2024-04-29
193,Kunal Banerjee,kunal.banerjee8319@hotmail.com,Mumbai,2023-08-03
194,Shiv Iyer,shiv.iyer9617@rediffmail.com,Madurai,2024-09-29
195,Vikas Choudhary,vikas.choudhary7317@rediffmail.com,Aurangabad,2023-12-08
196,Krishna Nanda,krishna.nanda8904@outlook.com,Srinagar,2023-10-22
197,Vikram Deshpande,vikram.deshpande3913@rediffmail.com,Meerut,2023-04-24
198,Varun Tiwari,varun.tiwari6731@gmail.com,Ludhiana,2024-08-26
199,Shikha Chatterjee,shikha.chatterjee6247@outlook.com,Madurai,2022-11-08
200,Om Arora,om.arora2069@rediffmail.com,Coimbatore,2023-11-11
201,Vikram Chauhan,vikram.chauhan7214@gmail.com,Navi Mumbai,2024-07-24
202,Aditya Singh,aditya.singh2362@outlook.com,Jodhpur,2022-11-13
203,Ankita Mishra,ankita.mishra4343@hotmail.com,Gwalior,2024-03-25
204,Sanjay Bhatt,sanjay.bhatt5384@ymail.com,Allahabad,2024-02-18
205,Kiran Rao,kiran.rao7995@rediffmail.com,Bengaluru,2022-05-21
206,Ishaan Rao,ishaan.rao4709@yahoo.com,Solapur,2022-07-05
207,Mukesh Chauhan,mukesh.chauhan1647@outlook.com,Lucknow,2023-09-06
208,Yash Ahuja,yash.ahuja754@hotmail.com,Hyderabad,2023-08-24
209,Lalit Kapoor,lalit.kapoor7057@yahoo.com,Bhopal,2024-12-23
210,Megha Pande,megha.pande2951@yahoo.com,Kanpur,2022-06-11
211,Rohan Chakraborty,rohan.chakraborty6268@rediffmail.com,Raipur,2023-05-09
212,Om Chatterjee,om.chatterjee9555@yahoo.com,Thane,2024-08-02
213,Sahil Ghosh,sahil.ghosh7530@hotmail.com,Madurai,2022-01-20
214,Yash Varma,yash.varma7623@hotmail.com,Raipur,2022-11-20
215,Ankita Malhotra,ankita.malhotra5662@rediffmail.com,Vadodara,2024-05-18
216,Shailesh Ghosh,shailesh.ghosh7485@hotmail.com,Nagpur,2024-02-27
217,Varun Mishra,varun.mishra1748@yahoo.com,Meerut,2024-01-06
218,Ram Gupta,ram.gupta4838@gmail.com,Madurai,2024-03-21
219,Kabir Agarwal,kabir.agarwal9273@ymail.com,Bareilly,2022-04-11
220,Yogesh Pathak,yogesh.pathak8139@hotmail.com,Bareilly,2023-04-17
221,Ritesh Varma,ritesh.varma5773@yahoo.com,Vijayawada,2023-01-25
222,Rohini Ghosh,rohini.ghosh2241@ymail.com,Pune,2022-03-22
223,Kedar Trivedi,kedar.trivedi7223@gmail.com,Coimbatore,2024-01-18
224,Shruti Chopra,shruti.chopra1477@hotmail.com,Ludhiana,2024-04-30
225,Dev Deshpande,dev.deshpande2166@rediffmail.com,Faridabad,2024-12-23
226,Paras Chatterjee,paras.chatterjee4466@yahoo.com,Visakhapatnam,2024-09-13
227,Suresh Gupta,suresh.gupta5550@gmail.com,Srinagar,2022-06-04
228,Bhaskar Srivastava,bhaskar.srivastava3697@ymail.com,Chandigarh,2024-03-24
229,Uma Varma,uma.varma9132@hotmail.com,Kolkata,2024-03-19
230,Aditya Ghosh,aditya.ghosh8792@gmail.com,Srinagar,2024-01-25
231,Sapna Sinha,sapna.sinha4296@rediffmail.com,Meerut,2024-01-31
232,Aryan Shah,aryan.shah3831@outlook.com,Delhi,2023-11-03
233,Zara Pillai,zara.pillai3627@ymail.com,Chennai,2024-08-08
234,Yogesh Sharma,yogesh.sharma4952@ymail.com,Kalyan-Dombivali,2022-08-27
235,Ayesha Arora,ayesha.arora610@hotmail.com,Dhanbad,2022-08-26
236,Arjun Garg,arjun.garg8808@yahoo.com,Meerut,2024-07-18
237,Lokesh Saxena,lokesh.saxena8851@outlook.com,Coimbatore,2022-11-13
238,Vinod Kulkarni,vinod.kulkarni1623@outlook.com,Gwalior,2024-04-15
239,Kabir Arora,kabir.arora6071@yahoo.com,Varanasi,2024-06-29
240,Ishaan Bose,ishaan.bose5943@gmail.com,Raipur,2024-01-23
241,Priya Sengupta,priya.sengupta5877@gmail.com,Rajkot,2023-07-20
242,Gaurav Chawla,gaurav.chawla7451@gmail.com,Madurai,2023-03-11
243,Sandeep Rao,sandeep.rao9784@gmail.com,Hyderabad,2023-11-15
244,Isha Chopra,isha.chopra9251@yahoo.com,Chennai,2023-03-01
245,Ravi Dubey,ravi.dubey3818@hotmail.com,Bareilly,2022-10-30
246,Sudhir Sengupta,sudhir.sengupta9765@gmail.com,Pimpri-Chinchwad,2022-10-24
247,Ashok Naik,ashok.naik4107@yahoo.com,Ahmedabad,2022-02-22
248,Ashok Agarwal,ashok.agarwal5870@yahoo.com,Coimbatore,2023-10-26
249,Ajay Desai,ajay.desai4348@gmail.com,Jaipur,2024-05-12
250,Pooja Chawla,pooja.chawla1042@outlook.com,Varanasi,2024-01-12
251,Parul Patel,parul.patel1787@outlook.com,Amritsar,2023-03-30
252,Rohan Arora,rohan.arora8544@hotmail.com,Srinagar,2022-03-05
253,Anil Mishra,anil.mishra6581@outlook.com,Raipur,2022-08-10
254,Nitika Shukla,nitika.shukla7268@gmail.com,Kolkata,2023-10-22
255,Ritesh Choudhary,ritesh.choudhary1077@yahoo.com,Pimpri-Chinchwad,2023-10-28
256,Madhav Pathak,madhav.pathak8693@hotmail.com,Srinagar,2024-11-01
257,Ritesh Kumar,ritesh.kumar1625@ymail.com,Ahmedabad,2023-03-17
258,Mukesh Malhotra,mukesh.malhotra3744@outlook.com,Agra,2024-07-17
259,Meena Kulkarni,meena.kulkarni1558@hotmail.com,Vasai-Virar,2023-10-03
260,Santosh Ghosh,santosh.ghosh6133@yahoo.com,Raipur,2024-08-29
261,Anjali Bhatt,anjali.bhatt1399@gmail.com,Vasai-Virar,2022-07-17
262,Simran Sinha,simran.sinha6106@yahoo.com,Ranchi,2022-05-03
263,Ravi Nanda,ravi.nanda9203@hotmail.com,Madurai,2022-09-08
264,Megha Joshi,megha.joshi6930@ymail.com,Hyderabad,2023-08-13
265,Reena Iyer,reena.iyer5762@gmail.com,Howrah,2024-11-05
266,Harish Choudhary,harish.choudhary7901@yahoo.com,Pune,2023-12-19
267,Uma Nanda,uma.nanda6023@gmail.com,Hubli,2023-07-25
268,Ram Dutta,ram.dutta7031@rediffmail.com,Bareilly,2022-02-23
269,Ritesh Banerjee,ritesh.banerjee4382@gmail.com,Kanpur,2023-07-14
270,Shanti Srivastava,shanti.srivastava5063@hotmail.com,Nashik,2022-01-13
271,Divya Chakraborty,divya.chakraborty2348@rediffmail.com,Madurai,2024-03-31
272,Anjali Choudhary,anjali.choudhary503@gmail.com,Solapur,2024-12-22
273,Harish Kaur,harish.kaur6879@outlook.com,Agra,2022-11-19
274,Lokesh Iyer,lokesh.iyer5315@rediffmail.com,Jabalpur,2022-06-23
275,Vinod Bansal,vinod.bansal2550@yahoo.com,Hubli,2022-04-12
276,Sapna Bhatt,sapna.bhatt4459@outlook.com,Madurai,2024-05-18
277,Nitika Pathak,nitika.pathak7243@outlook.com,Pimpri-Chinchwad,2023-03-18
278,Sneha Murthy,sneha.murthy1865@hotmail.com,Vasai-Virar,2022-08-16
279,Kajal Shah,kajal.shah9718@outlook.com,Navi Mumbai,2023-09-24
280,Amitabh Dutta,amitabh.dutta6476@rediffmail.com,Hyderabad,2022-01-16
281,Girish Iyer,girish.iyer3461@yahoo.com,Hubli,2023-06-08
282,Karan Jain,karan.jain1966@gmail.com,Dhanbad,2024-05-31
283,Dev Chopra,dev.chopra6230@rediffmail.com,Guwahati,2023-04-17
284,Paras Nanda,paras.nanda5803@gmail.com,Rajkot,2022-03-28
285,Mukesh Ahuja,mukesh.ahuja7533@gmail.com,Ludhiana,2024-05-29
286,Ram Khanna,ram.khanna6844@hotmail.com,Ahmedabad,2024-04-09
287,Ajay Jain,ajay.jain2816@rediffmail.com,Srinagar,2024-01-12
288,Ansh Kumar,ansh.kumar1735@yahoo.com,Vasai-Virar,2024-03-31
289,Pooja Bhatt,pooja.bhatt6485@hotmail.com,Solapur,2023-11-27
290,Heena Jha,heena.jha2755@gmail.com,Amritsar,2022-08-22
291,Pooja Murthy,pooja.murthy3177@hotmail.com,Nashik,2022-10-30
292,Ishaan Chauhan,ishaan.chauhan2400@hotmail.com,Nagpur,2022-12-22
293,Ritesh Choudhary,ritesh.choudhary1235@yahoo.com,Bareilly,2024-10-08
294,Nilesh Srivastava,nilesh.srivastava9237@rediffmail.com,Varanasi,2023-10-24
295,Vikas Rao,vikas.rao5180@yahoo.com,Varanasi,2022-05-20
296,Nisha Malhotra,nisha.malhotra4962@hotmail.com,Coimbatore,2022-04-26
297,Lalit Murthy,lalit.murthy1216@hotmail.com,Srinagar,2024-07-14
298,Amit Bansal,amit.bansal6042@hotmail.com,Chennai,2022-07-04
299,Rohan Pathak,rohan.pathak8308@outlook.com,Srinagar,2022-03-26
300,Neha Chatterjee,neha.chatterjee9367@ymail.com,Nagpur,2023-10-21
301,Ritesh Mishra,ritesh.mishra8215@yahoo.com,Hyderabad,2024-07-11
302,Aryan Varma,aryan.varma5627@ymail.com,Kolkata,2024-10-30
303,Sandeep Desai,sandeep.desai642@yahoo.com,Guwahati,2024-06-15
304,Neeraj Nair,neeraj.nair8565@rediffmail.com,Lucknow,2024-01-16
305,Lokesh Chatterjee,lokesh.chatterjee4635@outlook.com,Kalyan-Dombivali,2023-11-24
306,Sapna Pathak,sapna.pathak858@ymail.com,Jodhpur,2023-11-17
307,Anjali Jha,anjali.jha1549@rediffmail.com,Raipur,2024-03-02
308,Kajal Ghosh,kajal.ghosh9875@yahoo.com,Agra,2022-06-16
309,Ramesh Saxena,ramesh.saxena2318@hotmail.com,Vadodara,2024-03-13
310,Ashok Pathak,ashok.pathak1389@hotmail.com,Ranchi,2024-02-11
311,Sandeep Trivedi,sandeep.trivedi5382@yahoo.com,Madurai,2024-12-14
312,Ansh Reddy,ansh.reddy6938@rediffmail.com,Faridabad,2022-02-07
313,Lata Iyer,lata.iyer2954@yahoo.com,Agra,2024-09-22
314,Gaurav Dutta,gaurav.dutta2254@yahoo.com,Chennai,2023-08-29
315,Uma Trivedi,uma.trivedi1658@rediffmail.com,Bareilly,2024-12-14
316,Amit Saxena,amit.saxena5518@rediffmail.com,Jaipur,2024-02-11
317,Chandra Das,chandra.das2963@ymail.com,Bareilly,2022-12-06
318,Shiv Malhotra,shiv.malhotra716@outlook.com,Faridabad,2023-05-02
319,Neeraj Pillai,neeraj.pillai4669@ymail.com,Varanasi,2023-04-25
320,Pradeep Garg,pradeep.garg5071@outlook.com,Nagpur,2024-01-24
321,Sapna Pande,sapna.pande7219@outlook.com,Bareilly,2023-08-01
322,Sonu Kaur,sonu.kaur8240@rediffmail.com,Kalyan-Dombivali,2022-11-28
323,Swati Deshpande,swati.deshpande9907@yahoo.com,Visakhapatnam,2022-04-17
324,Sandeep Mishra,sandeep.mishra6082@rediffmail.com,Pune,2024-11-22
325,Uma Chawla,uma.chawla4671@gmail.com,Hubli,2022-11-25
326,Jyoti Malhotra,jyoti.malhotra8411@yahoo.com,Vasai-Virar,2022-07-07
327,Yogesh Dutta,yogesh.dutta7392@hotmail.com,Delhi,2024-04-29
328,Ananya Khanna,ananya.khanna8225@hotmail.com,Bhopal,2024-03-01
329,Ankit Kapoor,ankit.kapoor3679@gmail.com,Ludhiana,2022-07-22
330,Uday Shukla,uday.shukla5494@yahoo.com,Jaipur,2022-03-20
331,Kajal Chatterjee,kajal.chatterjee7741@ymail.com,Jaipur,2024-08-18
332,Neha Pillai,neha.pillai87@gmail.com,Delhi,2023-06-09
333,Harish Yadav,harish.yadav2450@rediffmail.com,Chandigarh,2024-12-16
334,Mohan Chawla,mohan.chawla4721@yahoo.com,Vadodara,2022-09-07
335,Ananya Garg,ananya.garg6879@ymail.com,Gwalior,2024-07-25
336,Anjali Chawla,anjali.chawla8190@rediffmail.com,Allahabad,2022-02-03
337,Sachin Murthy,sachin.murthy9422@yahoo.com,Guwahati,2022-10-22
338,Karan Kumar,karan.kumar26@rediffmail.com,Nashik,2023-05-08
339,Ram Kulkarni,ram.kulkarni3069@ymail.com,Madurai,2022-06-25
340,Pooja Kapoor,pooja.kapoor1109@rediffmail.com,Allahabad,2024-11-05
341,Sudhir Murthy,sudhir.murthy9080@gmail.com,Meerut,2024-08-20
342,Amitabh Rao,amitabh.rao6339@hotmail.com,Visakhapatnam,2022-02-03
343,Lalit Trivedi,lalit.trivedi1107@hotmail.com,Bhopal,2022-08-01
344,Sonali Patel,sonali.patel5448@yahoo.com,Bengaluru,2023-12-23
345,Priya Jha,priya.jha2869@ymail.com,Srinagar,2024-09-07
346,Sachin Desai,sachin.desai2210@gmail.com,Guwahati,2024-07-26
347,Amit Gupta,amit.gupta3303@gmail.com,Nagpur,2022-03-27
348,Kiran Banerjee,kiran.banerjee5081@rediffmail.com,Rajkot,2024-08-27
349,Jatin Arora,jatin.arora3132@hotmail.com,Nashik,2022-04-08
350,Vikas Reddy,vikas.reddy5439@hotmail.com,Ahmedabad,2024-01-24
351,Mukesh Mukherjee,mukesh.mukherjee6554@ymail.com,Varanasi,2024-03-02
352,Kunal Desai,kunal.desai8130@ymail.com,Dhanbad,2024-01-23
353,Ritu Varma,ritu.varma8508@hotmail.com,Kolkata,2024-05-19
354,Ankit Kumar,ankit.kumar9871@yahoo.com,Allahabad,2023-08-25
355,Komal Chauhan,komal.chauhan1312@hotmail.com,Madurai,2023-08-29
356,Kedar Malhotra,kedar.malhotra9874@ymail.com,Vasai-Virar,2022-12-08
357,Shailesh Malhotra,shailesh.malhotra5760@outlook.com,Bengaluru,2023-12-24
358,Rohan Kumar,rohan.kumar4499@ymail.com,Hyderabad,2022-06-03
359,Santosh Rao,santosh.rao6656@hotmail.com,Amritsar,2022-11-24
360,Akash Choudhary,akash.choudhary9955@ymail.com,Varanasi,2022-03-13
361,Ashok Bhatia,ashok.bhatia3867@ymail.com,Faridabad,2024-01-12
362,Mahesh Pande,mahesh.pande531@rediffmail.com,Surat,2024-07-10
363,Lokesh Kapoor,lokesh.kapoor7274@gmail.com,Howrah,2022-10-09
364,Pooja Kapoor,pooja.kapoor6522@hotmail.com,Jodhpur,2023-07-25
365,Isha Chawla,isha.chawla425@ymail.com,Kanpur,2024-10-19
366,Pavan Kaur,pavan.kaur9203@gmail.com,Visakhapatnam,2023-06-18
367,Shikha Malhotra,shikha.malhotra3516@rediffmail.com,Patna,2024-10-02
368,Geeta Chawla,geeta.chawla2224@gmail.com,Varanasi,2022-12-20
369,Yash Shukla,yash.shukla7293@gmail.com,Raipur,2023-10-17
370,Santosh Joshi,santosh.joshi1064@rediffmail.com,Allahabad,2023-08-18
371,Vivek Iyer,vivek.iyer2581@ymail.com,Guwahati,2022-12-23
372,Sunil Kapoor,sunil.kapoor8336@yahoo.com,Ahmedabad,2023-02-16
373,Sunil Chopra,sunil.chopra3879@outlook.com,Delhi,2024-01-10
374,Rahul Pande,rahul.pande6045@outlook.com,Ranchi,2022-09-23
375,Rohan Mukherjee,rohan.mukherjee1413@gmail.com,Vadodara,2024-03-26
376,Shilpa Singh,shilpa.singh7843@rediffmail.com,Kalyan-Dombivali,2024-04-18
377,Tanvi Pande,tanvi.pande1209@yahoo.com,Ludhiana,2022-06-01
378,Neha Mehta,neha.mehta8477@hotmail.com,Jaipur,2023-01-08
379,Sonali Chopra,sonali.chopra7089@rediffmail.com,Hyderabad,2022-09-12
380,Pavan Choudhary,pavan.choudhary4983@yahoo.com,Lucknow,2023-10-23
381,Anand Shukla,anand.shukla3695@hotmail.com,Navi Mumbai,2023-08-05
382,Uma Bhatt,uma.bhatt4106@yahoo.com,Vijayawada,2023-07-17
383,Ashok Rao,ashok.rao4962@rediffmail.com,Allahabad,2022-07-11
384,Paras Reddy,paras.reddy2763@rediffmail.com,Coimbatore,2022-11-12
385,Deepika Saxena,deepika.saxena9915@hotmail.com,Howrah,2022-03-26
386,Tanvi Chakraborty,tanvi.chakraborty465@gmail.com,Bengaluru,2023-06-27
387,Sanjay Dubey,sanjay.dubey9374@outlook.com,Gwalior,2022-03-04
388,Om Mukherjee,om.mukherjee8939@hotmail.com,Jodhpur,2023-09-11
389,Nitesh Garg,nitesh.garg6654@hotmail.com,Srinagar,2022-05-30
390,Shailesh Bansal,shailesh.bansal2590@outlook.com,Kalyan-Dombivali,2024-09-18
391,Nilesh Dubey,nilesh.dubey5574@rediffmail.com,Surat,2023-10-03
392,Vikas Shukla,vikas.shukla5232@ymail.com,Nashik,2024-03-27
393,Ashok Srivastava,ashok.srivastava6071@rediffmail.com,Ranchi,2022-08-06
394,Kiran Garg,kiran.garg7643@gmail.com,Pimpri-Chinchwad,2024-07-09
395,Isha Choudhary,isha.choudhary1587@gmail.com,Patna,2024-02-26
396,Vikas Pillai,vikas.pillai6851@yahoo.com,Lucknow,2023-11-02
397,Anand Pande,anand.pande5124@yahoo.com,Hubli,2022-11-23
398,Om Murthy,om.murthy7649@outlook.com,Vadodara,2024-10-15
399,Ajay Bhatt,ajay.bhatt6443@rediffmail.com,Srinagar,2023-05-09
400,Harish Patel,harish.patel5782@gmail.com,Hyderabad,2023-07-31
401,Om Pathak,om.pathak7711@hotmail.com,Allahabad,2022-01-17
402,Uma Chauhan,uma.chauhan7061@yahoo.com,Visakhapatnam,2024-01-20
403,Sonal Khanna,sonal.khanna5996@gmail.com,Rajkot,2022-04-15
404,Rakesh Nanda,rakesh.nanda3190@hotmail.com,Ranchi,2023-08-15
405,Ankita Kaur,ankita.kaur8262@outlook.com,Hubli,2023-07-27
406,Tanvi Pillai,tanvi.pillai1947@yahoo.com,Pune,2024-03-17
407,Lokesh Trivedi,lokesh.trivedi5556@rediffmail.com,Faridabad,2022-10-23
408,Geeta Pathak,geeta.pathak8342@outlook.com,Amritsar,2022-03-24
409,Amitabh Arora,amitabh.arora2246@ymail.com,Agra,2024-08-28
410,Pavan Mehta,pavan.mehta2441@rediffmail.com,Amritsar,2022-10-14
411,Komal Banerjee,komal.banerjee5219@yahoo.com,Rajkot,2023-09-05
412,Ravi Jha,ravi.jha8312@rediffmail.com,Allahabad,2024-09-30
413,Shikha Pande,shikha.pande4912@outlook.com,Delhi,2024-01-25
414,Krishna Shah,krishna.shah1796@outlook.com,Coimbatore,2023-09-23
415,Sunil Sengupta,sunil.sengupta437@rediffmail.com,Aurangabad,2023-06-28
416,Sanjay Trivedi,sanjay.trivedi9478@rediffmail.com,Thane,2022-04-16
417,Ramesh Mishra,ramesh.mishra2794@rediffmail.com,Vijayawada,2024-02-18
418,Bhaskar Verma,bhaskar.verma3969@gmail.com,Howrah,2022-08-14
419,Gaurav Ahuja,gaurav.ahuja7226@hotmail.com,Kalyan-Dombivali,2022-11-07
420,Megha Sharma,megha.sharma3341@outlook.com,Amritsar,2024-08-23
421,Vikram Bose,vikram.bose1021@ymail.com,Jaipur,2024-11-28
422,Girish Nanda,girish.nanda5326@ymail.com,Aurangabad,2024-12-12
423,Madhav Jain,madhav.jain2838@outlook.com,Allahabad,2023-12-03
424,Priya Joshi,priya.joshi4332@rediffmail.com,Aurangabad,2023-01-29
425,Isha Goyal,isha.goyal9144@hotmail.com,Thane,2023-09-02
426,Sonali Gupta,sonali.gupta3397@ymail.com,Guwahati,2024-09-28
427,Kiran Mishra,kiran.mishra5715@rediffmail.com,Chandigarh,2023-07-15
428,Kajal Chawla,kajal.chawla9396@ymail.com,Allahabad,2024-02-17
429,Vivek Khanna,vivek.khanna5655@yahoo.com,Patna,2022-03-28
430,Kajal Shukla,kajal.shukla1295@hotmail.com,Varanasi,2023-06-10
431,Simran Mishra,simran.mishra3506@yahoo.com,Allahabad,2023-07-10
432,Anand Nanda,anand.nanda4451@yahoo.com,Pune,2023-05-06
433,Isha Bansal,isha.bansal8701@yahoo.com,Vijayawada,2023-04-22
434,Ananya Chauhan,ananya.chauhan6772@hotmail.com,Guwahati,2024-08-25
435,Arjun Shah,arjun.shah2253@gmail.com,Ranchi,2022-11-20
436,Megha Reddy,megha.reddy7794@outlook.com,Jodhpur,2023-02-13
437,Sneha Gupta,sneha.gupta5263@hotmail.com,Jodhpur,2022-05-02
438,Yogesh Tiwari,yogesh.tiwari1466@ymail.com,Howrah,2023-04-21
439,Pradeep Sinha,pradeep.sinha612@yahoo.com,Kalyan-Dombivali,2022-12-27
440,Anand Chatterjee,anand.chatterjee596@outlook.com,Dhanbad,2023-01-17
441,Anand Sinha,anand.sinha4743@gmail.com,Mumbai,2023-09-04
442,Rakesh Pathak,rakesh.pathak1759@hotmail.com,Patna,2024-07-19
443,Sandeep Naik,sandeep.naik8591@outlook.com,Jaipur,2024-10-29
444,Nilesh Goyal,nilesh.goyal3160@gmail.com,Agra,2022-11-29
445,Shruti Mehta,shruti.mehta4216@ymail.com,Kanpur,2022-01-29
446,Shyam Jha,shyam.jha4834@rediffmail.com,Raipur,2023-01-31
447,Dev Pillai,dev.pillai6644@outlook.com,Amritsar,2023-11-03
448,Ansh Khanna,ansh.khanna1563@yahoo.com,Jaipur,2024-09-04
449,Komal Banerjee,komal.banerjee4065@gmail.com,Visakhapatnam,2024-02-25
450,Ishaan Malhotra,ishaan.malhotra4375@hotmail.com,Vadodara,2022-01-24
451,Jayesh Reddy,jayesh.reddy5891@ymail.com,Bhopal,2022-05-08
452,Santosh Chawla,santosh.chawla7626@hotmail.com,Lucknow,2024-04-10
453,Seema Murthy,seema.murthy5096@ymail.com,Ahmedabad,2023-08-28
454,Lokesh Pillai,lokesh.pillai3619@yahoo.com,Jaipur,2024-09-06
455,Chandra Mehta,chandra.mehta9925@hotmail.com,Kalyan-Dombivali,2024-08-22
456,Sneha Naik,sneha.naik3579@yahoo.com,Raipur,2022-06-17
457,Pooja Malhotra,pooja.malhotra8654@ymail.com,Faridabad,2022-06-09
458,Zara Pande,zara.pande1839@gmail.com,Ranchi,2024-11-01
459,Geeta Pande,geeta.pande8793@yahoo.com,Lucknow,2023-11-03
460,Varun Nair,varun.nair7240@gmail.com,Raipur,2023-02-25
461,Shilpa Patel,shilpa.patel8009@gmail.com,Amritsar,2024-07-01
462,Suresh Bansal,suresh.bansal7430@yahoo.com,Amritsar,2024-04-30
463,Nikhil Pande,nikhil.pande946@rediffmail.com,Srinagar,2023-09-24
464,Shiv Ahuja,shiv.ahuja6488@hotmail.com,Mumbai,2023-03-23
465,Ramesh Bhatia,ramesh.bhatia743@outlook.com,Nashik,2022-05-11
466,Priya Bansal,priya.bansal1131@outlook.com,Bengaluru,2023-08-11
467,Megha Desai,megha.desai2219@ymail.com,Chandigarh,2024-05-10
468,Lokesh Sengupta,lokesh.sengupta6267@outlook.com,Meerut,2024-02-09
469,Ankit Shah,ankit.shah8836@yahoo.com,Jodhpur,2023-12-14
470,Ashish Desai,ashish.desai8803@outlook.com,Navi Mumbai,2022-09-18
471,Shruti Dutta,shruti.dutta57@gmail.com,Vadodara,2024-08-06
472,Sapna Singh,sapna.singh8921@outlook.com,Allahabad,2024-02-16
473,Tanvi Dutta,tanvi.dutta4056@outlook.com,Nashik,2022-11-14
474,Kabir Deshpande,kabir.deshpande1849@gmail.com,Madurai,2024-05-08
475,Rohan Tiwari,rohan.tiwari257@yahoo.com,Indore,2022-05-18
476,Arjun Pathak,arjun.pathak551@outlook.com,Jabalpur,2022-04-10
477,Isha Sinha,isha.sinha725@outlook.com,Varanasi,2023-04-25
478,Priya Dubey,priya.dubey925@yahoo.com,Amritsar,2023-08-16
479,Hemant Verma,hemant.verma9439@hotmail.com,Howrah,2023-10-19
480,Ishaan Iyer,ishaan.iyer2348@ymail.com,Navi Mumbai,2023-03-29
481,Megha Iyer,megha.iyer4509@gmail.com,Ranchi,2022-12-25
482,Sachin Shah,sachin.shah7000@rediffmail.com,Dhanbad,2022-04-07
483,Lakshmi Reddy,lakshmi.reddy6245@rediffmail.com,Ludhiana,2024-05-02
484,Megha Choudhary,megha.choudhary4914@outlook.com,Kanpur,2024-08-27
485,Ishaan Bose,ishaan.bose3693@hotmail.com,Guwahati,2022-10-23
486,Suresh Mehta,suresh.mehta945@rediffmail.com,Kalyan-Dombivali,2024-05-03
487,Rajesh Nair,rajesh.nair2197@outlook.com,Bhopal,2023-06-07
488,Girish Jha,girish.jha1296@outlook.com,Faridabad,2022-07-09
489,Pradeep Singh,pradeep.singh3121@gmail.com,Pimpri-Chinchwad,2024-02-12
490,Sapna Pathak,sapna.pathak9879@gmail.com,Chennai,2023-01-21
491,Sunita Srivastava,sunita.srivastava9627@ymail.com,Madurai,2023-03-21
492,Nitesh Dubey,nitesh.dubey5456@hotmail.com,Mumbai,2023-03-10
493,Anand Deshpande,anand.deshpande1923@ymail.com,Hubli,2024-09-07
494,Zara Garg,zara.garg9903@ymail.com,Indore,2024-03-23
495,Zara Garg,zara.garg9046@hotmail.com,Bareilly,2023-08-03
496,Madhav Mehta,madhav.mehta8744@ymail.com,Nashik,2023-09-24
497,Jayesh Kapoor,jayesh.kapoor8402@outlook.com,Srinagar,2022-07-21
498,Sunita Singh,sunita.singh7693@hotmail.com,Indore,2024-01-30
499,Kiran Kulkarni,kiran.kulkarni750@rediffmail.com,Thane,2022-10-26
500,Ajay Ghosh,ajay.ghosh9066@rediffmail.com,Coimbatore,2024-05-05
501,Karan Choudhary,karan.choudhary3215@hotmail.com,Thane,2024-02-17
502,Rakesh Yadav,rakesh.yadav4027@outlook.com,Ranchi,2023-11-23
503,Jatin Srivastava,jatin.srivastava8006@ymail.com,Jodhpur,2024-10-01
504,Nikhil Das,nikhil.das5771@yahoo.com,Jaipur,2024-09-27
505,Divya Chatterjee,divya.chatterjee8883@ymail.com,Hyderabad,2024-12-09
506,Amit Yadav,amit.yadav1218@ymail.com,Hyderabad,2022-01-14
507,Megha Chopra,megha.chopra3792@gmail.com,Guwahati,2022-11-06
508,Aditya Dubey,aditya.dubey8286@outlook.com,Faridabad,2022-05-04
509,Rohini Rao,rohini.rao7917@ymail.com,Dhanbad,2022-02-02
510,Aarav Naik,aarav.naik9039@outlook.com,Mumbai,2022-02-04
511,Pooja Singh,pooja.singh4502@rediffmail.com,Patna,2022-02-05
512,Paras Verma,paras.verma7055@yahoo.com,Pune,2022-07-17
513,Pooja Choudhary,pooja.choudhary3949@yahoo.com,Gwalior,2024-12-14
514,Jatin Verma,jatin.verma5808@hotmail.com,Rajkot,2022-06-11
515,Lokesh Khanna,lokesh.khanna7521@rediffmail.com,Bhopal,2023-04-08
516,Kavita Shah,kavita.shah1321@ymail.com,Jodhpur,2022-03-06
517,Ansh Khanna,ansh.khanna6214@outlook.com,Ranchi,2024-09-01
518,Anil Rao,anil.rao155@ymail.com,Lucknow,2022-06-19
519,Om Bose,om.bose7110@ymail.com,Agra,2022-07-15
520,Vivek Nair,vivek.nair698@yahoo.com,Indore,2024-08-31
521,Jyoti Arora,jyoti.arora1219@ymail.com,Pimpri-Chinchwad,2022-03-09
522,Dev Banerjee,dev.banerjee5153@gmail.com,Indore,2022-10-23
523,Sneha Verma,sneha.verma6526@gmail.com,Vadodara,2022-11-29
524,Rakesh Garg,rakesh.garg9285@outlook.com,Raipur,2023-11-11
525,Mahesh Srivastava,mahesh.srivastava2293@ymail.com,Chandigarh,2022-06-10
526,Paras Sinha,paras.sinha5667@gmail.com,Pune,2024-06-14
527,Hemant Yadav,hemant.yadav1246@hotmail.com,Jabalpur,2024-03-23
528,Sonu Jain,sonu.jain486@ymail.com,Pimpri-Chinchwad,2024-07-11
529,Nitika Dutta,nitika.dutta5830@rediffmail.com,Meerut,2024-06-03
530,Divya Shah,divya.shah9599@ymail.com,Meerut,2022-06-25
531,Sonali Pillai,sonali.pillai4840@yahoo.com,Guwahati,2022-05-31
532,Ankit Goyal,ankit.goyal2527@outlook.com,Guwahati,2022-11-12
533,Shyam Kaur,shyam.kaur5189@hotmail.com,Pune,2022-07-07
534,Aarav Iyer,aarav.iyer7287@hotmail.com,Hubli,2023-07-07
535,Aryan Chopra,aryan.chopra1431@yahoo.com,Vasai-Virar,2024-07-08
536,Rajesh Nanda,rajesh.nanda8396@outlook.com,Pune,2022-02-23
537,Ansh Joshi,ansh.joshi9081@gmail.com,Jabalpur,2023-10-27
538,Vikas Kaur,vikas.kaur203@hotmail.com,Kalyan-Dombivali,2024-03-05
539,Sonu Bhatt,sonu.bhatt9168@yahoo.com,Howrah,2024-12-03
540,Deepika Shah,deepika.shah6238@yahoo.com,Jaipur,2023-07-05
541,Kavita Goyal,kavita.goyal8080@yahoo.com,Chennai,2022-12-09
542,Mukesh Goyal,mukesh.goyal6900@hotmail.com,Aurangabad,2022-06-07
543,Lata Ghosh,lata.ghosh4041@ymail.com,Vijayawada,2024-10-12
544,Reena Pillai,reena.pillai3204@outlook.com,Pune,2022-10-05
545,Kavita Agarwal,kavita.agarwal6484@hotmail.com,Gwalior,2024-02-18
546,Sunita Chakraborty,sunita.chakraborty5400@outlook.com,Agra,2024-05-31
547,Swati Verma,swati.verma9739@yahoo.com,Vadodara,2023-10-19
548,Ritesh Sharma,ritesh.sharma3291@outlook.com,Ludhiana,2022-12-30
549,Manish Jain,manish.jain4776@ymail.com,Kota,2024-10-02
550,Ram Trivedi,ram.trivedi3972@hotmail.com,Meerut,2023-07-29
551,Swati Trivedi,swati.trivedi6438@hotmail.com,Ahmedabad,2023-02-14
552,Ravi Naik,ravi.naik2948@ymail.com,Bareilly,2022-02-25
553,Shruti Mehta,shruti.mehta3435@outlook.com,Patna,2022-05-22
554,Swati Bose,swati.bose6704@ymail.com,Dhanbad,2022-10-13
555,Sahil Iyer,sahil.iyer3966@hotmail.com,Madurai,2022-11-12
556,Shilpa Kumar,shilpa.kumar6177@gmail.com,Varanasi,2024-09-08
557,Ramesh Khanna,ramesh.khanna8756@rediffmail.com,Kota,2024-05-06
558,Priya Arora,priya.arora5891@ymail.com,Allahabad,2022-06-24
559,Aryan Tiwari,aryan.tiwari4068@ymail.com,Madurai,2023-12-29
560,Deepika Reddy,deepika.reddy726@rediffmail.com,Jodhpur,2024-03-29
561,Sneha Jha,sneha.jha7053@gmail.com,Mumbai,2022-07-21
562,Jayesh Dutta,jayesh.dutta8367@ymail.com,Navi Mumbai,2023-03-29
563,Neha Kapoor,neha.kapoor6409@outlook.com,Bareilly,2024-10-21
564,Chandra Joshi,chandra.joshi403@outlook.com,Pune,2023-08-29
565,Mihir Chatterjee,mihir.chatterjee1407@gmail.com,Chandigarh,2022-10-18
566,Lakshmi Iyer,lakshmi.iyer5621@outlook.com,Indore,2024-12-03
567,Nitesh Joshi,nitesh.joshi7802@gmail.com,Varanasi,2024-07-15
568,Kiran Bhatia,kiran.bhatia4920@gmail.com,Guwahati,2022-08-24
569,Ajay Bose,ajay.bose5621@ymail.com,Pune,2022-12-03
570,Anand Sinha,anand.sinha3997@rediffmail.com,Kanpur,2022-11-24
571,Krishna Nanda,krishna.nanda6986@outlook.com,Thane,2024-04-09
572,Sachin Desai,sachin.desai3054@ymail.com,Madurai,2024-06-04
573,Manish Ahuja,manish.ahuja3233@outlook.com,Coimbatore,2024-05-29
574,Mahesh Agarwal,mahesh.agarwal3520@yahoo.com,Pimpri-Chinchwad,2022-05-09
575,Ram Chauhan,ram.chauhan8797@yahoo.com,Faridabad,2023-10-30
576,Geeta Mehta,geeta.mehta1868@hotmail.com,Madurai,2024-09-29
577,Pooja Rao,pooja.rao5135@rediffmail.com,Meerut,2024-03-14
578,Ravi Chawla,ravi.chawla5701@hotmail.com,Srinagar,2022-12-20
579,Swati Shah,swati.shah4874@rediffmail.com,Coimbatore,2022-06-23
580,Sapna Chopra,sapna.chopra5132@gmail.com,Bhopal,2023-09-18
581,Asha Desai,asha.desai6117@ymail.com,Surat,2024-11-12
582,Mahesh Kulkarni,mahesh.kulkarni9772@yahoo.com,Howrah,2024-02-25
583,Mohan Desai,mohan.desai7974@ymail.com,Allahabad,2022-12-21
584,Rajesh Das,rajesh.das8023@hotmail.com,Jaipur,2023-01-19
585,Kiran Yadav,kiran.yadav7390@rediffmail.com,Hyderabad,2024-01-06
586,Aditya Modi,aditya.modi2237@yahoo.com,Meerut,2024-11-01
587,Sanjay Modi,sanjay.modi6704@ymail.com,Dhanbad,2024-05-01
588,Shikha Yadav,shikha.yadav7273@outlook.com,Lucknow,2022-06-19
589,Rakesh Ahuja,rakesh.ahuja3614@hotmail.com,Bengaluru,2023-07-17
590,Heena Naik,heena.naik4730@yahoo.com,Bareilly,2024-07-25
591,Rakesh Sinha,rakesh.sinha8116@rediffmail.com,Amritsar,2022-08-20
592,Ram Chawla,ram.chawla4390@rediffmail.com,Faridabad,2022-03-27
593,Sonal Singh,sonal.singh7232@rediffmail.com,Indore,2024-05-20
594,Aryan Sinha,aryan.sinha4056@hotmail.com,Bengaluru,2024-07-10
595,Jayesh Joshi,jayesh.joshi1426@outlook.com,Ahmedabad,2023-05-01
596,Girish Varma,girish.varma9633@ymail.com,Nashik,2024-05-26
597,Deepika Pillai,deepika.pillai2282@yahoo.com,Indore,2022-05-02
598,Rakesh Joshi,rakesh.joshi8721@hotmail.com,Jabalpur,2022-12-11
599,Komal Shukla,komal.shukla4795@hotmail.com,Howrah,2023-07-02
600,Varun Murthy,varun.murthy1561@yahoo.com,Hubli,2024-04-22
601,Zara Bansal,zara.bansal4544@ymail.com,Jaipur,2022-09-29
602,Isha Choudhary,isha.choudhary5278@yahoo.com,Hubli,2024-03-15
603,Nitika Choudhary,nitika.choudhary9461@ymail.com,Pimpri-Chinchwad,2024-04-28
604,Madhav Malhotra,madhav.malhotra1238@ymail.com,Bareilly,2022-07-10
605,Meena Murthy,meena.murthy4559@ymail.com,Faridabad,2024-07-20
606,Nitika Jain,nitika.jain9535@gmail.com,Bareilly,2022-07-10
607,Shruti Mehta,shruti.mehta5870@gmail.com,Allahabad,2024-03-25
608,Harish Kumar,harish.kumar3471@outlook.com,Pimpri-Chinchwad,2023-10-24
609,Tarun Gupta,tarun.gupta5534@rediffmail.com,Howrah,2022-09-25
610,Rakesh Bose,rakesh.bose7952@hotmail.com,Raipur,2022-04-10
611,Amitabh Chauhan,amitabh.chauhan7530@gmail.com,Ahmedabad,2022-11-20
612,Neeraj Mehta,neeraj.mehta12@outlook.com,Nagpur,2022-09-28
613,Vinay Reddy,vinay.reddy4946@yahoo.com,Pimpri-Chinchwad,2022-07-11
614,Sanjay Kapoor,sanjay.kapoor4103@gmail.com,Faridabad,2022-12-05
615,Ananya Khanna,ananya.khanna5006@ymail.com,Kota,2023-04-25
616,Mohan Reddy,mohan.reddy1495@ymail.com,Pune,2022-01-03
617,Harish Mishra,harish.mishra1277@yahoo.com,Coimbatore,2023-04-09
618,Pavan Shah,pavan.shah7292@gmail.com,Mumbai,2023-12-05
619,Swati Chawla,swati.chawla6920@ymail.com,Jaipur,2024-09-05
620,Ankita Dutta,ankita.dutta6277@gmail.com,Chandigarh,2022-07-29
621,Aryan Jain,aryan.jain6023@hotmail.com,Jaipur,2024-02-23
622,Sonu Verma,sonu.verma2182@ymail.com,Raipur,2022-10-20
623,Anjali Nair,anjali.nair9229@gmail.com,Gwalior,2022-12-03
624,Neeraj Joshi,neeraj.joshi3491@ymail.com,Solapur,2022-11-07
625,Zara Kulkarni,zara.kulkarni7249@yahoo.com,Kolkata,2022-07-25
626,Ayesha Srivastava,ayesha.srivastava2018@rediffmail.com,Chandigarh,2024-02-26
627,Lakshmi Kumar,lakshmi.kumar5153@yahoo.com,Bhopal,2023-07-22
628,Sandeep Bhatt,sandeep.bhatt4066@rediffmail.com,Jabalpur,2023-08-07
629,Sonu Sharma,sonu.sharma440@ymail.com,Vadodara,2023-02-25
630,Pavan Pathak,pavan.pathak8349@yahoo.com,Solapur,2024-03-13
631,Karan Reddy,karan.reddy895@yahoo.com,Dhanbad,2024-03-01
632,Asha Garg,asha.garg8186@ymail.com,Jabalpur,2022-05-26
633,Pooja Mukherjee,pooja.mukherjee198@hotmail.com,Ludhiana,2022-09-28
634,Mahesh Chakraborty,mahesh.chakraborty9313@outlook.com,Faridabad,2022-12-20
635,Sonal Mishra,sonal.mishra1196@gmail.com,Coimbatore,2022-05-19
636,Aditya Ghosh,aditya.ghosh3535@gmail.com,Hyderabad,2024-03-26
637,Paras Gupta,paras.gupta8210@outlook.com,Vasai-Virar,2024-04-03
638,Ankit Rao,ankit.rao8792@rediffmail.com,Gwalior,2022-11-09
639,Kabir Bhatt,kabir.bhatt5078@gmail.com,Amritsar,2023-02-21
640,Suresh Choudhary,suresh.choudhary8789@hotmail.com,Rajkot,2022-05-16
641,Kedar Sharma,kedar.sharma7168@ymail.com,Bhopal,2022-04-29
642,Isha Bhatt,isha.bhatt7119@gmail.com,Srinagar,2022-04-23
643,Kedar Saxena,kedar.saxena2878@gmail.com,Mumbai,2022-10-09
644,Shanti Agarwal,shanti.agarwal2685@outlook.com,Nashik,2024-12-07
645,Pavan Trivedi,pavan.trivedi4248@yahoo.com,Faridabad,2022-09-17
646,Simran Tiwari,simran.tiwari4404@ymail.com,Ahmedabad,2022-03-02
647,Krishna Varma,krishna.varma7035@hotmail.com,Navi Mumbai,2022-05-11
648,Jayesh Shukla,jayesh.shukla9448@ymail.com,Chennai,2024-10-13
649,Nikhil Murthy,nikhil.murthy5901@gmail.com,Dhanbad,2022-12-08
650,Lokesh Das,lokesh.das4180@gmail.com,Howrah,2022-08-25
651,Hemant Sinha,hemant.sinha8337@gmail.com,Bengaluru,2022-01-26
652,Isha Arora,isha.arora7730@hotmail.com,Meerut,2022-11-04
653,Dev Banerjee,dev.banerjee580@rediffmail.com,Guwahati,2024-05-08
654,Heena Jain,heena.jain4068@outlook.com,Chandigarh,2023-10-18
655,Jyoti Verma,jyoti.verma1277@rediffmail.com,Faridabad,2022-09-02
656,Paras Shah,paras.shah863@yahoo.com,Thane,2024-11-22
657,Amitabh Khanna,amitabh.khanna1130@outlook.com,Patna,2023-09-29
658,Komal Bhatt,komal.bhatt9062@outlook.com,Mumbai,2024-01-26
659,Geeta Gupta,geeta.gupta9238@hotmail.com,Solapur,2023-05-12
660,Nilesh Kapoor,nilesh.kapoor9695@outlook.com,Bareilly,2023-02-05
661,Shruti Sengupta,shruti.sengupta8955@yahoo.com,Surat,2022-01-14
662,Anand Kulkarni,anand.kulkarni392@yahoo.com,Allahabad,2023-12-11
663,Sahil Yadav,sahil.yadav158@hotmail.com,Mumbai,2024-02-10
664,Uma Sinha,uma.sinha5039@gmail.com,Indore,2024-12-21
665,Ishaan Kulkarni,ishaan.kulkarni8062@gmail.com,Surat,2023-07-28
666,Ansh Arora,ansh.arora3793@rediffmail.com,Kalyan-Dombivali,2024-02-02
667,Nikhil Sinha,nikhil.sinha1392@rediffmail.com,Pune,2024-11-01
668,Ayesha Rao,ayesha.rao6462@gmail.com,Coimbatore,2022-05-08
669,Mukesh Saxena,mukesh.saxena2142@yahoo.com,Patna,2023-06-19
670,Uma Jain,uma.jain6439@ymail.com,Solapur,2023-10-31
671,Kiran Malhotra,kiran.malhotra4456@yahoo.com,Chennai,2023-02-20
672,Ayesha Tiwari,ayesha.tiwari9580@gmail.com,Surat,2022-08-05
673,Deepika Malhotra,deepika.malhotra7636@hotmail.com,Kalyan-Dombivali,2022-09-05
674,Pradeep Joshi,pradeep.joshi3402@outlook.com,Vadodara,2024-08-06
675,Jayesh Bose,jayesh.bose1965@gmail.com,Lucknow,2023-09-16
676,Tanvi Shukla,tanvi.shukla9885@gmail.com,Indore,2023-11-03
677,Bhaskar Bhatt,bhaskar.bhatt4067@hotmail.com,Rajkot,2024-11-17
678,Ananya Shah,ananya.shah4897@hotmail.com,Kanpur,2022-03-05
679,Meena Bose,meena.bose7409@rediffmail.com,Solapur,2023-05-27
680,Arjun Mehta,arjun.mehta1670@yahoo.com,Ahmedabad,2022-01-25
681,Anil Yadav,anil.yadav3642@yahoo.com,Nagpur,2024-03-31
682,Lokesh Shah,lokesh.shah1377@rediffmail.com,Coimbatore,2023-06-15
683,Zara Verma,zara.verma1229@gmail.com,Chennai,2023-02-09
684,Yash Reddy,yash.reddy7266@yahoo.com,Kolkata,2023-11-11
685,Ashish Arora,ashish.arora7553@gmail.com,Lucknow,2024-06-06
686,Tanvi Singh,tanvi.singh6472@outlook.com,Delhi,2024-02-23
687,Seema Kumar,seema.kumar2832@hotmail.com,Indore,2023-01-19
688,Kabir Goyal,kabir.goyal7308@yahoo.com,Bengaluru,2023-05-19
689,Sandeep Gupta,sandeep.gupta8174@outlook.com,Ranchi,2024-09-08
690,Anil Bhatt,anil.bhatt4584@outlook.com,Jaipur,2024-05-08
691,Geeta Reddy,geeta.reddy8615@yahoo.com,Vijayawada,2022-02-09
692,Madhav Trivedi,madhav.trivedi5884@outlook.com,Allahabad,2024-09-19
693,Lakshmi Chatterjee,lakshmi.chatterjee9268@rediffmail.com,Ludhiana,2024-03-06
694,Jyoti Desai,jyoti.desai428@hotmail.com,Jabalpur,2023-03-25
695,Akash Sengupta,akash.sengupta4603@gmail.com,Aurangabad,2024-12-20
696,Lalit Tiwari,lalit.tiwari9569@yahoo.com,Lucknow,2022-07-25
697,Isha Saxena,isha.saxena3952@hotmail.com,Allahabad,2022-04-25
698,Sonal Dutta,sonal.dutta9433@outlook.com,Nashik,2022-12-22
699,Dev Garg,dev.garg9708@hotmail.com,Solapur,2024-01-05
700,Yogesh Patel,yogesh.patel463@ymail.com,Kota,2023-12-22
701,Rakesh Pande,rakesh.pande2329@rediffmail.com,Nagpur,2024-10-05
702,Priya Iyer,priya.iyer2877@outlook.com,Bengaluru,2022-07-04
703,Anil Dutta,anil.dutta9858@yahoo.com,Delhi,2024-12-14
704,Nitesh Agarwal,nitesh.agarwal5436@rediffmail.com,Nagpur,2022-09-25
705,Kunal Shukla,kunal.shukla2908@hotmail.com,Hyderabad,2022-02-14
706,Bhaskar Patel,bhaskar.patel2321@gmail.com,Navi Mumbai,2024-01-18
707,Ankita Kapoor,ankita.kapoor6482@rediffmail.com,Pune,2023-11-21
708,Kavita Jain,kavita.jain2236@yahoo.com,Chandigarh,2024-06-13
709,Sunil Rao,sunil.rao7983@ymail.com,Ludhiana,2022-12-23
710,Shikha Nanda,shikha.nanda5847@yahoo.com,Madurai,2022-12-26
711,Madhav Iyer,madhav.iyer4826@yahoo.com,Kanpur,2022-01-04
712,Shanti Pande,shanti.pande6416@rediffmail.com,Bengaluru,2023-01-08
713,Ritesh Jain,ritesh.jain3620@ymail.com,Howrah,2022-08-02
714,Anand Modi,anand.modi2305@hotmail.com,Solapur,2022-06-09
715,Ishaan Joshi,ishaan.joshi5235@yahoo.com,Vijayawada,2022-07-01
716,Tanvi Shukla,tanvi.shukla5501@outlook.com,Mumbai,2023-06-28
717,Girish Garg,girish.garg1111@hotmail.com,Visakhapatnam,2022-08-10
718,Shiv Agarwal,shiv.agarwal789@outlook.com,Varanasi,2024-05-09
719,Deepika Mukherjee,deepika.mukherjee6784@outlook.com,Meerut,2023-12-21
720,Priya Kaur,priya.kaur1662@outlook.com,Howrah,2023-04-07
721,Deepak Malhotra,deepak.malhotra1208@gmail.com,Patna,2022-02-11
722,Kiran Ghosh,kiran.ghosh1716@gmail.com,Agra,2022-12-15
723,Vinod Kaur,vinod.kaur2637@ymail.com,Chennai,2022-07-10
724,Kunal Pathak,kunal.pathak7910@ymail.com,Delhi,2024-06-02
725,Sanjay Das,sanjay.das9951@outlook.com,Lucknow,2022-04-20
726,Arjun Jha,arjun.jha3368@yahoo.com,Kalyan-Dombivali,2023-06-28
727,Sanjeev Gupta,sanjeev.gupta4873@yahoo.com,Pune,2022-04-12
728,Manish Pande,manish.pande9006@outlook.com,Surat,2022-04-22
729,Lata Agarwal,lata.agarwal7006@gmail.com,Patna,2024-09-10
730,Geeta Chauhan,geeta.chauhan422@yahoo.com,Lucknow,2023-08-21
731,Ankit Mishra,ankit.mishra1893@hotmail.com,Rajkot,2024-08-22
732,Nitika Sengupta,nitika.sengupta4342@gmail.com,Jodhpur,2024-03-04
733,Divya Kapoor,divya.kapoor6250@hotmail.com,Kanpur,2024-07-01
734,Amitabh Ghosh,amitabh.ghosh7205@outlook.com,Visakhapatnam,2023-04-09
735,Uday Goyal,uday.goyal9245@gmail.com,Surat,2022-07-18
736,Ankit Saxena,ankit.saxena5633@rediffmail.com,Kalyan-Dombivali,2023-04-11
737,Rahul Bansal,rahul.bansal6343@rediffmail.com,Kalyan-Dombivali,2025-01-01
738,Seema Chakraborty,seema.chakraborty7780@rediffmail.com,Bhopal,2024-09-02
739,Kavita Bhatt,kavita.bhatt6469@ymail.com,Bengaluru,2024-10-25
740,Ram Sengupta,ram.sengupta8468@rediffmail.com,Raipur,2022-10-29
741,Ashish Srivastava,ashish.srivastava7358@yahoo.com,Lucknow,2023-03-10
742,Suresh Deshpande,suresh.deshpande2068@gmail.com,Vasai-Virar,2022-06-10
743,Seema Kumar,seema.kumar3309@ymail.com,Surat,2023-06-13
744,Kiran Chatterjee,kiran.chatterjee1098@gmail.com,Meerut,2024-03-24
745,Rahul Jain,rahul.jain4526@rediffmail.com,Srinagar,2022-01-26
746,Sudhir Sharma,sudhir.sharma9627@rediffmail.com,Kalyan-Dombivali,2022-08-19
747,Mihir Choudhary,mihir.choudhary2429@rediffmail.com,Coimbatore,2022-07-25
748,Ritu Chauhan,ritu.chauhan9220@gmail.com,Patna,2025-01-01
749,Vinay Joshi,vinay.joshi6733@hotmail.com,Meerut,2024-09-21
750,Ram Pathak,ram.pathak7751@gmail.com,Kanpur,2023-07-19
751,Meena Choudhary,meena.choudhary9973@ymail.com,Kota,2024-04-02
752,Amit Khanna,amit.khanna5432@ymail.com,Bhopal,2022-04-11
753,Simran Mishra,simran.mishra4401@hotmail.com,Delhi,2023-11-23
754,Swati Trivedi,swati.trivedi4966@hotmail.com,Pimpri-Chinchwad,2024-10-03
755,Varun Sharma,varun.sharma1610@yahoo.com,Jaipur,2023-09-08
756,Simran Malhotra,simran.malhotra5258@hotmail.com,Chandigarh,2024-05-03
757,Ritesh Reddy,ritesh.reddy1463@yahoo.com,Varanasi,2023-03-09
758,Yogesh Verma,yogesh.verma6672@ymail.com,Dhanbad,2024-11-23
759,Vikram Kapoor,vikram.kapoor921@rediffmail.com,Lucknow,2022-05-15
760,Kedar Shukla,kedar.shukla8304@outlook.com,Jaipur,2024-12-09
761,Vinay Pande,vinay.pande475@yahoo.com,Nagpur,2023-02-16
762,Uday Bansal,uday.bansal4088@gmail.com,Srinagar,2022-04-14
763,Zara Kapoor,zara.kapoor3263@hotmail.com,Faridabad,2024-08-08
764,Paras Khanna,paras.khanna2030@ymail.com,Delhi,2023-05-11
765,Lokesh Modi,lokesh.modi9733@outlook.com,Kanpur,2024-08-29
766,Ravi Nanda,ravi.nanda5731@hotmail.com,Lucknow,2023-06-14
767,Simran Yadav,simran.yadav1481@hotmail.com,Delhi,2024-03-02
768,Ananya Das,ananya.das9376@yahoo.com,Thane,2023-04-07
769,Sapna Dubey,sapna.dubey4409@ymail.com,Kalyan-Dombivali,2024-11-17
770,Ajay Chakraborty,ajay.chakraborty146@outlook.com,Jaipur,2022-12-21
771,Reena Varma,reena.varma139@yahoo.com,Visakhapatnam,2023-09-18
772,Shilpa Shukla,shilpa.shukla4512@outlook.com,Meerut,2023-12-16
773,Nikhil Ghosh,nikhil.ghosh3576@outlook.com,Vadodara,2024-12-02
774,Tanvi Pillai,tanvi.pillai6507@rediffmail.com,Pune,2022-01-16
775,Parul Saxena,parul.saxena6132@rediffmail.com,Jodhpur,2023-08-02
776,Kavita Shah,kavita.shah1772@outlook.com,Chennai,2023-11-20
777,Kabir Rao,kabir.rao5328@hotmail.com,Visakhapatnam,2023-09-04
778,Gaurav Choudhary,gaurav.choudhary8476@yahoo.com,Hyderabad,2024-04-07
779,Sanjeev Jain,sanjeev.jain2293@ymail.com,Delhi,2024-10-15
780,Karan Ghosh,karan.ghosh6858@outlook.com,Meerut,2022-03-14
781,Ramesh Shukla,ramesh.shukla9373@yahoo.com,Agra,2023-04-01
782,Seema Naik,seema.naik7795@ymail.com,Nashik,2024-11-04
783,Kavita Bose,kavita.bose2786@ymail.com,Ranchi,2023-01-06
784,Karan Chauhan,karan.chauhan7714@yahoo.com,Solapur,2023-06-14
785,Shiv Varma,shiv.varma9160@yahoo.com,Raipur,2023-11-19
786,Sanjay Bhatt,sanjay.bhatt3642@hotmail.com,Thane,2023-09-21
787,Mihir Trivedi,mihir.trivedi5429@hotmail.com,Visakhapatnam,2023-08-26
788,Nilesh Bose,nilesh.bose1930@outlook.com,Hyderabad,2022-05-26
789,Nisha Mukherjee,nisha.mukherjee3188@rediffmail.com,Ahmedabad,2024-02-21
790,Pooja Iyer,pooja.iyer6769@gmail.com,Surat,2022-10-09
791,Geeta Jha,geeta.jha6705@rediffmail.com,Srinagar,2022-10-21
792,Kiran Chakraborty,kiran.chakraborty2955@gmail.com,Dhanbad,2023-11-13
793,Sachin Desai,sachin.desai5135@ymail.com,Hyderabad,2022-01-10
794,Neha Goyal,neha.goyal3431@yahoo.com,Howrah,2022-11-21
795,Nitika Trivedi,nitika.trivedi1443@yahoo.com,Gwalior,2024-06-07
796,Sahil Kumar,sahil.kumar6610@outlook.com,Aurangabad,2024-02-25
797,Aarav Arora,aarav.arora8746@yahoo.com,Chandigarh,2024-02-04
798,Aditya Sengupta,aditya.sengupta5280@rediffmail.com,Nagpur,2022-02-06
799,Sapna Agarwal,sapna.agarwal4077@yahoo.com,Kota,2023-12-07
800,Kedar Chopra,kedar.chopra1683@outlook.com,Amritsar,2023-09-19
801,Deepika Bhatia,deepika.bhatia750@hotmail.com,Patna,2024-07-22
802,Shruti Nair,shruti.nair9771@rediffmail.com,Agra,2024-06-07
803,Vinod Shah,vinod.shah2193@hotmail.com,Dhanbad,2024-01-06
804,Sneha Deshpande,sneha.deshpande2702@outlook.com,Delhi,2023-04-13
805,Heena Singh,heena.singh2150@yahoo.com,Chandigarh,2022-02-14
806,Ravi Murthy,ravi.murthy2769@gmail.com,Faridabad,2022-03-18
807,Madhav Mukherjee,madhav.mukherjee4191@rediffmail.com,Gwalior,2022-04-10
808,Reena Bansal,reena.bansal1772@ymail.com,Delhi,2022-04-09
809,Shailesh Chawla,shailesh.chawla6829@outlook.com,Meerut,2022-09-11
810,Rahul Ghosh,rahul.ghosh7773@ymail.com,Surat,2023-02-25
811,Shailesh Shah,shailesh.shah153@hotmail.com,Kalyan-Dombivali,2022-07-26
812,Sanjeev Nair,sanjeev.nair4424@rediffmail.com,Jabalpur,2022-10-08
813,Mihir Yadav,mihir.yadav1719@rediffmail.com,Chandigarh,2022-08-30
814,Kajal Chawla,kajal.chawla1742@outlook.com,Nagpur,2023-02-14
815,Sonu Ghosh,sonu.ghosh8572@yahoo.com,Nashik,2024-04-19
816,Karan Das,karan.das646@rediffmail.com,Dhanbad,2023-03-02
817,Shailesh Banerjee,shailesh.banerjee7876@hotmail.com,Bhopal,2022-01-06
818,Aditya Saxena,aditya.saxena1459@gmail.com,Howrah,2024-10-08
819,Chandra Bhatt,chandra.bhatt8384@gmail.com,Chandigarh,2022-07-27
820,Yash Ghosh,yash.ghosh3788@outlook.com,Patna,2023-06-25
821,Nilesh Bansal,nilesh.bansal1636@yahoo.com,Bengaluru,2023-08-19
822,Lata Varma,lata.varma5124@outlook.com,Solapur,2022-08-26
823,Arjun Bose,arjun.bose752@gmail.com,Jaipur,2022-12-16
824,Krishna Joshi,krishna.joshi7172@rediffmail.com,Pimpri-Chinchwad,2022-07-10
825,Lokesh Verma,lokesh.verma5616@yahoo.com,Ahmedabad,2024-03-31
826,Meena Mehta,meena.mehta4454@outlook.com,Kota,2024-09-06
827,Sunita Kulkarni,sunita.kulkarni2733@gmail.com,Jaipur,2022-05-01
828,Uma Das,uma.das1700@outlook.com,Coimbatore,2024-09-15
829,Sunita Pande,sunita.pande7179@yahoo.com,Gwalior,2024-02-17
830,Sonu Joshi,sonu.joshi473@ymail.com,Chandigarh,2022-09-25
831,Nitesh Chatterjee,nitesh.chatterjee7998@gmail.com,Kalyan-Dombivali,2024-06-21
832,Amitabh Bhatia,amitabh.bhatia4287@ymail.com,Ludhiana,2022-01-26
833,Shikha Chakraborty,shikha.chakraborty8599@ymail.com,Howrah,2023-04-04
834,Santosh Chakraborty,santosh.chakraborty5543@rediffmail.com,Navi Mumbai,2022-07-15
835,Mukesh Saxena,mukesh.saxena4073@outlook.com,Nashik,2024-02-28
836,Chandra Yadav,chandra.yadav9148@rediffmail.com,Hyderabad,2022-01-24
837,Sandeep Banerjee,sandeep.banerjee2572@rediffmail.com,Aurangabad,2024-10-12
838,Vikram Das,vikram.das1227@outlook.com,Ludhiana,2023-05-09
839,Krishna Goyal,krishna.goyal825@rediffmail.com,Thane,2024-02-15
840,Meena Verma,meena.verma3851@gmail.com,Srinagar,2024-06-28
841,Sunita Pande,sunita.pande7342@gmail.com,Dhanbad,2024-07-04
842,Kiran Chawla,kiran.chawla8149@ymail.com,Jodhpur,2022-02-06
843,Aryan Khanna,aryan.khanna6756@gmail.com,Ranchi,2022-01-01
844,Tanvi Bhatt,tanvi.bhatt9900@rediffmail.com,Vijayawada,2023-09-16
845,Vinod Murthy,vinod.murthy9214@yahoo.com,Jodhpur,2024-07-23
846,Kunal Kapoor,kunal.kapoor890@yahoo.com,Srinagar,2023-11-11
847,Rajesh Tiwari,rajesh.tiwari9830@outlook.com,Guwahati,2024-01-15
848,Shilpa Malhotra,shilpa.malhotra1869@gmail.com,Hubli,2023-03-31
849,Aarav Jha,aarav.jha5819@ymail.com,Patna,2024-12-05
850,Lokesh Sharma,lokesh.sharma1742@gmail.com,Lucknow,2024-10-05
851,Ayesha Verma,ayesha.verma6705@gmail.com,Visakhapatnam,2023-02-06
852,Gaurav Chawla,gaurav.chawla6438@yahoo.com,Srinagar,2023-01-26
853,Shilpa Jha,shilpa.jha1766@outlook.com,Bengaluru,2022-09-10
854,Sonali Sengupta,sonali.sengupta7382@outlook.com,Madurai,2024-10-29
855,Ayesha Modi,ayesha.modi72@rediffmail.com,Solapur,2022-04-10
856,Rahul Banerjee,rahul.banerjee7092@rediffmail.com,Aurangabad,2024-11-07
857,Sonu Chatterjee,sonu.chatterjee2904@ymail.com,Coimbatore,2022-12-22
858,Shruti Verma,shruti.verma2104@gmail.com,Meerut,2023-10-22
859,Paras Mukherjee,paras.mukherjee6303@outlook.com,Jabalpur,2023-05-24
860,Kabir Khanna,kabir.khanna5618@hotmail.com,Varanasi,2022-10-01
861,Ayesha Kulkarni,ayesha.kulkarni9872@ymail.com,Solapur,2024-11-15
862,Kavita Yadav,kavita.yadav8976@hotmail.com,Guwahati,2023-03-22
863,Geeta Dubey,geeta.dubey4761@ymail.com,Nashik,2022-09-29
864,Shikha Reddy,shikha.reddy2914@rediffmail.com,Allahabad,2023-10-23
865,Shikha Chawla,shikha.chawla5772@rediffmail.com,Aurangabad,2024-05-04
866,Sapna Sinha,sapna.sinha8748@hotmail.com,Vasai-Virar,2022-01-27
867,Pavan Chauhan,pavan.chauhan415@outlook.com,Surat,2022-04-19
868,Santosh Bansal,santosh.bansal3276@hotmail.com,Hubli,2022-11-26
869,Kajal Shah,kajal.shah4106@yahoo.com,Hyderabad,2023-08-28
870,Girish Srivastava,girish.srivastava8867@gmail.com,Nashik,2024-07-15
871,Aryan Pillai,aryan.pillai9206@yahoo.com,Solapur,2024-03-07
872,Ishaan Murthy,ishaan.murthy4713@ymail.com,Madurai,2022-04-07
873,Ritu Kaur,ritu.kaur6350@outlook.com,Raipur,2023-10-03
874,Rahul Bansal,rahul.bansal213@ymail.com,Visakhapatnam,2023-02-20
875,Rohini Chakraborty,rohini.chakraborty7260@yahoo.com,Vijayawada,2024-01-24
876,Sneha Patel,sneha.patel8956@ymail.com,Jabalpur,2023-02-07
877,Sonu Singh,sonu.singh3171@hotmail.com,Varanasi,2022-12-30
878,Seema Bhatia,seema.bhatia3064@yahoo.com,Solapur,2024-11-18
879,Ashish Kaur,ashish.kaur666@outlook.com,Pimpri-Chinchwad,2023-06-26
880,Ashok Das,ashok.das9569@hotmail.com,Mumbai,2023-11-08
881,Nilesh Shukla,nilesh.shukla2537@gmail.com,Surat,2023-10-23
882,Reena Bansal,reena.bansal4935@outlook.com,Howrah,2024-01-04
883,Ankita Trivedi,ankita.trivedi5208@rediffmail.com,Thane,2023-01-12
884,Pavan Bhatia,pavan.bhatia8277@yahoo.com,Kalyan-Dombivali,2024-04-06
885,Ansh Joshi,ansh.joshi3625@yahoo.com,Madurai,2023-11-11
886,Krishna Kapoor,krishna.kapoor4810@yahoo.com,Hubli,2024-12-22
887,Nisha Nanda,nisha.nanda145@gmail.com,Madurai,2023-12-10
888,Neha Garg,neha.garg3995@gmail.com,Raipur,2023-10-20
889,Madhav Chatterjee,madhav.chatterjee1858@outlook.com,Visakhapatnam,2023-08-03
890,Akash Chatterjee,akash.chatterjee8469@hotmail.com,Amritsar,2024-11-07
891,Neha Modi,neha.modi719@hotmail.com,Jodhpur,2023-01-30
892,Komal Murthy,komal.murthy1350@gmail.com,Lucknow,2024-12-28
893,Aarav Rao,aarav.rao1073@yahoo.com,Madurai,2023-03-13
894,Vikas Shah,vikas.shah6951@gmail.com,Indore,2024-06-10
895,Sandeep Verma,sandeep.verma1182@ymail.com,Raipur,2022-11-11
896,Akash Mehta,akash.mehta5435@gmail.com,Kolkata,2022-05-31
897,Ananya Desai,ananya.desai4128@rediffmail.com,Chennai,2023-04-12
898,Yogesh Ghosh,yogesh.ghosh6679@outlook.com,Varanasi,2024-04-08
899,Mukesh Jain,mukesh.jain277@outlook.com,Raipur,2022-08-31
900,Pradeep Agarwal,pradeep.agarwal1037@ymail.com,Coimbatore,2022-04-04
901,Shanti Bose,shanti.bose1190@hotmail.com,Amritsar,2022-08-06
902,Karan Trivedi,karan.trivedi4938@rediffmail.com,Kolkata,2023-07-31
903,Sonal Banerjee,sonal.banerjee7171@outlook.com,Rajkot,2022-03-05
904,Nisha Das,nisha.das8741@yahoo.com,Jaipur,2024-03-11
905,Sunil Varma,sunil.varma8942@hotmail.com,Vijayawada,2022-10-23
906,Kavita Shah,kavita.shah6114@gmail.com,Ranchi,2022-10-17
907,Ashish Arora,ashish.arora83@rediffmail.com,Jabalpur,2024-03-18
908,Pradeep Nanda,pradeep.nanda1395@hotmail.com,Indore,2023-12-06
909,Harish Kulkarni,harish.kulkarni8398@yahoo.com,Lucknow,2023-01-12
910,Heena Pillai,heena.pillai4141@yahoo.com,Ahmedabad,2023-01-07
911,Santosh Varma,santosh.varma9295@gmail.com,Hubli,2024-08-02
912,Sandeep Nanda,sandeep.nanda1199@hotmail.com,Madurai,2022-05-18
913,Jatin Chauhan,jatin.chauhan3235@ymail.com,Coimbatore,2024-09-24
914,Krishna Joshi,krishna.joshi2101@ymail.com,Jodhpur,2023-04-26
915,Arjun Gupta,arjun.gupta1144@yahoo.com,Ludhiana,2024-09-22
916,Neha Jha,neha.jha5009@ymail.com,Coimbatore,2022-11-09
917,Rakesh Pande,rakesh.pande5972@hotmail.com,Vasai-Virar,2022-12-12
918,Aarav Jain,aarav.jain4034@yahoo.com,Guwahati,2024-06-12
919,Kabir Yadav,kabir.yadav5890@yahoo.com,Raipur,2023-11-11
920,Vinay Mishra,vinay.mishra7584@outlook.com,Nashik,2023-09-18
921,Nitika Nanda,nitika.nanda1784@yahoo.com,Jodhpur,2022-06-17
922,Uday Goyal,uday.goyal2294@rediffmail.com,Nagpur,2023-06-24
923,Shruti Mukherjee,shruti.mukherjee1253@ymail.com,Chennai,2022-02-08
924,Uma Murthy,uma.murthy512@rediffmail.com,Coimbatore,2024-04-09
925,Sonali Patel,sonali.patel3486@gmail.com,Ranchi,2023-06-18
926,Priya Sengupta,priya.sengupta8843@outlook.com,Jodhpur,2022-11-01
927,Lata Khanna,lata.khanna3659@rediffmail.com,Chandigarh,2023-08-19
928,Ayesha Mehta,ayesha.mehta8211@rediffmail.com,Kolkata,2024-03-23
929,Lata Murthy,lata.murthy174@ymail.com,Bhopal,2022-12-06
930,Sneha Murthy,sneha.murthy2300@outlook.com,Lucknow,2023-01-02
931,Rakesh Pande,rakesh.pande2396@ymail.com,Chandigarh,2024-09-17
932,Lalit Arora,lalit.arora3586@outlook.com,Thane,2022-05-09
933,Jayesh Kapoor,jayesh.kapoor3835@gmail.com,Madurai,2023-02-28
934,Pavan Chatterjee,pavan.chatterjee5919@outlook.com,Aurangabad,2024-07-20
935,Vinay Arora,vinay.arora654@ymail.com,Ludhiana,2022-07-31
936,Shikha Nair,shikha.nair4481@ymail.com,Visakhapatnam,2022-12-23
937,Madhav Reddy,madhav.reddy6202@hotmail.com,Coimbatore,2022-06-09
938,Pavan Ghosh,pavan.ghosh6166@yahoo.com,Navi Mumbai,2024-04-11
939,Lalit Verma,lalit.verma5654@outlook.com,Aurangabad,2022-01-14
940,Paras Mukherjee,paras.mukherjee2277@outlook.com,Lucknow,2023-04-17
941,Ankita Murthy,ankita.murthy4601@yahoo.com,Surat,2023-01-18
942,Deepak Kapoor,deepak.kapoor9864@ymail.com,Ahmedabad,2023-04-17
943,Mihir Varma,mihir.varma5411@ymail.com,Ahmedabad,2024-09-13
944,Sapna Mishra,sapna.mishra7849@yahoo.com,Coimbatore,2022-11-27
945,Sandeep Yadav,sandeep.yadav6733@gmail.com,Bhopal,2022-03-30
946,Ashok Pande,ashok.pande9706@yahoo.com,Jaipur,2024-11-15
947,Amitabh Sengupta,amitabh.sengupta9377@yahoo.com,Hyderabad,2022-12-07
948,Jayesh Banerjee,jayesh.banerjee2950@rediffmail.com,Rajkot,2022-02-08
949,Vinay Singh,vinay.singh4645@gmail.com,Indore,2024-07-08
950,Ritesh Mishra,ritesh.mishra7892@yahoo.com,Thane,2024-04-21
951,Reena Choudhary,reena.choudhary9547@yahoo.com,Gwalior,2024-11-12
952,Jayesh Das,jayesh.das5615@outlook.com,Jabalpur,2022-05-21
953,Hemant Kaur,hemant.kaur6316@yahoo.com,Pune,2022-02-03
954,Geeta Nair,geeta.nair8264@ymail.com,Kalyan-Dombivali,2022-11-03
955,Ritesh Chauhan,ritesh.chauhan2907@outlook.com,Gwalior,2022-03-21
956,Vinay Trivedi,vinay.trivedi8707@rediffmail.com,Hubli,2022-08-29
957,Ansh Mishra,ansh.mishra2136@rediffmail.com,Allahabad,2022-01-03
958,Vivek Tiwari,vivek.tiwari7070@rediffmail.com,Kalyan-Dombivali,2024-01-29
959,Vikram Arora,vikram.arora8681@outlook.com,Thane,2024-09-14
960,Sunil Tiwari,sunil.tiwari6247@hotmail.com,Coimbatore,2022-07-20
961,Mohan Chopra,mohan.chopra4171@outlook.com,Bareilly,2023-04-22
962,Yogesh Bose,yogesh.bose1374@hotmail.com,Jabalpur,2024-04-16
963,Jatin Deshpande,jatin.deshpande90@ymail.com,Solapur,2022-01-15
964,Ram Nair,ram.nair1931@rediffmail.com,Mumbai,2024-02-08
965,Sanjay Dubey,sanjay.dubey5176@outlook.com,Faridabad,2022-08-07
966,Chandra Kumar,chandra.kumar9591@hotmail.com,Visakhapatnam,2024-05-17
967,Rakesh Kapoor,rakesh.kapoor4515@ymail.com,Rajkot,2023-02-22
968,Megha Nanda,megha.nanda9136@outlook.com,Kanpur,2024-01-29
969,Rajesh Nanda,rajesh.nanda7926@hotmail.com,Vadodara,2023-12-07
970,Sonu Shukla,sonu.shukla6523@ymail.com,Jaipur,2022-09-01
971,Simran Dutta,simran.dutta7318@ymail.com,Lucknow,2022-07-25
972,Harish Murthy,harish.murthy6563@hotmail.com,Ranchi,2022-04-17
973,Deepak Kaur,deepak.kaur87@gmail.com,Surat,2024-08-23
974,Ritu Pathak,ritu.pathak7134@gmail.com,Chennai,2023-06-23
975,Heena Kapoor,heena.kapoor1312@rediffmail.com,Bengaluru,2024-02-27
976,Anand Khanna,anand.khanna8537@hotmail.com,Guwahati,2022-04-28
977,Sonu Verma,sonu.verma2872@ymail.com,Dhanbad,2024-06-18
978,Aditya Deshpande,aditya.deshpande8490@hotmail.com,Nagpur,2022-03-10
979,Sudhir Pathak,sudhir.pathak8365@rediffmail.com,Kota,2023-04-20
980,Rohan Das,rohan.das591@hotmail.com,Bhopal,2022-01-01
981,Deepak Bhatt,deepak.bhatt4521@outlook.com,Nashik,2024-03-20
982,Meena Patel,meena.patel3282@rediffmail.com,Mumbai,2022-05-21
983,Zara Bhatt,zara.bhatt9005@hotmail.com,Chandigarh,2023-12-14
984,Lakshmi Verma,lakshmi.verma4531@yahoo.com,Jabalpur,2023-02-03
985,Nikhil Banerjee,nikhil.banerjee6619@rediffmail.com,Mumbai,2023-06-19
986,Dev Kulkarni,dev.kulkarni8295@gmail.com,Ranchi,2022-05-29
987,Paras Gupta,paras.gupta5571@gmail.com,Amritsar,2023-06-12
988,Vinay Naik,vinay.naik9420@hotmail.com,Kota,2024-06-25
989,Madhav Pande,madhav.pande7924@yahoo.com,Hubli,2023-11-27
990,Sonu Mehta,sonu.mehta7549@rediffmail.com,Delhi,2024-09-14
991,Asha Ghosh,asha.ghosh1107@outlook.com,Vijayawada,2023-03-28
992,Sapna Sharma,sapna.sharma3768@hotmail.com,Kalyan-Dombivali,2023-12-25
993,Pavan Naik,pavan.naik160@ymail.com,Visakhapatnam,2023-05-24
994,Kajal Bhatt,kajal.bhatt6537@ymail.com,Solapur,2023-12-02
995,Ankita Nanda,ankita.nanda2925@outlook.com,Ludhiana,2023-12-26
996,Harish Sengupta,harish.sengupta9400@hotmail.com,Kanpur,2023-01-25
997,Om Sinha,om.sinha3272@yahoo.com,Solapur,2023-05-11
998,Vikram Ghosh,vikram.ghosh3388@yahoo.com,Nagpur,2023-05-27
999,Uday Pillai,uday.pillai5834@yahoo.com,Bareilly,2022-08-07
1000,Ashish Chatterjee,ashish.chatterjee1286@ymail.com,Madurai,2024-10-05
1001,Rohan Agarwal,rohan.agarwal8872@gmail.com,Aurangabad,2024-01-31
1002,Rohini Jain,rohini.jain8067@rediffmail.com,Pimpri-Chinchwad,2024-10-02
1003,Divya Srivastava,divya.srivastava8375@hotmail.com,Rajkot,2023-03-31
1004,Sneha Pande,sneha.pande2102@gmail.com,Navi Mumbai,2024-05-16
1005,Nitesh Naik,nitesh.naik534@rediffmail.com,Nashik,2024-03-17
1006,Vikas Shah,vikas.shah2864@outlook.com,Ahmedabad,2024-11-27
1007,Nikhil Jain,nikhil.jain138@gmail.com,Raipur,2023-03-08
1008,Madhav Patel,madhav.patel1651@hotmail.com,Faridabad,2023-06-16
1009,Divya Nanda,divya.nanda4307@yahoo.com,Pimpri-Chinchwad,2024-08-23
1010,Rohan Jha,rohan.jha5996@yahoo.com,Dhanbad,2024-05-18
1011,Girish Kulkarni,girish.kulkarni6100@hotmail.com,Rajkot,2023-07-27
1012,Neha Desai,neha.desai9362@yahoo.com,Howrah,2023-04-14
1013,Swati Chauhan,swati.chauhan4423@yahoo.com,Ranchi,2024-06-04
1014,Varun Kaur,varun.kaur3213@yahoo.com,Solapur,2022-11-03
1015,Nisha Varma,nisha.varma160@yahoo.com,Kalyan-Dombivali,2024-10-20
1016,Ayesha Sengupta,ayesha.sengupta8471@rediffmail.com,Chandigarh,2023-10-09
1017,Sudhir Modi,sudhir.modi4916@hotmail.com,Ranchi,2022-04-08
1018,Manish Chauhan,manish.chauhan2677@gmail.com,Indore,2023-06-05
1019,Nisha Yadav,nisha.yadav1578@outlook.com,Solapur,2023-11-17
1020,Jayesh Kapoor,jayesh.kapoor5904@rediffmail.com,Ranchi,2023-06-12
1021,Lakshmi Ahuja,lakshmi.ahuja6747@gmail.com,Nashik,2023-02-12
1022,Ram Pande,ram.pande8822@yahoo.com,Bareilly,2023-08-06
1023,Lalit Jain,lalit.jain8364@outlook.com,Bareilly,2024-07-04
1024,Vinod Bhatt,vinod.bhatt6244@rediffmail.com,Patna,2024-08-07
1025,Sachin Choudhary,sachin.choudhary2746@ymail.com,Agra,2024-05-13
1026,Sachin Pillai,sachin.pillai9366@outlook.com,Chennai,2022-06-12
1027,Deepak Jha,deepak.jha3740@hotmail.com,Ludhiana,2023-08-20
1028,Shikha Goyal,shikha.goyal9919@ymail.com,Rajkot,2023-07-10
1029,Vinod Malhotra,vinod.malhotra5951@ymail.com,Coimbatore,2024-12-02
1030,Neha Kulkarni,neha.kulkarni2742@yahoo.com,Delhi,2022-09-14
1031,Shruti Garg,shruti.garg4123@ymail.com,Kota,2022-06-13
1032,Girish Das,girish.das6506@gmail.com,Pune,2022-05-11
1033,Anand Mukherjee,anand.mukherjee7753@rediffmail.com,Hyderabad,2022-02-23
1034,Sonali Khanna,sonali.khanna8585@gmail.com,Pune,2023-06-22
1035,Rohini Choudhary,rohini.choudhary1382@ymail.com,Meerut,2023-09-26
1036,Hemant Garg,hemant.garg4656@outlook.com,Vijayawada,2022-09-16
1037,Ashok Nair,ashok.nair2796@gmail.com,Bengaluru,2024-01-01
1038,Vikas Chatterjee,vikas.chatterjee5329@outlook.com,Srinagar,2023-07-12
1039,Rahul Malhotra,rahul.malhotra2214@ymail.com,Allahabad,2022-12-29
1040,Ravi Pathak,ravi.pathak7481@ymail.com,Solapur,2024-06-09
1041,Pooja Rao,pooja.rao8746@hotmail.com,Nashik,2024-09-13
1042,Priya Dutta,priya.dutta1468@outlook.com,Vadodara,2024-01-20
1043,Megha Ghosh,megha.ghosh2552@hotmail.com,Mumbai,2022-01-01
1044,Pavan Verma,pavan.verma2234@hotmail.com,Patna,2024-08-18
1045,Pradeep Agarwal,pradeep.agarwal8060@outlook.com,Vadodara,2022-01-19
1046,Sonali Kumar,sonali.kumar4800@rediffmail.com,Thane,2022-01-15
1047,Rahul Kapoor,rahul.kapoor3090@outlook.com,Ranchi,2024-06-14
1048,Manish Garg,manish.garg2676@ymail.com,Solapur,2024-03-09
1049,Tarun Kaur,tarun.kaur3615@hotmail.com,Kolkata,2024-05-14
1050,Sachin Garg,sachin.garg8465@rediffmail.com,Kota,2023-07-11
1051,Kajal Reddy,kajal.reddy8716@hotmail.com,Kalyan-Dombivali,2023-01-21
1052,Varun Bhatia,varun.bhatia2989@yahoo.com,Patna,2022-08-15
1053,Sahil Mehta,sahil.mehta7419@hotmail.com,Kota,2024-10-04
1054,Gaurav Jain,gaurav.jain318@yahoo.com,Hyderabad,2024-12-31
1055,Ajay Desai,ajay.desai1676@hotmail.com,Pimpri-Chinchwad,2022-09-14
1056,Shilpa Malhotra,shilpa.malhotra135@yahoo.com,Kolkata,2022-11-05
1057,Aditya Modi,aditya.modi3559@hotmail.com,Kalyan-Dombivali,2023-10-01
1058,Sudhir Varma,sudhir.varma8166@hotmail.com,Srinagar,2022-03-06
1059,Krishna Bhatt,krishna.bhatt2394@gmail.com,Pimpri-Chinchwad,2024-03-14
1060,Ankita Naik,ankita.naik7703@yahoo.com,Nagpur,2023-05-28
1061,Swati Kaur,swati.kaur207@gmail.com,Bareilly,2023-05-25
1062,Mahesh Tiwari,mahesh.tiwari7258@yahoo.com,Solapur,2022-03-10
1063,Geeta Mehta,geeta.mehta1540@rediffmail.com,Madurai,2023-03-03
1064,Nisha Kaur,nisha.kaur5114@hotmail.com,Lucknow,2022-03-28
1065,Simran Banerjee,simran.banerjee9005@rediffmail.com,Ahmedabad,2023-06-03
1066,Nitesh Rao,nitesh.rao4896@yahoo.com,Faridabad,2022-04-17
1067,Vikas Saxena,vikas.saxena3569@gmail.com,Bhopal,2024-06-08
1068,Komal Agarwal,komal.agarwal2743@hotmail.com,Coimbatore,2022-09-03
1069,Manish Trivedi,manish.trivedi3983@gmail.com,Bengaluru,2024-08-31
1070,Shailesh Pathak,shailesh.pathak2540@hotmail.com,Bareilly,2022-07-03
1071,Isha Das,isha.das8191@gmail.com,Raipur,2023-11-25
1072,Anand Srivastava,anand.srivastava984@gmail.com,Nashik,2022-11-12
1073,Shanti Naik,shanti.naik1760@yahoo.com,Dhanbad,2023-04-22
1074,Kiran Nanda,kiran.nanda5691@outlook.com,Chandigarh,2023-01-31
1075,Ajay Sharma,ajay.sharma6190@hotmail.com,Chandigarh,2022-10-03
1076,Jatin Sengupta,jatin.sengupta647@outlook.com,Guwahati,2024-06-15
1077,Rajesh Gupta,rajesh.gupta8893@ymail.com,Dhanbad,2023-01-24
1078,Rakesh Desai,rakesh.desai8907@hotmail.com,Ludhiana,2024-08-17
1079,Kabir Chakraborty,kabir.chakraborty9809@rediffmail.com,Lucknow,2022-05-22
1080,Pooja Choudhary,pooja.choudhary7363@hotmail.com,Visakhapatnam,2024-01-22
1081,Nikhil Agarwal,nikhil.agarwal8290@outlook.com,Chandigarh,2023-01-15
1082,Vinod Ahuja,vinod.ahuja5966@rediffmail.com,Bhopal,2023-10-19
1083,Shiv Bhatia,shiv.bhatia8831@outlook.com,Nagpur,2024-12-09
1084,Seema Modi,seema.modi9036@yahoo.com,Gwalior,2023-08-03
1085,Komal Kulkarni,komal.kulkarni5277@gmail.com,Pune,2024-12-07
1086,Sanjeev Bhatia,sanjeev.bhatia718@yahoo.com,Kanpur,2022-03-06
1087,Geeta Chauhan,geeta.chauhan7953@yahoo.com,Pune,2022-03-07
1088,Ram Reddy,ram.reddy6367@ymail.com,Dhanbad,2024-12-12
1089,Rohini Sharma,rohini.sharma9672@hotmail.com,Hyderabad,2024-01-21
1090,Heena Pathak,heena.pathak1162@gmail.com,Indore,2024-10-03
1091,Ritu Mukherjee,ritu.mukherjee1311@outlook.com,Vijayawada,2022-05-05
1092,Lata Nanda,lata.nanda6815@hotmail.com,Guwahati,2022-04-30
1093,Tanvi Pillai,tanvi.pillai4356@rediffmail.com,Bengaluru,2022-05-25
1094,Tarun Iyer,tarun.iyer1277@yahoo.com,Navi Mumbai,2022-07-18
1095,Arjun Singh,arjun.singh3785@rediffmail.com,Meerut,2023-01-24
1096,Gaurav Nair,gaurav.nair4076@rediffmail.com,Vijayawada,2023-01-02
1097,Rajesh Sinha,rajesh.sinha9145@outlook.com,Solapur,2022-08-05
1098,Sonali Rao,sonali.rao9447@hotmail.com,Raipur,2024-07-28
1099,Shanti Saxena,shanti.saxena6998@gmail.com,Lucknow,2023-01-05
1100,Rahul Khanna,rahul.khanna8269@hotmail.com,Madurai,2022-11-20
1101,Pradeep Pathak,pradeep.pathak7259@hotmail.com,Ludhiana,2023-10-27
1102,Uma Kapoor,uma.kapoor6756@ymail.com,Vasai-Virar,2023-10-25
1103,Ritesh Garg,ritesh.garg9227@rediffmail.com,Indore,2024-02-08
1104,Sonali Nanda,sonali.nanda4163@hotmail.com,Varanasi,2024-07-05
1105,Manish Agarwal,manish.agarwal568@hotmail.com,Jabalpur,2022-02-03
1106,Pavan Chopra,pavan.chopra4946@gmail.com,Vadodara,2023-03-31
1107,Harish Bose,harish.bose5160@gmail.com,Bareilly,2023-07-20
1108,Zara Nanda,zara.nanda8377@rediffmail.com,Howrah,2022-11-13
1109,Arjun Arora,arjun.arora7543@hotmail.com,Surat,2022-10-11
1110,Jayesh Kapoor,jayesh.kapoor9539@yahoo.com,Thane,2023-06-09
1111,Suresh Iyer,suresh.iyer1506@rediffmail.com,Rajkot,2023-03-22
1112,Shruti Bhatia,shruti.bhatia5320@outlook.com,Kanpur,2024-09-26
1113,Tanvi Sengupta,tanvi.sengupta9441@gmail.com,Jabalpur,2023-09-08
1114,Amit Singh,amit.singh9442@outlook.com,Kolkata,2022-04-25
1115,Zara Tiwari,zara.tiwari5479@hotmail.com,Vasai-Virar,2024-05-03
1116,Anand Chakraborty,anand.chakraborty1975@yahoo.com,Solapur,2022-01-24
1117,Sahil Tiwari,sahil.tiwari6267@gmail.com,Vadodara,2024-12-09
1118,Amitabh Jain,amitabh.jain8847@rediffmail.com,Surat,2023-11-01
1119,Paras Sharma,paras.sharma3618@yahoo.com,Hyderabad,2024-03-15
1120,Neha Srivastava,neha.srivastava9751@rediffmail.com,Amritsar,2022-07-04
1121,Heena Kumar,heena.kumar4748@outlook.com,Surat,2022-09-28
1122,Kunal Bhatt,kunal.bhatt7797@rediffmail.com,Solapur,2022-04-11
1123,Rahul Khanna,rahul.khanna4302@gmail.com,Rajkot,2024-10-24
1124,Mukesh Tiwari,mukesh.tiwari2137@yahoo.com,Aurangabad,2023-02-10
1125,Nitika Khanna,nitika.khanna9361@yahoo.com,Ranchi,2024-12-09
1126,Isha Garg,isha.garg1174@hotmail.com,Bareilly,2024-05-30
1127,Komal Shah,komal.shah9438@gmail.com,Ahmedabad,2024-04-27
1128,Mohan Kapoor,mohan.kapoor5707@yahoo.com,Ludhiana,2023-12-07
1129,Reena Reddy,reena.reddy397@hotmail.com,Lucknow,2023-12-18
1130,Rohan Verma,rohan.verma7246@rediffmail.com,Surat,2024-06-21
1131,Amitabh Banerjee,amitabh.banerjee3826@yahoo.com,Raipur,2024-02-05
1132,Chandra Srivastava,chandra.srivastava1406@gmail.com,Solapur,2022-04-22
1133,Isha Pillai,isha.pillai2420@hotmail.com,Mumbai,2023-12-05
1134,Shailesh Varma,shailesh.varma1824@hotmail.com,Varanasi,2024-08-22
1135,Ajay Jha,ajay.jha3425@ymail.com,Allahabad,2023-03-10
1136,Girish Naik,girish.naik8574@hotmail.com,Ranchi,2024-09-16
1137,Rohini Singh,rohini.singh2316@ymail.com,Kota,2022-02-07
1138,Madhav Patel,madhav.patel8632@gmail.com,Visakhapatnam,2022-12-15
1139,Anil Gupta,anil.gupta3289@ymail.com,Gwalior,2023-07-10
1140,Ananya Mehta,ananya.mehta137@gmail.com,Meerut,2023-07-10
1141,Sanjeev Bose,sanjeev.bose5902@gmail.com,Delhi,2023-08-23
1142,Vikram Mukherjee,vikram.mukherjee6333@yahoo.com,Meerut,2024-11-07
1143,Shikha Chauhan,shikha.chauhan5169@outlook.com,Jabalpur,2024-12-24
1144,Ansh Desai,ansh.desai3259@rediffmail.com,Srinagar,2022-02-14
1145,Amitabh Garg,amitabh.garg8674@hotmail.com,Agra,2024-09-30
1146,Manish Sinha,manish.sinha2573@gmail.com,Nashik,2023-12-22
1147,Lalit Rao,lalit.rao4954@yahoo.com,Amritsar,2023-07-19
1148,Suresh Bansal,suresh.bansal4222@outlook.com,Delhi,2023-07-28
1149,Heena Choudhary,heena.choudhary5600@outlook.com,Madurai,2022-10-09
1150,Ansh Singh,ansh.singh6263@rediffmail.com,Raipur,2023-04-11
1151,Mihir Garg,mihir.garg9387@yahoo.com,Vasai-Virar,2023-10-02
1152,Yogesh Pathak,yogesh.pathak5396@outlook.com,Allahabad,2022-09-27
1153,Girish Reddy,girish.reddy2271@rediffmail.com,Allahabad,2023-02-19
1154,Vikas Chopra,vikas.chopra5063@ymail.com,Guwahati,2024-12-08
1155,Yogesh Chopra,yogesh.chopra7047@yahoo.com,Jodhpur,2022-11-20
1156,Kiran Bhatia,kiran.bhatia9132@rediffmail.com,Chandigarh,2022-08-31
1157,Divya Jain,divya.jain2385@ymail.com,Delhi,2023-10-15
1158,Vinay Kulkarni,vinay.kulkarni6738@hotmail.com,Varanasi,2023-07-15
1159,Chandra Tiwari,chandra.tiwari3080@gmail.com,Jaipur,2023-01-14
1160,Akash Srivastava,akash.srivastava4373@rediffmail.com,Howrah,2023-04-18
1161,Reena Dutta,reena.dutta3784@ymail.com,Delhi,2024-01-06
1162,Ankit Sharma,ankit.sharma7809@yahoo.com,Amritsar,2024-08-18
1163,Shilpa Reddy,shilpa.reddy6127@yahoo.com,Meerut,2024-10-03
1164,Nisha Chopra,nisha.chopra2684@yahoo.com,Thane,2022-03-08
1165,Megha Srivastava,megha.srivastava246@hotmail.com,Kalyan-Dombivali,2023-04-01
1166,Simran Saxena,simran.saxena3324@yahoo.com,Chennai,2022-12-29
1167,Ritu Malhotra,ritu.malhotra8028@ymail.com,Ludhiana,2024-07-26
1168,Vinod Garg,vinod.garg7006@outlook.com,Bareilly,2022-03-27
1169,Ritesh Sinha,ritesh.sinha6233@ymail.com,Ludhiana,2024-03-18
1170,Rohan Sinha,rohan.sinha9371@rediffmail.com,Allahabad,2024-12-11
1171,Sandeep Mukherjee,sandeep.mukherjee631@rediffmail.com,Pune,2024-07-13
1172,Nikhil Verma,nikhil.verma695@yahoo.com,Navi Mumbai,2024-03-21
1173,Shyam Arora,shyam.arora9138@outlook.com,Navi Mumbai,2022-04-11
1174,Gaurav Gupta,gaurav.gupta7202@outlook.com,Vadodara,2023-08-09
1175,Nilesh Das,nilesh.das6922@hotmail.com,Gwalior,2022-04-22
1176,Shailesh Nair,shailesh.nair2331@outlook.com,Jodhpur,2024-07-14
1177,Ansh Singh,ansh.singh8203@gmail.com,Kanpur,2022-10-05
1178,Manish Kulkarni,manish.kulkarni5300@outlook.com,Delhi,2023-01-02
1179,Nikhil Patel,nikhil.patel3309@outlook.com,Kolkata,2023-05-28
1180,Komal Sharma,komal.sharma2687@ymail.com,Chandigarh,2022-09-11
1181,Ansh Chawla,ansh.chawla7363@ymail.com,Faridabad,2022-06-24
1182,Pooja Shukla,pooja.shukla6293@ymail.com,Amritsar,2022-11-24
1183,Madhav Nanda,madhav.nanda6236@gmail.com,Bareilly,2022-12-16
1184,Yogesh Jha,yogesh.jha9266@ymail.com,Surat,2022-11-29
1185,Vikram Choudhary,vikram.choudhary2931@ymail.com,Hyderabad,2024-05-09
1186,Kedar Iyer,kedar.iyer7312@hotmail.com,Vijayawada,2023-01-06
1187,Ashish Sengupta,ashish.sengupta2156@yahoo.com,Mumbai,2023-06-03
1188,Aditya Mehta,aditya.mehta8154@outlook.com,Allahabad,2022-01-12
1189,Ritesh Mukherjee,ritesh.mukherjee8085@yahoo.com,Indore,2024-09-01
1190,Nikhil Kulkarni,nikhil.kulkarni7240@gmail.com,Jabalpur,2022-01-14
1191,Isha Mukherjee,isha.mukherjee8968@hotmail.com,Gwalior,2023-03-02
1192,Ananya Desai,ananya.desai2430@gmail.com,Jodhpur,2023-12-16
1193,Amit Choudhary,amit.choudhary532@ymail.com,Howrah,2023-09-04
1194,Krishna Chatterjee,krishna.chatterjee1437@gmail.com,Pune,2024-05-03
1195,Dev Das,dev.das4660@rediffmail.com,Madurai,2022-12-30
1196,Nikhil Sinha,nikhil.sinha9486@hotmail.com,Bengaluru,2022-07-10
1197,Sonali Iyer,sonali.iyer5290@hotmail.com,Meerut,2022-05-19
1198,Sonal Kumar,sonal.kumar9019@gmail.com,Patna,2024-08-22
1199,Ayesha Chawla,ayesha.chawla4497@hotmail.com,Navi Mumbai,2024-04-27
1200,Pooja Dubey,pooja.dubey3426@rediffmail.com,Hyderabad,2022-08-12
1201,Ram Singh,ram.singh8667@gmail.com,Aurangabad,2023-08-12
1202,Mohan Pathak,mohan.pathak5186@hotmail.com,Navi Mumbai,2023-12-26
1203,Ritu Chopra,ritu.chopra9219@outlook.com,Navi Mumbai,2024-10-16
1204,Om Varma,om.varma2948@rediffmail.com,Thane,2023-08-18
1205,Gaurav Agarwal,gaurav.agarwal1937@gmail.com,Srinagar,2022-08-30
1206,Shyam Bose,shyam.bose3397@rediffmail.com,Kalyan-Dombivali,2024-04-27
1207,Amitabh Jha,amitabh.jha5729@rediffmail.com,Vijayawada,2023-03-11
1208,Aditya Rao,aditya.rao3297@ymail.com,Patna,2023-06-06
1209,Sunil Bhatia,sunil.bhatia5043@hotmail.com,Amritsar,2023-10-26
1210,Sonali Agarwal,sonali.agarwal1866@ymail.com,Agra,2023-12-01
1211,Manish Singh,manish.singh9322@rediffmail.com,Delhi,2022-12-26
1212,Gaurav Jha,gaurav.jha5537@ymail.com,Aurangabad,2024-08-29
1213,Sunita Arora,sunita.arora2225@outlook.com,Surat,2024-08-01
1214,Vivek Chakraborty,vivek.chakraborty8798@hotmail.com,Srinagar,2024-04-27
1215,Ritu Sinha,ritu.sinha918@rediffmail.com,Vadodara,2023-10-09
1216,Rajesh Naik,rajesh.naik307@yahoo.com,Howrah,2023-11-11
1217,Sunita Chatterjee,sunita.chatterjee5794@gmail.com,Surat,2023-07-29
1218,Uday Ahuja,uday.ahuja5557@outlook.com,Vijayawada,2024-12-30
1219,Uday Das,uday.das9355@rediffmail.com,Meerut,2023-01-19
1220,Reena Chawla,reena.chawla5051@ymail.com,Ludhiana,2022-03-06
1221,Jyoti Kulkarni,jyoti.kulkarni1423@outlook.com,Bhopal,2024-02-01
1222,Neha Yadav,neha.yadav4959@yahoo.com,Navi Mumbai,2023-09-12
1223,Dev Chawla,dev.chawla6132@gmail.com,Bareilly,2023-02-18
1224,Yogesh Bhatt,yogesh.bhatt7271@rediffmail.com,Delhi,2024-09-15
1225,Yash Murthy,yash.murthy2525@yahoo.com,Agra,2024-09-17
1226,Shruti Chakraborty,shruti.chakraborty8580@hotmail.com,Bareilly,2023-11-02
1227,Bhaskar Tiwari,bhaskar.tiwari1610@rediffmail.com,Raipur,2022-09-29
1228,Girish Singh,girish.singh599@outlook.com,Meerut,2024-12-05
1229,Asha Agarwal,asha.agarwal5096@gmail.com,Raipur,2022-06-28
1230,Krishna Mehta,krishna.mehta756@gmail.com,Navi Mumbai,2023-10-02
1231,Ajay Pande,ajay.pande5115@ymail.com,Indore,2023-10-20
1232,Geeta Deshpande,geeta.deshpande4696@hotmail.com,Allahabad,2023-10-16
1233,Sonali Malhotra,sonali.malhotra1928@hotmail.com,Surat,2022-11-19
1234,Kabir Chawla,kabir.chawla250@rediffmail.com,Ranchi,2024-11-18
1235,Aryan Dubey,aryan.dubey8889@hotmail.com,Ranchi,2023-10-15
1236,Jyoti Choudhary,jyoti.choudhary4642@rediffmail.com,Bhopal,2022-12-17
1237,Ankita Iyer,ankita.iyer5550@rediffmail.com,Varanasi,2022-04-14
1238,Ashok Ahuja,ashok.ahuja7713@ymail.com,Hyderabad,2022-08-05
1239,Mahesh Bansal,mahesh.bansal1411@outlook.com,Rajkot,2023-01-02
1240,Shikha Pathak,shikha.pathak9712@ymail.com,Kota,2024-07-02
1241,Rohan Joshi,rohan.joshi5120@hotmail.com,Nagpur,2024-12-28
1242,Ankit Banerjee,ankit.banerjee7630@rediffmail.com,Jaipur,2022-07-10
1243,Swati Varma,swati.varma7673@gmail.com,Srinagar,2023-09-28
1244,Seema Reddy,seema.reddy7626@outlook.com,Thane,2023-04-04
1245,Bhaskar Chakraborty,bhaskar.chakraborty4228@hotmail.com,Rajkot,2023-01-11
1246,Shanti Chatterjee,shanti.chatterjee5413@hotmail.com,Srinagar,2024-09-25
1247,Akash Bhatia,akash.bhatia7788@gmail.com,Nashik,2024-09-07
1248,Nilesh Bose,nilesh.bose2799@hotmail.com,Bareilly,2023-12-15
1249,Ritesh Pande,ritesh.pande2088@rediffmail.com,Pune,2024-04-10
1250,Swati Shukla,swati.shukla1753@hotmail.com,Ranchi,2022-05-26
1251,Sunil Iyer,sunil.iyer8729@outlook.com,Rajkot,2024-04-26
1252,Ishaan Pillai,ishaan.pillai3993@rediffmail.com,Lucknow,2024-09-14
1253,Mahesh Bhatia,mahesh.bhatia5583@yahoo.com,Kota,2024-06-01
1254,Sudhir Kumar,sudhir.kumar9294@hotmail.com,Allahabad,2023-04-29
1255,Dev Saxena,dev.saxena1277@ymail.com,Guwahati,2024-09-23
1256,Asha Patel,asha.patel9767@outlook.com,Ludhiana,2022-07-19
1257,Tanvi Malhotra,tanvi.malhotra2887@hotmail.com,Rajkot,2022-05-23
1258,Reena Chauhan,reena.chauhan9772@outlook.com,Ludhiana,2024-10-09
1259,Sandeep Saxena,sandeep.saxena1008@gmail.com,Indore,2022-10-12
1260,Vinod Patel,vinod.patel4@yahoo.com,Madurai,2022-11-02
1261,Neha Naik,neha.naik4776@outlook.com,Gwalior,2024-07-04
1262,Geeta Dubey,geeta.dubey5188@hotmail.com,Howrah,2023-09-16
1263,Zara Banerjee,zara.banerjee7123@ymail.com,Nashik,2022-07-02
1264,Ramesh Agarwal,ramesh.agarwal8363@outlook.com,Jaipur,2023-08-26
1265,Anil Kapoor,anil.kapoor8993@gmail.com,Mumbai,2024-01-06
1266,Asha Chakraborty,asha.chakraborty4624@gmail.com,Bhopal,2024-06-03
1267,Shanti Patel,shanti.patel6460@ymail.com,Ludhiana,2024-02-23
1268,Meena Kaur,meena.kaur7131@rediffmail.com,Indore,2022-12-22
1269,Nisha Chopra,nisha.chopra3084@rediffmail.com,Meerut,2024-01-08
1270,Uday Kulkarni,uday.kulkarni2528@hotmail.com,Madurai,2022-09-15
1271,Ayesha Agarwal,ayesha.agarwal1176@ymail.com,Delhi,2022-10-22
1272,Shiv Mukherjee,shiv.mukherjee7975@ymail.com,Vasai-Virar,2022-10-06
1273,Ankit Chopra,ankit.chopra6814@outlook.com,Kota,2024-05-21
1274,Rohini Desai,rohini.desai7445@rediffmail.com,Vasai-Virar,2024-07-10
1275,Mahesh Joshi,mahesh.joshi3699@yahoo.com,Vasai-Virar,2022-01-16
1276,Ram Modi,ram.modi3879@ymail.com,Amritsar,2023-07-06
1277,Megha Banerjee,megha.banerjee8949@rediffmail.com,Faridabad,2022-03-10
1278,Amit Pande,amit.pande7918@ymail.com,Faridabad,2022-08-20
1279,Ramesh Mishra,ramesh.mishra1312@yahoo.com,Chandigarh,2024-12-14
1280,Varun Srivastava,varun.srivastava4579@outlook.com,Navi Mumbai,2022-06-10
1281,Pavan Mukherjee,pavan.mukherjee9996@gmail.com,Bhopal,2024-08-25
1282,Sachin Sinha,sachin.sinha1280@ymail.com,Vijayawada,2023-10-02
1283,Rohan Bansal,rohan.bansal5629@rediffmail.com,Bareilly,2022-01-23
1284,Nisha Mehta,nisha.mehta8400@outlook.com,Howrah,2023-11-10
1285,Mihir Joshi,mihir.joshi4828@hotmail.com,Lucknow,2022-03-14
1286,Shailesh Banerjee,shailesh.banerjee9792@ymail.com,Vadodara,2023-06-18
1287,Anil Rao,anil.rao7753@rediffmail.com,Lucknow,2022-04-16
1288,Sanjeev Gupta,sanjeev.gupta448@hotmail.com,Dhanbad,2022-06-18
1289,Ashok Murthy,ashok.murthy1260@hotmail.com,Visakhapatnam,2022-09-29
1290,Rohan Goyal,rohan.goyal4510@hotmail.com,Mumbai,2022-08-17
1291,Ritesh Desai,ritesh.desai9696@ymail.com,Surat,2024-07-03
1292,Lokesh Varma,lokesh.varma2874@hotmail.com,Kota,2023-04-29
1293,Nitika Desai,nitika.desai8641@gmail.com,Agra,2022-06-22
1294,Bhaskar Pathak,bhaskar.pathak2526@outlook.com,Hubli,2024-04-25
1295,Sonali Kaur,sonali.kaur3899@ymail.com,Varanasi,2022-12-09
1296,Girish Pande,girish.pande5654@gmail.com,Jodhpur,2023-06-26
1297,Sneha Verma,sneha.verma1901@gmail.com,Lucknow,2024-08-08
1298,Meena Mishra,meena.mishra4938@outlook.com,Solapur,2024-12-26
1299,Hemant Kaur,hemant.kaur6391@outlook.com,Visakhapatnam,2022-10-25
1300,Pooja Chakraborty,pooja.chakraborty7123@gmail.com,Patna,2024-07-08
1301,Madhav Shah,madhav.shah5173@rediffmail.com,Raipur,2022-03-26
1302,Arjun Chatterjee,arjun.chatterjee8705@ymail.com,Nashik,2024-06-03
1303,Rohan Chatterjee,rohan.chatterjee4467@hotmail.com,Pimpri-Chinchwad,2023-07-01
1304,Sunita Chauhan,sunita.chauhan4184@ymail.com,Coimbatore,2024-03-12
1305,Nilesh Tiwari,nilesh.tiwari3962@ymail.com,Raipur,2023-02-04
1306,Pavan Jha,pavan.jha2948@hotmail.com,Ranchi,2022-01-22
1307,Sapna Agarwal,sapna.agarwal1114@gmail.com,Kalyan-Dombivali,2022-07-20
1308,Pooja Chauhan,pooja.chauhan7307@hotmail.com,Thane,2023-08-04
1309,Jatin Deshpande,jatin.deshpande558@gmail.com,Gwalior,2022-07-08
1310,Anil Pathak,anil.pathak3553@rediffmail.com,Vijayawada,2022-09-07
1311,Shikha Chawla,shikha.chawla1416@rediffmail.com,Jaipur,2024-02-09
1312,Sanjeev Srivastava,sanjeev.srivastava9275@yahoo.com,Ahmedabad,2023-01-13
1313,Jatin Gupta,jatin.gupta7651@ymail.com,Chennai,2024-07-17
1314,Ritu Goyal,ritu.goyal6996@ymail.com,Madurai,2023-10-25
1315,Jatin Das,jatin.das1213@hotmail.com,Bareilly,2022-05-08
1316,Madhav Kaur,madhav.kaur5451@gmail.com,Visakhapatnam,2023-06-27
1317,Dev Malhotra,dev.malhotra1138@outlook.com,Nagpur,2024-03-15
1318,Dev Reddy,dev.reddy8062@gmail.com,Surat,2024-06-02
1319,Harish Pillai,harish.pillai1741@outlook.com,Guwahati,2023-06-15
1320,Aryan Arora,aryan.arora1195@gmail.com,Howrah,2023-05-29
1321,Sonu Malhotra,sonu.malhotra308@outlook.com,Surat,2022-01-02
1322,Anand Arora,anand.arora6398@hotmail.com,Surat,2023-11-07
1323,Yash Khanna,yash.khanna9415@gmail.com,Amritsar,2024-10-01
1324,Nitesh Kumar,nitesh.kumar6618@ymail.com,Bareilly,2022-05-24
1325,Priya Dutta,priya.dutta55@outlook.com,Kota,2024-09-14
1326,Ashish Pande,ashish.pande8771@hotmail.com,Agra,2023-09-13
1327,Meena Bansal,meena.bansal1486@hotmail.com,Allahabad,2023-11-28
1328,Ankit Yadav,ankit.yadav7531@hotmail.com,Jodhpur,2023-02-20
1329,Dev Nanda,dev.nanda645@outlook.com,Madurai,2023-01-27
1330,Kavita Sharma,kavita.sharma6392@gmail.com,Vijayawada,2024-01-06
1331,Nitika Bhatt,nitika.bhatt7176@ymail.com,Nagpur,2022-10-14
1332,Amit Deshpande,amit.deshpande416@ymail.com,Coimbatore,2023-05-04
1333,Nitika Kaur,nitika.kaur1033@rediffmail.com,Jodhpur,2023-09-23
1334,Om Naik,om.naik7362@gmail.com,Bengaluru,2023-11-26
1335,Anil Jha,anil.jha702@outlook.com,Ahmedabad,2023-03-10
1336,Suresh Reddy,suresh.reddy8571@outlook.com,Raipur,2022-11-02
1337,Shyam Patel,shyam.patel3818@gmail.com,Bengaluru,2022-10-17
1338,Nitika Reddy,nitika.reddy313@outlook.com,Gwalior,2022-04-04
1339,Isha Sharma,isha.sharma2139@gmail.com,Kanpur,2022-04-13
1340,Yash Iyer,yash.iyer1595@outlook.com,Gwalior,2022-12-16
1341,Tarun Patel,tarun.patel1048@gmail.com,Ahmedabad,2024-10-15
1342,Reena Varma,reena.varma3614@gmail.com,Nagpur,2024-05-22
1343,Kunal Varma,kunal.varma6587@hotmail.com,Ahmedabad,2022-10-09
1344,Komal Yadav,komal.yadav3494@gmail.com,Coimbatore,2022-12-22
1345,Krishna Bhatia,krishna.bhatia1979@hotmail.com,Surat,2024-04-30
1346,Deepika Sharma,deepika.sharma6061@rediffmail.com,Lucknow,2024-06-17
1347,Isha Banerjee,isha.banerjee9536@gmail.com,Jaipur,2022-07-24
1348,Sunil Bose,sunil.bose6163@yahoo.com,Delhi,2024-09-24
1349,Ankit Agarwal,ankit.agarwal119@yahoo.com,Kolkata,2023-08-05
1350,Mihir Sharma,mihir.sharma7799@ymail.com,Jaipur,2023-02-27
1351,Bhaskar Rao,bhaskar.rao4440@rediffmail.com,Varanasi,2024-04-23
1352,Ishaan Desai,ishaan.desai617@rediffmail.com,Kanpur,2024-10-20
1353,Rohan Bhatt,rohan.bhatt4935@hotmail.com,Kalyan-Dombivali,2022-01-10
1354,Rajesh Garg,rajesh.garg3145@gmail.com,Navi Mumbai,2022-07-15
1355,Rohini Kapoor,rohini.kapoor8843@rediffmail.com,Thane,2024-08-08
1356,Sonali Rao,sonali.rao3410@hotmail.com,Hyderabad,2023-02-01
1357,Asha Trivedi,asha.trivedi2445@ymail.com,Aurangabad,2024-10-15
1358,Dev Das,dev.das707@gmail.com,Jodhpur,2024-01-16
1359,Kajal Dubey,kajal.dubey7122@hotmail.com,Agra,2024-07-17
1360,Amitabh Chauhan,amitabh.chauhan860@rediffmail.com,Kanpur,2022-11-20
1361,Sudhir Ahuja,sudhir.ahuja7948@rediffmail.com,Ahmedabad,2022-05-26
1362,Vivek Garg,vivek.garg7288@rediffmail.com,Coimbatore,2023-10-30
1363,Mihir Deshpande,mihir.deshpande5337@yahoo.com,Bareilly,2022-08-14
1364,Komal Dutta,komal.dutta1607@yahoo.com,Solapur,2024-04-24
1365,Vikram Deshpande,vikram.deshpande6153@yahoo.com,Chennai,2024-08-22
1366,Ramesh Modi,ramesh.modi891@outlook.com,Surat,2023-03-19
1367,Ritu Pillai,ritu.pillai7455@yahoo.com,Meerut,2024-02-04
1368,Ayesha Mehta,ayesha.mehta3182@ymail.com,Nashik,2023-07-07
1369,Geeta Jha,geeta.jha2085@gmail.com,Kota,2022-05-03
1370,Kabir Chopra,kabir.chopra1821@outlook.com,Srinagar,2024-05-06
1371,Deepika Srivastava,deepika.srivastava5630@yahoo.com,Patna,2022-11-18
1372,Sunil Trivedi,sunil.trivedi2785@rediffmail.com,Ranchi,2023-04-16
1373,Ansh Kulkarni,ansh.kulkarni8549@outlook.com,Indore,2024-08-27
1374,Uday Mehta,uday.mehta4574@gmail.com,Chandigarh,2024-05-26
1375,Shyam Chakraborty,shyam.chakraborty4042@yahoo.com,Ludhiana,2024-06-08
1376,Ramesh Dutta,ramesh.dutta9696@yahoo.com,Howrah,2022-01-11
1377,Mihir Arora,mihir.arora657@outlook.com,Chandigarh,2024-10-29
1378,Amit Kumar,amit.kumar8702@outlook.com,Aurangabad,2022-07-20
1379,Neha Modi,neha.modi3941@gmail.com,Ranchi,2022-01-26
1380,Shailesh Singh,shailesh.singh6663@yahoo.com,Jaipur,2024-01-05
1381,Karan Garg,karan.garg1487@gmail.com,Aurangabad,2023-09-17
1382,Deepak Shukla,deepak.shukla7525@rediffmail.com,Solapur,2022-02-19
1383,Nikhil Mehta,nikhil.mehta2272@ymail.com,Rajkot,2023-01-14
1384,Sunil Chakraborty,sunil.chakraborty6069@ymail.com,Srinagar,2022-01-03
1385,Vikas Rao,vikas.rao1159@outlook.com,Kota,2023-11-13
1386,Pooja Arora,pooja.arora4860@outlook.com,Hubli,2023-07-07
1387,Shanti Pillai,shanti.pillai8888@rediffmail.com,Indore,2022-06-15
1388,Rohini Mukherjee,rohini.mukherjee5501@ymail.com,Hyderabad,2024-11-20
1389,Yogesh Shah,yogesh.shah5964@gmail.com,Ahmedabad,2024-02-24
1390,Lata Mehta,lata.mehta670@hotmail.com,Faridabad,2022-12-25
1391,Sandeep Nanda,sandeep.nanda1098@rediffmail.com,Guwahati,2023-02-24
1392,Ayesha Jha,ayesha.jha3910@rediffmail.com,Ahmedabad,2024-09-06
1393,Shyam Srivastava,shyam.srivastava9505@ymail.com,Indore,2023-04-07
1394,Komal Joshi,komal.joshi4381@rediffmail.com,Raipur,2024-05-16
1395,Kabir Bansal,kabir.bansal1039@hotmail.com,Nashik,2024-07-15
1396,Nitika Murthy,nitika.murthy8630@gmail.com,Aurangabad,2024-12-25
1397,Sapna Verma,sapna.verma8731@hotmail.com,Varanasi,2024-01-24
1398,Sunita Shah,sunita.shah1076@yahoo.com,Srinagar,2022-06-28
1399,Ankit Khanna,ankit.khanna2930@hotmail.com,Chennai,2022-08-12
1400,Deepika Goyal,deepika.goyal1836@ymail.com,Surat,2024-10-13
1401,Chandra Chakraborty,chandra.chakraborty3347@rediffmail.com,Vijayawada,2022-02-16
1402,Karan Kulkarni,karan.kulkarni8871@yahoo.com,Aurangabad,2023-12-12
1403,Mihir Malhotra,mihir.malhotra352@hotmail.com,Nagpur,2022-05-09
1404,Ajay Chakraborty,ajay.chakraborty3807@rediffmail.com,Jodhpur,2023-11-19
1405,Megha Patel,megha.patel5617@ymail.com,Jodhpur,2023-10-31
1406,Nitika Patel,nitika.patel8687@rediffmail.com,Varanasi,2024-07-26
1407,Kavita Pande,kavita.pande2162@hotmail.com,Lucknow,2023-06-17
1408,Hemant Mishra,hemant.mishra6094@hotmail.com,Bareilly,2022-04-07
1409,Bhaskar Joshi,bhaskar.joshi4660@outlook.com,Lucknow,2022-11-26
1410,Shilpa Naik,shilpa.naik4674@yahoo.com,Kanpur,2022-11-11
1411,Deepak Garg,deepak.garg1916@gmail.com,Ludhiana,2022-09-17
1412,Neeraj Ghosh,neeraj.ghosh6057@yahoo.com,Indore,2022-03-13
1413,Santosh Jain,santosh.jain5634@yahoo.com,Faridabad,2024-07-07
1414,Priya Das,priya.das8744@hotmail.com,Ahmedabad,2022-02-21
1415,Meena Banerjee,meena.banerjee8183@yahoo.com,Srinagar,2023-10-18
1416,Chandra Agarwal,chandra.agarwal8949@rediffmail.com,Agra,2023-08-29
1417,Nisha Sengupta,nisha.sengupta4749@rediffmail.com,Madurai,2022-10-29
1418,Sunita Pande,sunita.pande7244@hotmail.com,Kota,2022-08-19
1419,Shruti Mishra,shruti.mishra657@yahoo.com,Raipur,2022-08-28
1420,Kedar Ahuja,kedar.ahuja6581@rediffmail.com,Thane,2024-07-02
1421,Lalit Bhatt,lalit.bhatt5348@gmail.com,Jabalpur,2023-02-04
1422,Ramesh Nair,ramesh.nair3640@hotmail.com,Nagpur,2022-02-16
1423,Ankit Naik,ankit.naik7299@ymail.com,Madurai,2022-06-28
1424,Parul Khanna,parul.khanna3186@outlook.com,Ludhiana,2024-11-13
1425,Anil Chatterjee,anil.chatterjee5916@outlook.com,Surat,2024-05-25
1426,Lokesh Kaur,lokesh.kaur6109@gmail.com,Patna,2023-12-08
1427,Lakshmi Iyer,lakshmi.iyer7301@rediffmail.com,Kolkata,2023-03-18
1428,Shruti Mukherjee,shruti.mukherjee7279@ymail.com,Kalyan-Dombivali,2024-06-25
1429,Kajal Das,kajal.das6945@ymail.com,Kalyan-Dombivali,2022-10-13
1430,Tarun Patel,tarun.patel9797@gmail.com,Surat,2023-03-02
1431,Kavita Mishra,kavita.mishra8607@hotmail.com,Chennai,2024-02-09
1432,Ansh Agarwal,ansh.agarwal6709@ymail.com,Pimpri-Chinchwad,2024-04-28
1433,Dev Nanda,dev.nanda7572@ymail.com,Howrah,2022-10-08
1434,Geeta Desai,geeta.desai6255@hotmail.com,Ranchi,2024-10-01
1435,Amitabh Verma,amitabh.verma4948@rediffmail.com,Vadodara,2024-10-08
1436,Rajesh Sinha,rajesh.sinha7594@yahoo.com,Delhi,2022-01-06
1437,Chandra Ghosh,chandra.ghosh4918@ymail.com,Vijayawada,2024-08-25
1438,Ashish Reddy,ashish.reddy4714@outlook.com,Kanpur,2024-10-04
1439,Yogesh Sharma,yogesh.sharma4010@gmail.com,Ahmedabad,2023-07-22
1440,Om Bhatia,om.bhatia9813@ymail.com,Faridabad,2024-09-11
1441,Rakesh Kumar,rakesh.kumar4226@ymail.com,Raipur,2024-09-01
1442,Shailesh Verma,shailesh.verma1960@hotmail.com,Amritsar,2022-02-05
1443,Uma Ghosh,uma.ghosh2669@rediffmail.com,Hyderabad,2022-10-27
1444,Kiran Mehta,kiran.mehta2220@hotmail.com,Lucknow,2022-04-19
1445,Jyoti Kapoor,jyoti.kapoor6874@ymail.com,Nashik,2022-04-10
1446,Karan Gupta,karan.gupta8678@ymail.com,Chennai,2024-11-18
1447,Gaurav Tiwari,gaurav.tiwari3003@gmail.com,Jabalpur,2022-12-09
1448,Priya Jain,priya.jain5181@ymail.com,Vadodara,2023-07-10
1449,Seema Sharma,seema.sharma5940@gmail.com,Allahabad,2023-12-22
1450,Tanvi Choudhary,tanvi.choudhary212@yahoo.com,Navi Mumbai,2023-07-31
1451,Lokesh Tiwari,lokesh.tiwari7945@outlook.com,Agra,2022-11-30
1452,Aryan Dubey,aryan.dubey2533@rediffmail.com,Thane,2023-01-21
1453,Sunil Sengupta,sunil.sengupta9154@rediffmail.com,Kota,2024-12-12
1454,Uma Naik,uma.naik9030@ymail.com,Hubli,2022-08-22
1455,Mihir Mehta,mihir.mehta1252@gmail.com,Jaipur,2022-02-05
1456,Nitesh Joshi,nitesh.joshi5105@ymail.com,Faridabad,2022-10-12
1457,Swati Malhotra,swati.malhotra9792@rediffmail.com,Hubli,2023-12-02
1458,Dev Shukla,dev.shukla4992@gmail.com,Solapur,2022-08-31
1459,Heena Chopra,heena.chopra2333@ymail.com,Thane,2023-09-22
1460,Ashok Dubey,ashok.dubey2134@gmail.com,Vasai-Virar,2022-08-17
1461,Ankita Ahuja,ankita.ahuja7935@outlook.com,Bengaluru,2023-02-07
1462,Aryan Arora,aryan.arora8413@rediffmail.com,Hyderabad,2024-08-18
1463,Ashish Chatterjee,ashish.chatterjee4146@gmail.com,Chennai,2023-09-10
1464,Santosh Agarwal,santosh.agarwal1582@gmail.com,Jabalpur,2023-02-25
1465,Ravi Sengupta,ravi.sengupta3278@yahoo.com,Madurai,2023-12-21
1466,Akash Bhatt,akash.bhatt2385@ymail.com,Pimpri-Chinchwad,2023-12-14
1467,Lalit Das,lalit.das8203@ymail.com,Gwalior,2023-05-11
1468,Paras Pande,paras.pande1120@gmail.com,Coimbatore,2022-01-29
1469,Pooja Dubey,pooja.dubey3139@hotmail.com,Lucknow,2022-01-09
1470,Shiv Chauhan,shiv.chauhan3507@rediffmail.com,Guwahati,2024-08-30
1471,Lata Sharma,lata.sharma9657@yahoo.com,Varanasi,2022-08-08
1472,Divya Yadav,divya.yadav5814@outlook.com,Vasai-Virar,2023-03-15
1473,Parul Dutta,parul.dutta6678@gmail.com,Hubli,2023-10-06
1474,Ashish Mehta,ashish.mehta1808@rediffmail.com,Jaipur,2024-10-12
1475,Sonal Kapoor,sonal.kapoor4724@rediffmail.com,Chandigarh,2022-03-25
1476,Ankit Jain,ankit.jain8089@gmail.com,Meerut,2023-08-04
1477,Nikhil Pathak,nikhil.pathak5112@ymail.com,Varanasi,2023-04-08
1478,Rahul Kulkarni,rahul.kulkarni4762@outlook.com,Nagpur,2022-05-23
1479,Vivek Yadav,vivek.yadav7794@ymail.com,Faridabad,2023-01-03
1480,Aditya Shah,aditya.shah8056@ymail.com,Pune,2024-03-22
1481,Neeraj Nair,neeraj.nair1393@gmail.com,Surat,2024-03-19
1482,Meena Sharma,meena.sharma9676@gmail.com,Solapur,2022-12-12
1483,Anjali Kapoor,anjali.kapoor3262@hotmail.com,Nagpur,2024-04-07
1484,Ashish Dutta,ashish.dutta6959@ymail.com,Dhanbad,2023-07-25
1485,Sonal Shukla,sonal.shukla9535@rediffmail.com,Pimpri-Chinchwad,2024-03-30
1486,Lalit Mishra,lalit.mishra9883@outlook.com,Dhanbad,2024-11-13
1487,Kabir Choudhary,kabir.choudhary7449@gmail.com,Ahmedabad,2023-05-29
1488,Nitika Modi,nitika.modi3782@ymail.com,Jaipur,2022-03-02
1489,Arjun Sinha,arjun.sinha866@gmail.com,Dhanbad,2022-02-24
1490,Dev Kaur,dev.kaur9906@ymail.com,Ludhiana,2022-11-09
1491,Kavita Pillai,kavita.pillai1579@gmail.com,Madurai,2024-11-30
1492,Sonali Modi,sonali.modi7636@yahoo.com,Patna,2024-10-16
1493,Nitika Murthy,nitika.murthy4288@rediffmail.com,Agra,2022-02-06
1494,Sonal Arora,sonal.arora7052@gmail.com,Meerut,2024-07-10
1495,Kiran Bose,kiran.bose6166@outlook.com,Srinagar,2022-03-15
1496,Amit Desai,amit.desai9121@ymail.com,Bareilly,2023-09-13
1497,Vinod Shukla,vinod.shukla2690@outlook.com,Vasai-Virar,2022-10-03
1498,Kedar Shukla,kedar.shukla6375@outlook.com,Hubli,2022-08-13
1499,Rakesh Shah,rakesh.shah8038@ymail.com,Ranchi,2024-08-20
1500,Nisha Nanda,nisha.nanda2561@rediffmail.com,Hyderabad,2024-03-12
1501,Jayesh Modi,jayesh.modi9684@outlook.com,Gwalior,2023-12-24
1502,Sonali Gupta,sonali.gupta5251@gmail.com,Delhi,2022-04-03
1503,Ashok Yadav,ashok.yadav6004@hotmail.com,Solapur,2022-02-25
1504,Sonal Sengupta,sonal.sengupta5592@outlook.com,Pune,2024-05-26
1505,Lakshmi Joshi,lakshmi.joshi6750@hotmail.com,Hyderabad,2023-05-16
1506,Isha Garg,isha.garg5114@rediffmail.com,Kolkata,2022-05-15
1507,Vikram Iyer,vikram.iyer1876@hotmail.com,Lucknow,2022-02-10
1508,Pradeep Jain,pradeep.jain613@outlook.com,Madurai,2024-05-15
1509,Rakesh Murthy,rakesh.murthy6901@hotmail.com,Delhi,2024-08-19
1510,Ravi Ahuja,ravi.ahuja5186@outlook.com,Howrah,2024-03-10
1511,Komal Pande,komal.pande1602@outlook.com,Pune,2023-02-26
1512,Kunal Modi,kunal.modi8238@ymail.com,Agra,2022-12-08
1513,Rohan Iyer,rohan.iyer5953@outlook.com,Nagpur,2024-10-14
1514,Sahil Bose,sahil.bose1235@rediffmail.com,Indore,2023-08-12
1515,Jayesh Bansal,jayesh.bansal4872@rediffmail.com,Rajkot,2023-04-08
1516,Rohini Sinha,rohini.sinha1507@ymail.com,Coimbatore,2022-07-14
1517,Ravi Jha,ravi.jha4479@gmail.com,Howrah,2024-12-23
1518,Nisha Kumar,nisha.kumar3437@hotmail.com,Chennai,2023-09-11
1519,Paras Varma,paras.varma4914@outlook.com,Madurai,2023-10-04
1520,Geeta Kulkarni,geeta.kulkarni6592@hotmail.com,Gwalior,2024-11-21
1521,Nikhil Saxena,nikhil.saxena8972@yahoo.com,Delhi,2024-11-23
1522,Vikas Desai,vikas.desai9452@outlook.com,Indore,2024-08-15
1523,Jyoti Banerjee,jyoti.banerjee8729@rediffmail.com,Bareilly,2024-06-07
1524,Anand Pande,anand.pande982@rediffmail.com,Nagpur,2024-01-17
1525,Nilesh Choudhary,nilesh.choudhary3939@yahoo.com,Solapur,2023-09-07
1526,Uma Kumar,uma.kumar6722@hotmail.com,Chennai,2023-02-21
1527,Uma Kulkarni,uma.kulkarni4374@hotmail.com,Jodhpur,2022-11-25
1528,Jatin Shah,jatin.shah9851@yahoo.com,Rajkot,2023-05-04
1529,Asha Choudhary,asha.choudhary3145@gmail.com,Bhopal,2023-09-28
1530,Nilesh Modi,nilesh.modi9173@outlook.com,Vasai-Virar,2022-03-17
1531,Geeta Das,geeta.das4469@yahoo.com,Delhi,2023-06-14
1532,Sunil Varma,sunil.varma4552@ymail.com,Ranchi,2022-12-27
1533,Sandeep Bose,sandeep.bose692@ymail.com,Dhanbad,2022-02-10
1534,Anil Chakraborty,anil.chakraborty1376@hotmail.com,Jabalpur,2023-09-03
1535,Vikas Bhatia,vikas.bhatia6669@hotmail.com,Madurai,2022-07-04
1536,Manish Yadav,manish.yadav2303@yahoo.com,Ahmedabad,2024-10-21
1537,Anand Chawla,anand.chawla8552@ymail.com,Coimbatore,2024-12-11
1538,Jatin Modi,jatin.modi1479@yahoo.com,Jabalpur,2022-09-08
1539,Sonali Varma,sonali.varma5135@hotmail.com,Coimbatore,2024-03-09
1540,Suresh Sinha,suresh.sinha3866@outlook.com,Indore,2022-10-23
1541,Aryan Desai,aryan.desai3508@hotmail.com,Varanasi,2024-04-16
1542,Jatin Chakraborty,jatin.chakraborty9659@gmail.com,Dhanbad,2024-12-28
1543,Lokesh Sharma,lokesh.sharma1851@hotmail.com,Allahabad,2024-05-17
1544,Nisha Shah,nisha.shah4037@hotmail.com,Surat,2024-01-14
1545,Nisha Shukla,nisha.shukla6026@hotmail.com,Delhi,2022-03-13
1546,Uday Sinha,uday.sinha896@ymail.com,Madurai,2023-05-06
1547,Jatin Nanda,jatin.nanda6303@hotmail.com,Vijayawada,2024-01-14
1548,Yash Varma,yash.varma2000@rediffmail.com,Bhopal,2024-06-25
1549,Mahesh Agarwal,mahesh.agarwal6439@hotmail.com,Vadodara,2022-07-04
1550,Anand Verma,anand.verma3858@hotmail.com,Indore,2022-11-25
1551,Zara Malhotra,zara.malhotra5197@ymail.com,Kalyan-Dombivali,2022-03-11
1552,Kabir Chakraborty,kabir.chakraborty1313@outlook.com,Aurangabad,2024-04-25
1553,Ritu Yadav,ritu.yadav5452@ymail.com,Vasai-Virar,2022-07-25
1554,Tanvi Das,tanvi.das4276@rediffmail.com,Chennai,2023-12-22
1555,Mihir Pathak,mihir.pathak8974@ymail.com,Ludhiana,2024-07-17
1556,Shailesh Ahuja,shailesh.ahuja854@ymail.com,Jodhpur,2023-01-12
1557,Sachin Malhotra,sachin.malhotra2230@gmail.com,Rajkot,2023-02-14
1558,Sachin Iyer,sachin.iyer5141@rediffmail.com,Kolkata,2022-08-15
1559,Deepak Garg,deepak.garg8461@ymail.com,Bareilly,2022-09-24
1560,Uma Pathak,uma.pathak6723@hotmail.com,Varanasi,2024-09-06
1561,Vikram Sinha,vikram.sinha2188@hotmail.com,Kanpur,2023-11-02
1562,Sunita Gupta,sunita.gupta3255@gmail.com,Kalyan-Dombivali,2024-01-23
1563,Divya Khanna,divya.khanna6183@rediffmail.com,Thane,2022-02-12
1564,Ajay Banerjee,ajay.banerjee9151@ymail.com,Gwalior,2023-04-14
1565,Yogesh Bhatt,yogesh.bhatt7577@yahoo.com,Visakhapatnam,2022-12-12
1566,Ananya Khanna,ananya.khanna7028@rediffmail.com,Visakhapatnam,2022-11-02
1567,Ansh Kapoor,ansh.kapoor2788@rediffmail.com,Ahmedabad,2022-01-29
1568,Shilpa Nair,shilpa.nair7130@outlook.com,Raipur,2024-10-09
1569,Ashish Dutta,ashish.dutta3329@yahoo.com,Pimpri-Chinchwad,2023-08-13
1570,Simran Modi,simran.modi6260@yahoo.com,Vasai-Virar,2023-02-28
1571,Reena Dubey,reena.dubey4637@ymail.com,Raipur,2023-01-23
1572,Mihir Desai,mihir.desai6694@yahoo.com,Delhi,2023-08-18
1573,Jayesh Garg,jayesh.garg7389@yahoo.com,Faridabad,2024-07-27
1574,Ankit Agarwal,ankit.agarwal7683@yahoo.com,Ludhiana,2024-03-25
1575,Seema Dubey,seema.dubey6284@ymail.com,Vasai-Virar,2023-06-09
1576,Ankita Chauhan,ankita.chauhan9126@gmail.com,Hyderabad,2023-11-13
1577,Anand Garg,anand.garg7716@hotmail.com,Jabalpur,2022-04-04
1578,Aarav Ghosh,aarav.ghosh8267@rediffmail.com,Meerut,2023-09-12
1579,Manish Saxena,manish.saxena6077@yahoo.com,Ranchi,2022-03-26
1580,Ramesh Desai,ramesh.desai4265@yahoo.com,Amritsar,2024-10-06
1581,Anand Jha,anand.jha7670@yahoo.com,Kolkata,2023-10-12
1582,Shikha Nair,shikha.nair7094@yahoo.com,Visakhapatnam,2022-08-28
1583,Kiran Arora,kiran.arora2096@outlook.com,Pimpri-Chinchwad,2024-01-09
1584,Ritu Kumar,ritu.kumar4636@hotmail.com,Gwalior,2023-06-25
1585,Pavan Jain,pavan.jain7140@yahoo.com,Ludhiana,2024-10-03
1586,Sonal Choudhary,sonal.choudhary9105@ymail.com,Vijayawada,2024-06-20
1587,Ananya Deshpande,ananya.deshpande2436@gmail.com,Thane,2023-01-11
1588,Amit Mishra,amit.mishra4264@yahoo.com,Guwahati,2024-08-14
1589,Mukesh Chawla,mukesh.chawla8109@gmail.com,Varanasi,2024-01-01
1590,Shikha Nanda,shikha.nanda7950@outlook.com,Dhanbad,2022-08-19
1591,Uma Singh,uma.singh2426@gmail.com,Nashik,2022-07-11
1592,Girish Chakraborty,girish.chakraborty4655@yahoo.com,Lucknow,2024-11-07
1593,Tanvi Goyal,tanvi.goyal9229@ymail.com,Coimbatore,2023-03-11
1594,Ramesh Agarwal,ramesh.agarwal8619@rediffmail.com,Kanpur,2024-05-02
1595,Zara Bhatia,zara.bhatia4034@outlook.com,Raipur,2022-07-13
1596,Vinod Jha,vinod.jha426@hotmail.com,Raipur,2022-09-07
1597,Manish Kapoor,manish.kapoor9673@gmail.com,Ludhiana,2022-11-11
1598,Akash Bhatt,akash.bhatt7541@ymail.com,Madurai,2024-09-09
1599,Nikhil Rao,nikhil.rao4413@rediffmail.com,Madurai,2022-01-12
1600,Krishna Arora,krishna.arora7424@hotmail.com,Chandigarh,2022-09-22
1601,Harish Chakraborty,harish.chakraborty798@ymail.com,Patna,2023-10-24
1602,Sunita Bansal,sunita.bansal1159@rediffmail.com,Jabalpur,2024-02-21
1603,Ansh Khanna,ansh.khanna4181@yahoo.com,Bhopal,2024-03-27
1604,Ansh Ahuja,ansh.ahuja3412@yahoo.com,Meerut,2024-04-04
1605,Kajal Reddy,kajal.reddy2526@gmail.com,Vadodara,2024-10-02
1606,Sunita Kumar,sunita.kumar5081@ymail.com,Jabalpur,2022-09-26
1607,Lalit Saxena,lalit.saxena1575@hotmail.com,Amritsar,2023-02-14
1608,Nitika Malhotra,nitika.malhotra6359@outlook.com,Pimpri-Chinchwad,2024-05-16
1609,Ansh Srivastava,ansh.srivastava6923@hotmail.com,Gwalior,2023-01-17
1610,Mukesh Rao,mukesh.rao6980@gmail.com,Bengaluru,2024-11-17
1611,Kunal Mehta,kunal.mehta3674@ymail.com,Raipur,2022-11-14
1612,Anand Modi,anand.modi8639@ymail.com,Jodhpur,2024-12-10
1613,Ankit Gupta,ankit.gupta7672@outlook.com,Kolkata,2024-09-05
1614,Kavita Choudhary,kavita.choudhary2094@ymail.com,Vadodara,2023-05-25
1615,Pavan Kumar,pavan.kumar4842@rediffmail.com,Hyderabad,2022-06-06
1616,Zara Arora,zara.arora8412@gmail.com,Amritsar,2024-05-20
1617,Megha Chauhan,megha.chauhan7613@ymail.com,Chandigarh,2023-06-03
1618,Lalit Ghosh,lalit.ghosh9594@gmail.com,Bareilly,2024-10-28
1619,Ajay Chawla,ajay.chawla7584@yahoo.com,Kanpur,2024-03-15
1620,Amitabh Bhatt,amitabh.bhatt6820@ymail.com,Vadodara,2023-10-05
1621,Ravi Singh,ravi.singh7455@ymail.com,Varanasi,2023-06-27
1622,Kunal Chatterjee,kunal.chatterjee3067@yahoo.com,Kanpur,2022-06-10
1623,Simran Pathak,simran.pathak4249@ymail.com,Pune,2024-06-07
1624,Pradeep Ahuja,pradeep.ahuja96@outlook.com,Ahmedabad,2022-01-28
1625,Deepika Reddy,deepika.reddy7818@outlook.com,Kota,2024-04-09
1626,Vikram Saxena,vikram.saxena9862@ymail.com,Dhanbad,2023-09-13
1627,Rohini Verma,rohini.verma5911@ymail.com,Raipur,2024-03-19
1628,Sunita Iyer,sunita.iyer1436@yahoo.com,Jaipur,2022-01-29
1629,Gaurav Chawla,gaurav.chawla261@ymail.com,Nagpur,2022-02-24
1630,Girish Mishra,girish.mishra2379@ymail.com,Bhopal,2024-06-11
1631,Uday Rao,uday.rao8825@yahoo.com,Kolkata,2023-09-09
1632,Sonali Mehta,sonali.mehta2428@outlook.com,Vasai-Virar,2022-02-14
1633,Asha Das,asha.das2498@ymail.com,Kota,2024-06-30
1634,Nitika Mishra,nitika.mishra322@outlook.com,Coimbatore,2023-05-12
1635,Geeta Gupta,geeta.gupta9330@outlook.com,Hyderabad,2023-11-15
1636,Aditya Chauhan,aditya.chauhan7075@outlook.com,Dhanbad,2023-08-19
1637,Amit Modi,amit.modi6549@outlook.com,Amritsar,2024-09-26
1638,Hemant Shukla,hemant.shukla995@rediffmail.com,Delhi,2024-05-14
1639,Ram Jain,ram.jain9065@gmail.com,Pimpri-Chinchwad,2024-05-04
1640,Vinod Mishra,vinod.mishra1916@outlook.com,Gwalior,2023-12-12
1641,Neha Sharma,neha.sharma7148@gmail.com,Lucknow,2023-08-13
1642,Shiv Deshpande,shiv.deshpande7689@hotmail.com,Varanasi,2023-04-21
1643,Paras Dutta,paras.dutta9629@ymail.com,Agra,2024-08-17
1644,Ashok Mukherjee,ashok.mukherjee4807@ymail.com,Guwahati,2024-03-10
1645,Mihir Yadav,mihir.yadav5903@outlook.com,Lucknow,2023-03-01
1646,Kajal Sharma,kajal.sharma1413@ymail.com,Aurangabad,2022-09-22
1647,Dev Deshpande,dev.deshpande2562@rediffmail.com,Dhanbad,2022-07-26
1648,Sunil Kulkarni,sunil.kulkarni8090@hotmail.com,Bhopal,2023-03-05
1649,Rajesh Bansal,rajesh.bansal298@hotmail.com,Visakhapatnam,2024-01-02
1650,Sapna Das,sapna.das2863@rediffmail.com,Bengaluru,2022-05-11
1651,Kunal Kumar,kunal.kumar1868@rediffmail.com,Thane,2022-09-05
1652,Rajesh Dutta,rajesh.dutta7969@hotmail.com,Agra,2023-12-29
1653,Sonali Arora,sonali.arora9127@hotmail.com,Surat,2024-11-21
1654,Ritesh Saxena,ritesh.saxena1707@ymail.com,Hyderabad,2024-06-15
1655,Sunita Mehta,sunita.mehta1818@gmail.com,Gwalior,2022-07-28
1656,Tanvi Nanda,tanvi.nanda688@rediffmail.com,Pune,2022-12-09
1657,Sachin Chawla,sachin.chawla3366@hotmail.com,Lucknow,2023-08-22
1658,Shikha Malhotra,shikha.malhotra8289@outlook.com,Chandigarh,2022-07-23
1659,Chandra Reddy,chandra.reddy5960@hotmail.com,Jaipur,2022-09-09
1660,Uma Deshpande,uma.deshpande7195@outlook.com,Bareilly,2022-01-14
1661,Isha Yadav,isha.yadav7761@hotmail.com,Patna,2024-10-31
1662,Deepika Bhatt,deepika.bhatt4359@hotmail.com,Guwahati,2024-04-29
1663,Lata Rao,lata.rao4022@yahoo.com,Hubli,2024-12-20
1664,Mihir Trivedi,mihir.trivedi3739@yahoo.com,Vasai-Virar,2024-04-26
1665,Zara Kulkarni,zara.kulkarni7517@rediffmail.com,Raipur,2024-01-11
1666,Akash Malhotra,akash.malhotra2386@gmail.com,Guwahati,2024-11-25
1667,Anjali Bhatt,anjali.bhatt5543@hotmail.com,Rajkot,2022-12-03
1668,Mukesh Bansal,mukesh.bansal6444@gmail.com,Madurai,2022-11-06
1669,Yash Pande,yash.pande948@ymail.com,Guwahati,2024-11-30
1670,Karan Kulkarni,karan.kulkarni6587@ymail.com,Kota,2023-09-16
1671,Shiv Sinha,shiv.sinha5140@hotmail.com,Mumbai,2023-07-27
1672,Yash Nair,yash.nair2407@ymail.com,Rajkot,2024-07-02
1673,Sandeep Dubey,sandeep.dubey8920@rediffmail.com,Gwalior,2024-06-24
1674,Shanti Joshi,shanti.joshi6628@yahoo.com,Vadodara,2022-06-22
1675,Amit Naik,amit.naik5481@outlook.com,Chandigarh,2022-09-16
1676,Pavan Naik,pavan.naik4652@yahoo.com,Kolkata,2024-11-13
1677,Rahul Iyer,rahul.iyer8542@hotmail.com,Hubli,2022-11-24
1678,Ajay Ahuja,ajay.ahuja8847@rediffmail.com,Visakhapatnam,2023-05-10
1679,Tarun Tiwari,tarun.tiwari4980@ymail.com,Vasai-Virar,2024-10-31
1680,Asha Singh,asha.singh983@hotmail.com,Visakhapatnam,2024-11-05
1681,Lalit Chawla,lalit.chawla783@ymail.com,Ahmedabad,2024-07-08
1682,Kavita Pande,kavita.pande86@outlook.com,Agra,2023-04-29
1683,Suresh Sinha,suresh.sinha9529@rediffmail.com,Guwahati,2024-12-28
1684,Uma Pathak,uma.pathak3832@hotmail.com,Vadodara,2023-08-06
1685,Santosh Trivedi,santosh.trivedi9385@ymail.com,Jaipur,2024-02-13
1686,Pavan Sinha,pavan.sinha4058@gmail.com,Ludhiana,2024-11-23
1687,Ramesh Deshpande,ramesh.deshpande5920@outlook.com,Pune,2022-10-28
1688,Shilpa Kumar,shilpa.kumar6752@gmail.com,Kolkata,2022-05-08
1689,Mohan Mukherjee,mohan.mukherjee2131@outlook.com,Indore,2024-07-02
1690,Ankita Kapoor,ankita.kapoor8623@outlook.com,Coimbatore,2024-11-28
1691,Sonu Khanna,sonu.khanna4321@rediffmail.com,Dhanbad,2024-05-17
1692,Neeraj Sharma,neeraj.sharma8021@ymail.com,Kalyan-Dombivali,2022-11-30
1693,Bhaskar Murthy,bhaskar.murthy2083@outlook.com,Guwahati,2024-07-26
1694,Ashok Shukla,ashok.shukla8409@rediffmail.com,Ahmedabad,2023-03-12
1695,Nikhil Mishra,nikhil.mishra535@ymail.com,Lucknow,2024-01-27
1696,Zara Chawla,zara.chawla9857@outlook.com,Ahmedabad,2022-09-05
1697,Lokesh Pande,lokesh.pande4745@gmail.com,Navi Mumbai,2022-11-10
1698,Ashish Kapoor,ashish.kapoor4996@hotmail.com,Vadodara,2023-08-26
1699,Nitika Ahuja,nitika.ahuja2341@yahoo.com,Coimbatore,2024-05-13
1700,Ananya Banerjee,ananya.banerjee5000@hotmail.com,Indore,2023-01-10
1701,Swati Sinha,swati.sinha8009@gmail.com,Ahmedabad,2023-12-16
1702,Anjali Chakraborty,anjali.chakraborty733@outlook.com,Aurangabad,2023-09-27
1703,Rakesh Malhotra,rakesh.malhotra5535@outlook.com,Aurangabad,2022-09-29
1704,Sonal Chopra,sonal.chopra8271@ymail.com,Srinagar,2024-07-10
1705,Santosh Malhotra,santosh.malhotra2441@ymail.com,Ludhiana,2022-07-02
1706,Sunita Pillai,sunita.pillai6712@outlook.com,Thane,2024-03-20
1707,Kunal Naik,kunal.naik751@ymail.com,Varanasi,2023-07-23
1708,Sandeep Bhatt,sandeep.bhatt2714@ymail.com,Delhi,2023-09-25
1709,Rajesh Reddy,rajesh.reddy2029@ymail.com,Ranchi,2022-06-24
1710,Gaurav Pillai,gaurav.pillai8878@rediffmail.com,Hubli,2022-04-19
1711,Rakesh Nair,rakesh.nair3104@outlook.com,Amritsar,2022-02-08
1712,Ashish Saxena,ashish.saxena8714@yahoo.com,Delhi,2023-07-18
1713,Sudhir Dubey,sudhir.dubey4019@ymail.com,Coimbatore,2024-06-28
1714,Ankit Varma,ankit.varma8742@rediffmail.com,Ludhiana,2024-04-02
1715,Ravi Arora,ravi.arora8053@gmail.com,Agra,2024-06-14
1716,Divya Kulkarni,divya.kulkarni395@rediffmail.com,Ludhiana,2024-02-22
1717,Jatin Bhatt,jatin.bhatt1879@gmail.com,Allahabad,2022-12-11
1718,Kajal Choudhary,kajal.choudhary2993@hotmail.com,Bareilly,2022-07-03
1719,Chandra Iyer,chandra.iyer6673@ymail.com,Lucknow,2022-05-01
1720,Rohan Jain,rohan.jain2974@gmail.com,Guwahati,2022-04-30
1721,Kavita Kaur,kavita.kaur1618@hotmail.com,Surat,2024-04-25
1722,Vivek Jain,vivek.jain4226@outlook.com,Ahmedabad,2022-04-17
1723,Geeta Garg,geeta.garg9782@rediffmail.com,Bhopal,2024-10-06
1724,Parul Srivastava,parul.srivastava8265@outlook.com,Ahmedabad,2023-07-06
1725,Anil Jain,anil.jain7616@rediffmail.com,Kalyan-Dombivali,2022-05-15
1726,Nitesh Ahuja,nitesh.ahuja6677@ymail.com,Thane,2022-02-08
1727,Jyoti Nanda,jyoti.nanda9604@ymail.com,Pune,2023-05-20
1728,Sonal Nanda,sonal.nanda2058@hotmail.com,Howrah,2024-04-13
1729,Neha Bhatt,neha.bhatt8200@yahoo.com,Surat,2024-02-04
1730,Priya Das,priya.das4017@rediffmail.com,Vasai-Virar,2024-07-14
1731,Amitabh Agarwal,amitabh.agarwal7613@rediffmail.com,Patna,2022-12-09
1732,Aarav Bansal,aarav.bansal7901@hotmail.com,Jabalpur,2023-05-29
1733,Uday Shah,uday.shah6229@hotmail.com,Vijayawada,2023-03-12
1734,Ramesh Yadav,ramesh.yadav8362@hotmail.com,Bengaluru,2022-11-27
1735,Shyam Naik,shyam.naik9226@gmail.com,Vadodara,2022-07-03
1736,Manish Sharma,manish.sharma2015@yahoo.com,Chandigarh,2023-07-27
1737,Vinay Kumar,vinay.kumar3455@rediffmail.com,Amritsar,2023-10-14
1738,Vinod Shah,vinod.shah5614@ymail.com,Visakhapatnam,2024-07-16
1739,Jyoti Garg,jyoti.garg5270@hotmail.com,Indore,2024-07-30
1740,Reena Jha,reena.jha261@ymail.com,Jaipur,2022-01-05
1741,Ritesh Mishra,ritesh.mishra71@gmail.com,Raipur,2022-12-22
1742,Megha Nanda,megha.nanda8012@outlook.com,Allahabad,2022-06-16
1743,Sudhir Mukherjee,sudhir.mukherjee1271@rediffmail.com,Delhi,2024-06-30
1744,Sapna Chawla,sapna.chawla5784@outlook.com,Jabalpur,2024-01-04
1745,Mahesh Desai,mahesh.desai139@gmail.com,Srinagar,2024-01-29
1746,Anand Deshpande,anand.deshpande7284@gmail.com,Thane,2022-02-10
1747,Sonal Goyal,sonal.goyal5863@yahoo.com,Kolkata,2023-09-13
1748,Suresh Shukla,suresh.shukla3624@yahoo.com,Dhanbad,2024-01-14
1749,Amit Goyal,amit.goyal8075@ymail.com,Guwahati,2023-03-05
1750,Aarav Deshpande,aarav.deshpande6490@gmail.com,Pimpri-Chinchwad,2024-10-21
1751,Om Das,om.das9041@yahoo.com,Madurai,2022-12-26
1752,Anjali Patel,anjali.patel2102@ymail.com,Chennai,2022-09-18
1753,Jayesh Banerjee,jayesh.banerjee9338@yahoo.com,Navi Mumbai,2023-07-16
1754,Gaurav Bose,gaurav.bose379@ymail.com,Raipur,2024-12-27
1755,Rohan Ghosh,rohan.ghosh9177@outlook.com,Mumbai,2024-05-24
1756,Sandeep Shah,sandeep.shah850@hotmail.com,Vasai-Virar,2024-04-13
1757,Kabir Chawla,kabir.chawla8492@outlook.com,Dhanbad,2024-01-11
1758,Pavan Srivastava,pavan.srivastava713@ymail.com,Thane,2022-04-07
1759,Kabir Chatterjee,kabir.chatterjee6883@rediffmail.com,Varanasi,2023-10-10
1760,Aarav Khanna,aarav.khanna3189@hotmail.com,Kolkata,2022-02-21
1761,Shyam Dutta,shyam.dutta6944@gmail.com,Bhopal,2023-02-08
1762,Deepika Jha,deepika.jha5093@gmail.com,Vijayawada,2022-07-18
1763,Akash Mishra,akash.mishra7078@gmail.com,Coimbatore,2023-11-16
1764,Uday Ghosh,uday.ghosh4050@gmail.com,Aurangabad,2023-05-04
1765,Kunal Yadav,kunal.yadav892@hotmail.com,Navi Mumbai,2023-04-30
1766,Ankita Tiwari,ankita.tiwari9830@rediffmail.com,Varanasi,2022-07-15
1767,Sachin Malhotra,sachin.malhotra9486@gmail.com,Kolkata,2022-05-05
1768,Zara Arora,zara.arora6184@hotmail.com,Kota,2022-05-14
1769,Sudhir Chopra,sudhir.chopra1016@outlook.com,Hyderabad,2023-09-10
1770,Rohan Rao,rohan.rao7076@gmail.com,Pune,2022-04-25
1771,Rajesh Bansal,rajesh.bansal4832@outlook.com,Rajkot,2022-07-16
1772,Rohini Srivastava,rohini.srivastava6736@yahoo.com,Jabalpur,2022-01-22
1773,Nikhil Kaur,nikhil.kaur7606@outlook.com,Gwalior,2022-07-27
1774,Kunal Reddy,kunal.reddy426@outlook.com,Navi Mumbai,2023-11-04
1775,Ravi Deshpande,ravi.deshpande1770@gmail.com,Mumbai,2022-05-19
1776,Ravi Trivedi,ravi.trivedi3173@rediffmail.com,Jaipur,2024-11-08
1777,Jatin Joshi,jatin.joshi6898@outlook.com,Chandigarh,2024-06-29
1778,Divya Garg,divya.garg2256@gmail.com,Hyderabad,2022-09-19
1779,Kedar Patel,kedar.patel7141@rediffmail.com,Jodhpur,2024-01-03
1780,Kedar Patel,kedar.patel8867@yahoo.com,Surat,2024-08-19
1781,Kedar Pathak,kedar.pathak5619@hotmail.com,Faridabad,2022-01-17
1782,Pavan Patel,pavan.patel2370@gmail.com,Bhopal,2024-11-04
1783,Swati Yadav,swati.yadav9167@gmail.com,Vasai-Virar,2023-12-06
1784,Geeta Deshpande,geeta.deshpande3298@gmail.com,Agra,2023-01-23
1785,Santosh Mishra,santosh.mishra7658@rediffmail.com,Kota,2023-11-10
1786,Varun Patel,varun.patel9275@hotmail.com,Gwalior,2023-09-06
1787,Mihir Jha,mihir.jha2659@gmail.com,Srinagar,2022-03-28
1788,Om Dutta,om.dutta61@ymail.com,Thane,2023-04-17
1789,Nilesh Pillai,nilesh.pillai3493@yahoo.com,Aurangabad,2023-11-10
1790,Suresh Sinha,suresh.sinha6159@yahoo.com,Rajkot,2023-01-13
1791,Tanvi Agarwal,tanvi.agarwal5945@gmail.com,Chennai,2024-01-03
1792,Akash Nanda,akash.nanda1888@yahoo.com,Patna,2024-06-20
1793,Gaurav Rao,gaurav.rao9596@hotmail.com,Bengaluru,2022-03-02
1794,Geeta Deshpande,geeta.deshpande4655@yahoo.com,Thane,2023-06-21
1795,Shiv Desai,shiv.desai5568@rediffmail.com,Bhopal,2023-01-01
1796,Geeta Ahuja,geeta.ahuja2885@hotmail.com,Pune,2022-02-12
1797,Tarun Shah,tarun.shah2249@outlook.com,Jodhpur,2022-08-16
1798,Kunal Banerjee,kunal.banerjee3445@hotmail.com,Srinagar,2023-05-07
1799,Lokesh Varma,lokesh.varma6101@ymail.com,Lucknow,2024-12-15
1800,Sunita Pillai,sunita.pillai7107@ymail.com,Chennai,2022-08-31
1801,Bhaskar Mukherjee,bhaskar.mukherjee2143@yahoo.com,Nagpur,2024-12-26
1802,Madhav Sharma,madhav.sharma6132@hotmail.com,Jabalpur,2024-05-29
1803,Sahil Garg,sahil.garg757@rediffmail.com,Coimbatore,2023-01-23
1804,Varun Naik,varun.naik4820@yahoo.com,Ludhiana,2023-05-22
1805,Ananya Rao,ananya.rao4589@yahoo.com,Amritsar,2024-09-28
1806,Girish Singh,girish.singh1334@outlook.com,Madurai,2022-05-13
1807,Deepika Murthy,deepika.murthy6359@ymail.com,Hubli,2024-11-08
1808,Lokesh Modi,lokesh.modi8502@outlook.com,Kanpur,2023-10-22
1809,Shilpa Kapoor,shilpa.kapoor8610@ymail.com,Aurangabad,2024-10-10
1810,Nisha Goyal,nisha.goyal9523@outlook.com,Vijayawada,2022-03-16
1811,Girish Dutta,girish.dutta3326@outlook.com,Bhopal,2024-03-21
1812,Harish Iyer,harish.iyer6964@outlook.com,Howrah,2022-11-18
1813,Anand Yadav,anand.yadav6130@hotmail.com,Ranchi,2022-06-23
1814,Ayesha Srivastava,ayesha.srivastava1377@hotmail.com,Varanasi,2024-11-28
1815,Lalit Dutta,lalit.dutta9568@gmail.com,Srinagar,2024-11-15
1816,Rohini Jha,rohini.jha6982@outlook.com,Srinagar,2024-06-04
1817,Megha Kapoor,megha.kapoor8152@hotmail.com,Pimpri-Chinchwad,2024-02-23
1818,Akash Desai,akash.desai7237@yahoo.com,Visakhapatnam,2022-06-05
1819,Lalit Sengupta,lalit.sengupta1351@hotmail.com,Amritsar,2024-11-16
1820,Priya Reddy,priya.reddy1281@hotmail.com,Thane,2022-07-21
1821,Ashish Bhatia,ashish.bhatia5903@gmail.com,Allahabad,2023-02-15
1822,Krishna Deshpande,krishna.deshpande5395@hotmail.com,Vadodara,2023-07-17
1823,Gaurav Shukla,gaurav.shukla9897@yahoo.com,Hubli,2023-06-19
1824,Aditya Tiwari,aditya.tiwari4907@hotmail.com,Nashik,2024-04-07
1825,Meena Verma,meena.verma9502@ymail.com,Mumbai,2024-08-24
1826,Sanjay Murthy,sanjay.murthy2446@outlook.com,Thane,2023-04-10
1827,Shiv Sinha,shiv.sinha3439@outlook.com,Thane,2024-11-22
1828,Ravi Trivedi,ravi.trivedi9055@outlook.com,Chandigarh,2024-08-02
1829,Kunal Trivedi,kunal.trivedi1407@hotmail.com,Nagpur,2024-05-28
1830,Sonali Sharma,sonali.sharma6844@yahoo.com,Varanasi,2024-07-10
1831,Varun Nanda,varun.nanda494@hotmail.com,Jaipur,2022-09-20
1832,Kedar Sinha,kedar.sinha159@outlook.com,Madurai,2023-12-28
1833,Kunal Dutta,kunal.dutta6868@outlook.com,Raipur,2024-04-06
1834,Sonal Tiwari,sonal.tiwari8809@hotmail.com,Ludhiana,2022-02-17
1835,Rakesh Trivedi,rakesh.trivedi528@yahoo.com,Surat,2023-11-08
1836,Rakesh Rao,rakesh.rao9880@rediffmail.com,Howrah,2024-03-11
1837,Madhav Dubey,madhav.dubey6401@gmail.com,Allahabad,2024-03-02
1838,Gaurav Mishra,gaurav.mishra1780@hotmail.com,Howrah,2024-07-13
1839,Sahil Sengupta,sahil.sengupta4992@gmail.com,Lucknow,2022-08-02
1840,Sapna Nanda,sapna.nanda2911@gmail.com,Kota,2024-09-27
1841,Akash Desai,akash.desai3261@gmail.com,Meerut,2023-08-05
1842,Girish Dutta,girish.dutta4770@ymail.com,Navi Mumbai,2022-05-24
1843,Nikhil Bansal,nikhil.bansal6040@rediffmail.com,Mumbai,2022-12-18
1844,Komal Chakraborty,komal.chakraborty6732@outlook.com,Lucknow,2022-08-15
1845,Ashok Naik,ashok.naik6856@outlook.com,Solapur,2022-05-21
1846,Mahesh Sengupta,mahesh.sengupta3383@yahoo.com,Indore,2023-09-27
1847,Mukesh Verma,mukesh.verma7779@yahoo.com,Jabalpur,2023-09-28
1848,Ravi Deshpande,ravi.deshpande8233@ymail.com,Raipur,2024-07-28
1849,Kabir Deshpande,kabir.deshpande122@yahoo.com,Varanasi,2022-05-12
1850,Tanvi Khanna,tanvi.khanna9910@yahoo.com,Navi Mumbai,2023-11-05
1851,Yogesh Pande,yogesh.pande8044@outlook.com,Srinagar,2022-03-22
1852,Shyam Bhatt,shyam.bhatt4718@ymail.com,Srinagar,2023-12-12
1853,Shanti Yadav,shanti.yadav4874@outlook.com,Gwalior,2022-12-25
1854,Mihir Garg,mihir.garg2943@rediffmail.com,Chandigarh,2024-06-03
1855,Nikhil Kaur,nikhil.kaur3006@ymail.com,Howrah,2022-07-15
1856,Manish Sharma,manish.sharma716@yahoo.com,Lucknow,2023-07-15
1857,Vinay Rao,vinay.rao8811@hotmail.com,Madurai,2022-05-17
1858,Shanti Singh,shanti.singh3560@outlook.com,Kalyan-Dombivali,2022-09-06
1859,Lokesh Bhatia,lokesh.bhatia1724@rediffmail.com,Bareilly,2023-10-30
1860,Megha Malhotra,megha.malhotra2701@hotmail.com,Indore,2024-11-02
1861,Amitabh Mehta,amitabh.mehta438@gmail.com,Vijayawada,2024-08-03
1862,Madhav Jha,madhav.jha6543@yahoo.com,Rajkot,2022-03-19
1863,Aditya Ghosh,aditya.ghosh1879@ymail.com,Jaipur,2023-11-01
1864,Santosh Sinha,santosh.sinha7607@outlook.com,Srinagar,2022-05-20
1865,Ankit Nanda,ankit.nanda3970@ymail.com,Varanasi,2022-10-15
1866,Nisha Verma,nisha.verma4574@yahoo.com,Lucknow,2022-02-06
1867,Ritesh Chauhan,ritesh.chauhan2904@hotmail.com,Ahmedabad,2024-12-30
1868,Shyam Khanna,shyam.khanna2760@gmail.com,Madurai,2022-01-23
1869,Sapna Goyal,sapna.goyal2515@outlook.com,Nashik,2022-12-31
1870,Harish Shukla,harish.shukla565@ymail.com,Allahabad,2023-03-19
1871,Neeraj Sharma,neeraj.sharma783@ymail.com,Navi Mumbai,2022-07-30
1872,Mahesh Sharma,mahesh.sharma5052@outlook.com,Hyderabad,2022-01-10
1873,Ananya Tiwari,ananya.tiwari6184@yahoo.com,Bhopal,2024-02-07
1874,Yogesh Garg,yogesh.garg3277@gmail.com,Delhi,2024-05-13
1875,Akash Agarwal,akash.agarwal5524@yahoo.com,Raipur,2022-05-10
1876,Heena Mukherjee,heena.mukherjee1583@ymail.com,Lucknow,2022-12-09
1877,Amitabh Kulkarni,amitabh.kulkarni8397@gmail.com,Ludhiana,2023-10-23
1878,Rajesh Rao,rajesh.rao3106@rediffmail.com,Indore,2024-03-20
1879,Mohan Chawla,mohan.chawla3808@yahoo.com,Pune,2024-01-01
1880,Komal Desai,komal.desai246@outlook.com,Jodhpur,2023-10-10
1881,Aditya Kaur,aditya.kaur3486@outlook.com,Thane,2022-05-16
1882,Sanjeev Verma,sanjeev.verma4563@ymail.com,Gwalior,2024-01-26
1883,Amitabh Bhatia,amitabh.bhatia3581@outlook.com,Vadodara,2024-10-20
1884,Aryan Shukla,aryan.shukla8785@rediffmail.com,Lucknow,2023-05-31
1885,Arjun Pathak,arjun.pathak5315@ymail.com,Kota,2024-03-06
1886,Sapna Banerjee,sapna.banerjee2178@hotmail.com,Kanpur,2023-10-14
1887,Uma Saxena,uma.saxena7900@gmail.com,Agra,2022-02-06
1888,Ritesh Chatterjee,ritesh.chatterjee9586@outlook.com,Meerut,2024-11-12
1889,Sahil Sinha,sahil.sinha3809@rediffmail.com,Coimbatore,2022-01-28
1890,Hemant Ahuja,hemant.ahuja2033@hotmail.com,Bhopal,2024-05-27
1891,Sneha Garg,sneha.garg1301@gmail.com,Jaipur,2024-02-07
1892,Om Gupta,om.gupta3310@yahoo.com,Meerut,2023-02-23
1893,Sandeep Arora,sandeep.arora3901@ymail.com,Jabalpur,2024-06-27
1894,Shyam Mukherjee,shyam.mukherjee5386@yahoo.com,Pimpri-Chinchwad,2023-10-13
1895,Sandeep Trivedi,sandeep.trivedi649@rediffmail.com,Kalyan-Dombivali,2023-08-14
1896,Sneha Ahuja,sneha.ahuja3753@ymail.com,Agra,2023-12-03
1897,Isha Dubey,isha.dubey8837@gmail.com,Madurai,2023-05-24
1898,Sunita Shah,sunita.shah3645@rediffmail.com,Meerut,2024-12-03
1899,Komal Desai,komal.desai7248@ymail.com,Mumbai,2022-05-13
1900,Vikram Modi,vikram.modi1147@yahoo.com,Hyderabad,2022-10-17
1901,Girish Chopra,girish.chopra1504@yahoo.com,Coimbatore,2023-02-23
1902,Ishaan Murthy,ishaan.murthy1281@outlook.com,Chandigarh,2024-08-14
1903,Kedar Das,kedar.das3237@yahoo.com,Vasai-Virar,2022-12-28
1904,Ritesh Garg,ritesh.garg4967@hotmail.com,Howrah,2024-07-07
1905,Sahil Deshpande,sahil.deshpande4455@outlook.com,Kolkata,2024-01-07
1906,Manish Kaur,manish.kaur2749@outlook.com,Varanasi,2024-05-15
1907,Paras Pillai,paras.pillai7102@yahoo.com,Aurangabad,2022-02-10
1908,Sonal Kaur,sonal.kaur7003@gmail.com,Hubli,2023-09-07
1909,Reena Naik,reena.naik2504@rediffmail.com,Chandigarh,2022-12-26
1910,Jatin Kaur,jatin.kaur7597@hotmail.com,Srinagar,2023-08-04
1911,Madhav Nanda,madhav.nanda9930@outlook.com,Chennai,2023-11-14
1912,Ayesha Shukla,ayesha.shukla7689@yahoo.com,Surat,2023-01-24
1913,Aarav Agarwal,aarav.agarwal8204@ymail.com,Chandigarh,2024-02-06
1914,Nitika Khanna,nitika.khanna6813@outlook.com,Solapur,2024-02-04
1915,Mahesh Modi,mahesh.modi5044@ymail.com,Coimbatore,2022-05-26
1916,Megha Mukherjee,megha.mukherjee637@gmail.com,Meerut,2022-11-29
1917,Gaurav Srivastava,gaurav.srivastava7149@hotmail.com,Bareilly,2023-12-15
1918,Parul Shukla,parul.shukla8006@ymail.com,Kota,2024-01-25
1919,Shanti Bansal,shanti.bansal6314@outlook.com,Solapur,2023-05-21
1920,Isha Mishra,isha.mishra566@hotmail.com,Vijayawada,2022-02-27
1921,Shanti Saxena,shanti.saxena2423@hotmail.com,Jabalpur,2024-07-21
1922,Seema Choudhary,seema.choudhary4167@yahoo.com,Jabalpur,2022-11-27
1923,Aditya Chawla,aditya.chawla1513@ymail.com,Guwahati,2024-02-27
1924,Manish Shukla,manish.shukla9604@gmail.com,Navi Mumbai,2023-01-22
1925,Vinay Kumar,vinay.kumar2717@outlook.com,Visakhapatnam,2023-09-11
1926,Paras Naik,paras.naik6272@rediffmail.com,Vadodara,2024-04-22
1927,Sneha Mukherjee,sneha.mukherjee1457@gmail.com,Vijayawada,2023-12-07
1928,Swati Choudhary,swati.choudhary4408@ymail.com,Indore,2024-03-26
1929,Shanti Iyer,shanti.iyer106@yahoo.com,Dhanbad,2022-01-04
1930,Arjun Bhatia,arjun.bhatia6846@rediffmail.com,Kalyan-Dombivali,2023-08-14
1931,Shruti Kumar,shruti.kumar2796@yahoo.com,Faridabad,2023-01-17
1932,Shikha Chopra,shikha.chopra3245@outlook.com,Kanpur,2024-10-26
1933,Asha Malhotra,asha.malhotra9292@yahoo.com,Kanpur,2023-02-16
1934,Anil Sinha,anil.sinha2994@yahoo.com,Visakhapatnam,2024-04-17
1935,Neeraj Rao,neeraj.rao1790@ymail.com,Lucknow,2022-06-13
1936,Karan Bhatt,karan.bhatt6189@gmail.com,Pimpri-Chinchwad,2022-05-12
1937,Kunal Ahuja,kunal.ahuja9596@yahoo.com,Aurangabad,2024-09-20
1938,Sapna Srivastava,sapna.srivastava1652@gmail.com,Hyderabad,2023-06-29
1939,Sneha Agarwal,sneha.agarwal9543@gmail.com,Pune,2023-03-09
1940,Pavan Trivedi,pavan.trivedi119@outlook.com,Jabalpur,2024-12-01
1941,Sonal Goyal,sonal.goyal7962@outlook.com,Hubli,2023-11-22
1942,Ritesh Kumar,ritesh.kumar5515@hotmail.com,Raipur,2023-12-04
1943,Kiran Verma,kiran.verma3926@hotmail.com,Madurai,2024-03-27
1944,Madhav Pillai,madhav.pillai938@hotmail.com,Agra,2022-07-25
1945,Aarav Mehta,aarav.mehta6584@ymail.com,Jaipur,2022-02-22
1946,Ritesh Chawla,ritesh.chawla8694@hotmail.com,Kota,2023-05-25
1947,Lokesh Malhotra,lokesh.malhotra7786@rediffmail.com,Kalyan-Dombivali,2023-01-20
1948,Aarav Rao,aarav.rao5279@gmail.com,Vijayawada,2024-01-08
1949,Vikram Arora,vikram.arora5334@ymail.com,Varanasi,2023-04-24
1950,Ritesh Modi,ritesh.modi6557@ymail.com,Gwalior,2022-06-16
1951,Lakshmi Kumar,lakshmi.kumar7801@ymail.com,Kota,2022-07-25
1952,Shruti Kaur,shruti.kaur4815@rediffmail.com,Nagpur,2022-10-21
1953,Vikram Nair,vikram.nair9370@ymail.com,Amritsar,2022-03-07
1954,Ashok Modi,ashok.modi1427@hotmail.com,Raipur,2024-08-14
1955,Deepika Sengupta,deepika.sengupta7312@gmail.com,Aurangabad,2023-05-09
1956,Isha Dubey,isha.dubey2793@ymail.com,Kota,2022-07-03
1957,Aryan Kumar,aryan.kumar479@yahoo.com,Ludhiana,2024-02-25
1958,Sonali Goyal,sonali.goyal3611@ymail.com,Visakhapatnam,2024-09-02
1959,Vivek Saxena,vivek.saxena2017@ymail.com,Jaipur,2024-12-30
1960,Sahil Singh,sahil.singh8061@gmail.com,Kota,2023-11-13
1961,Vikram Dutta,vikram.dutta9437@rediffmail.com,Chennai,2023-12-04
1962,Madhav Chatterjee,madhav.chatterjee6253@ymail.com,Jodhpur,2024-06-13
1963,Suresh Dutta,suresh.dutta3663@hotmail.com,Ahmedabad,2023-08-19
1964,Ansh Chawla,ansh.chawla1461@hotmail.com,Solapur,2023-01-21
1965,Simran Chawla,simran.chawla9386@hotmail.com,Jaipur,2023-10-04
1966,Madhav Pande,madhav.pande28@hotmail.com,Hyderabad,2025-01-01
1967,Gaurav Bose,gaurav.bose6360@outlook.com,Ludhiana,2024-01-18
1968,Sunita Shah,sunita.shah2070@rediffmail.com,Madurai,2023-03-31
1969,Aryan Khanna,aryan.khanna151@rediffmail.com,Srinagar,2023-10-10
1970,Bhaskar Verma,bhaskar.verma4864@yahoo.com,Dhanbad,2024-07-22
1971,Bhaskar Pathak,bhaskar.pathak4644@yahoo.com,Solapur,2022-03-12
1972,Reena Jain,reena.jain5061@rediffmail.com,Kota,2022-09-10
1973,Kabir Bose,kabir.bose9404@outlook.com,Vijayawada,2023-03-18
1974,Om Gupta,om.gupta6172@gmail.com,Agra,2022-11-09
1975,Tanvi Shukla,tanvi.shukla3451@ymail.com,Thane,2022-04-18
1976,Ritu Chakraborty,ritu.chakraborty2934@outlook.com,Chandigarh,2024-03-13
1977,Kavita Verma,kavita.verma2609@gmail.com,Ranchi,2024-03-14
1978,Kunal Kumar,kunal.kumar7757@hotmail.com,Hubli,2024-03-12
1979,Manish Bhatia,manish.bhatia8649@ymail.com,Patna,2023-08-02
1980,Shanti Banerjee,shanti.banerjee3197@ymail.com,Ranchi,2024-03-17
1981,Arjun Chopra,arjun.chopra5299@rediffmail.com,Hyderabad,2023-09-15
1982,Nikhil Reddy,nikhil.reddy2682@rediffmail.com,Jaipur,2024-06-23
1983,Shanti Mishra,shanti.mishra4770@yahoo.com,Indore,2023-03-23
1984,Sunita Sinha,sunita.sinha3206@ymail.com,Jodhpur,2022-01-19
1985,Lata Singh,lata.singh9432@gmail.com,Raipur,2022-10-30
1986,Madhav Kumar,madhav.kumar2757@gmail.com,Pune,2023-12-30
1987,Nisha Desai,nisha.desai860@gmail.com,Amritsar,2023-11-25
1988,Ravi Kumar,ravi.kumar2435@ymail.com,Chandigarh,2024-04-07
1989,Isha Arora,isha.arora1947@yahoo.com,Rajkot,2024-09-27
1990,Kavita Sharma,kavita.sharma9768@yahoo.com,Jodhpur,2024-02-08
1991,Sonu Sharma,sonu.sharma1469@outlook.com,Jodhpur,2024-02-22
1992,Kabir Rao,kabir.rao7293@hotmail.com,Mumbai,2022-09-03
1993,Asha Bhatt,asha.bhatt2000@outlook.com,Jodhpur,2024-11-09
1994,Heena Ahuja,heena.ahuja9615@rediffmail.com,Howrah,2024-09-09
1995,Kabir Sharma,kabir.sharma1550@rediffmail.com,Kanpur,2024-02-26
1996,Nitesh Reddy,nitesh.reddy7106@hotmail.com,Howrah,2022-09-14
1997,Arjun Jain,arjun.jain1041@ymail.com,Allahabad,2023-01-14
1998,Meena Verma,meena.verma324@outlook.com,Ranchi,2024-12-21
1999,Nitika Bhatia,nitika.bhatia8502@rediffmail.com,Allahabad,2022-09-12
2000,Sneha Srivastava,sneha.srivastava3400@ymail.com,Ahmedabad,2023-01-06
2001,Vikas Pathak,vikas.pathak2949@gmail.com,Ranchi,2024-07-04
2002,Sunita Jain,sunita.jain2016@gmail.com,Jaipur,2023-02-27
2003,Sanjay Das,sanjay.das1439@rediffmail.com,Visakhapatnam,2022-03-13
2004,Ankit Chawla,ankit.chawla8293@hotmail.com,Faridabad,2022-12-18
2005,Mohan Saxena,mohan.saxena2@yahoo.com,Vadodara,2022-04-05
2006,Pavan Sengupta,pavan.sengupta4808@ymail.com,Allahabad,2024-06-30
2007,Ayesha Pande,ayesha.pande8036@ymail.com,Ludhiana,2024-12-06
2008,Yogesh Joshi,yogesh.joshi9932@rediffmail.com,Amritsar,2023-03-06
2009,Shailesh Chauhan,shailesh.chauhan733@yahoo.com,Bengaluru,2023-01-21
2010,Bhaskar Iyer,bhaskar.iyer3527@yahoo.com,Jabalpur,2023-03-19
2011,Ravi Joshi,ravi.joshi4545@yahoo.com,Chandigarh,2024-05-14
2012,Ankita Nanda,ankita.nanda4178@hotmail.com,Meerut,2022-12-01
2013,Meena Mehta,meena.mehta1365@hotmail.com,Raipur,2024-05-21
2014,Shailesh Choudhary,shailesh.choudhary8781@yahoo.com,Chennai,2023-07-06
2015,Sahil Sharma,sahil.sharma3157@ymail.com,Faridabad,2024-11-13
2016,Ritesh Das,ritesh.das6877@yahoo.com,Ludhiana,2024-06-07
2017,Madhav Ahuja,madhav.ahuja9890@yahoo.com,Chennai,2023-07-08
2018,Ashish Naik,ashish.naik1803@ymail.com,Ranchi,2024-04-13
2019,Anjali Jha,anjali.jha1458@hotmail.com,Agra,2023-07-14
2020,Bhaskar Chakraborty,bhaskar.chakraborty3699@hotmail.com,Mumbai,2022-07-20
2021,Madhav Dutta,madhav.dutta6204@gmail.com,Ahmedabad,2022-12-26
2022,Pooja Singh,pooja.singh5023@rediffmail.com,Dhanbad,2022-07-15
2023,Pooja Joshi,pooja.joshi9375@hotmail.com,Ranchi,2023-07-10
2024,Ritesh Chauhan,ritesh.chauhan786@yahoo.com,Ludhiana,2024-03-08
2025,Divya Joshi,divya.joshi8712@rediffmail.com,Jabalpur,2024-04-04
2026,Nitesh Patel,nitesh.patel2091@hotmail.com,Mumbai,2024-11-17
2027,Shilpa Choudhary,shilpa.choudhary2071@yahoo.com,Meerut,2023-07-02
2028,Ananya Chatterjee,ananya.chatterjee6065@ymail.com,Bareilly,2023-05-26
2029,Sapna Pathak,sapna.pathak6853@ymail.com,Srinagar,2023-01-10
2030,Neeraj Joshi,neeraj.joshi7679@rediffmail.com,Patna,2023-07-19
2031,Mohan Nair,mohan.nair3749@hotmail.com,Vijayawada,2022-06-28
2032,Kedar Kulkarni,kedar.kulkarni5124@gmail.com,Vijayawada,2022-06-12
2033,Ankita Singh,ankita.singh3933@gmail.com,Lucknow,2022-04-28
2034,Ankit Sinha,ankit.sinha4684@rediffmail.com,Dhanbad,2022-01-22
2035,Mohan Shah,mohan.shah8335@ymail.com,Jaipur,2024-09-09
2036,Om Murthy,om.murthy8723@ymail.com,Ahmedabad,2024-04-10
2037,Aditya Pillai,aditya.pillai3116@ymail.com,Mumbai,2024-05-20
2038,Shanti Naik,shanti.naik5654@yahoo.com,Solapur,2024-12-17
2039,Seema Pathak,seema.pathak694@rediffmail.com,Varanasi,2022-12-12
2040,Sapna Banerjee,sapna.banerjee8578@yahoo.com,Kanpur,2022-06-03
2041,Lata Yadav,lata.yadav2185@rediffmail.com,Nashik,2022-04-15
2042,Mohan Modi,mohan.modi6212@yahoo.com,Faridabad,2022-08-20
2043,Kunal Chatterjee,kunal.chatterjee4093@rediffmail.com,Bareilly,2022-08-30
2044,Karan Iyer,karan.iyer7916@hotmail.com,Visakhapatnam,2023-03-13
2045,Aarav Sinha,aarav.sinha9320@outlook.com,Indore,2023-09-17
2046,Ritu Banerjee,ritu.banerjee8447@gmail.com,Srinagar,2024-09-26
2047,Anil Joshi,anil.joshi97@rediffmail.com,Srinagar,2023-11-04
2048,Kavita Joshi,kavita.joshi1756@gmail.com,Nashik,2023-01-17
2049,Meena Joshi,meena.joshi146@gmail.com,Vasai-Virar,2024-10-04
2050,Geeta Bhatt,geeta.bhatt8669@rediffmail.com,Surat,2024-04-21
2051,Ashish Chatterjee,ashish.chatterjee7986@gmail.com,Surat,2023-05-28
2052,Heena Mishra,heena.mishra6478@hotmail.com,Vadodara,2024-01-17
2053,Mohan Sengupta,mohan.sengupta2985@rediffmail.com,Pimpri-Chinchwad,2022-08-11
2054,Neeraj Saxena,neeraj.saxena7199@yahoo.com,Jaipur,2023-12-26
2055,Simran Kumar,simran.kumar96@hotmail.com,Guwahati,2023-02-11
2056,Asha Deshpande,asha.deshpande4668@gmail.com,Jaipur,2024-03-19
2057,Mihir Sinha,mihir.sinha5427@gmail.com,Lucknow,2023-02-12
2058,Nitesh Saxena,nitesh.saxena4355@gmail.com,Kalyan-Dombivali,2024-09-28
2059,Rahul Modi,rahul.modi2088@hotmail.com,Hubli,2024-03-29
2060,Paras Singh,paras.singh6371@yahoo.com,Ahmedabad,2022-08-09
2061,Sunil Ahuja,sunil.ahuja2067@yahoo.com,Nashik,2024-10-21
2062,Aditya Tiwari,aditya.tiwari3875@gmail.com,Raipur,2023-12-02
2063,Mohan Pathak,mohan.pathak132@outlook.com,Aurangabad,2023-08-16
2064,Kajal Modi,kajal.modi1354@outlook.com,Bhopal,2022-11-09
2065,Shruti Murthy,shruti.murthy3062@yahoo.com,Pimpri-Chinchwad,2022-08-24
2066,Vikas Ghosh,vikas.ghosh4053@ymail.com,Vasai-Virar,2023-02-11
2067,Nisha Shukla,nisha.shukla1689@ymail.com,Chandigarh,2024-10-25
2068,Rohan Desai,rohan.desai3092@rediffmail.com,Vijayawada,2022-11-01
2069,Hemant Chawla,hemant.chawla2168@outlook.com,Bengaluru,2023-07-15
2070,Gaurav Banerjee,gaurav.banerjee2396@outlook.com,Delhi,2023-02-13
2071,Ansh Chakraborty,ansh.chakraborty835@outlook.com,Kalyan-Dombivali,2024-12-11
2072,Kedar Sharma,kedar.sharma3792@yahoo.com,Agra,2024-05-22
2073,Nitesh Bansal,nitesh.bansal8354@outlook.com,Jodhpur,2022-04-16
2074,Kavita Chawla,kavita.chawla4412@hotmail.com,Pimpri-Chinchwad,2023-12-20
2075,Shilpa Kulkarni,shilpa.kulkarni4047@hotmail.com,Hyderabad,2023-01-08
2076,Amitabh Agarwal,amitabh.agarwal855@ymail.com,Solapur,2023-10-21
2077,Harish Gupta,harish.gupta7735@hotmail.com,Jabalpur,2022-07-26
2078,Mukesh Desai,mukesh.desai4134@outlook.com,Faridabad,2023-11-16
2079,Kavita Chawla,kavita.chawla1588@ymail.com,Mumbai,2022-09-24
2080,Krishna Kapoor,krishna.kapoor5921@ymail.com,Bareilly,2024-12-19
2081,Ritesh Kapoor,ritesh.kapoor3904@ymail.com,Pimpri-Chinchwad,2023-03-07
2082,Ramesh Kaur,ramesh.kaur1430@gmail.com,Jaipur,2022-09-04
2083,Amitabh Patel,amitabh.patel3121@yahoo.com,Guwahati,2024-07-01
2084,Ritu Chauhan,ritu.chauhan1227@rediffmail.com,Gwalior,2023-12-04
2085,Kavita Singh,kavita.singh7770@yahoo.com,Allahabad,2022-11-11
2086,Amitabh Chopra,amitabh.chopra3141@outlook.com,Ranchi,2023-06-02
2087,Vivek Mukherjee,vivek.mukherjee9181@hotmail.com,Faridabad,2024-07-07
2088,Sachin Shukla,sachin.shukla1924@outlook.com,Chennai,2024-09-15
2089,Mihir Nair,mihir.nair8256@gmail.com,Lucknow,2023-07-16
2090,Shanti Chopra,shanti.chopra4746@gmail.com,Howrah,2022-05-05
2091,Sunil Sharma,sunil.sharma3117@ymail.com,Rajkot,2024-10-10
2092,Seema Naik,seema.naik8413@gmail.com,Lucknow,2024-06-15
2093,Sneha Murthy,sneha.murthy6294@rediffmail.com,Bareilly,2024-03-10
2094,Meena Pathak,meena.pathak4449@yahoo.com,Kanpur,2022-01-08
2095,Deepak Pande,deepak.pande3569@rediffmail.com,Kota,2022-01-19
2096,Vinay Banerjee,vinay.banerjee8402@outlook.com,Amritsar,2024-12-11
2097,Jayesh Iyer,jayesh.iyer3610@hotmail.com,Guwahati,2023-07-04
2098,Rahul Chawla,rahul.chawla2804@yahoo.com,Bengaluru,2024-12-28
2099,Ishaan Gupta,ishaan.gupta641@ymail.com,Surat,2023-07-23
2100,Ritu Chopra,ritu.chopra4431@gmail.com,Jodhpur,2023-05-25
2101,Tanvi Dubey,tanvi.dubey8759@gmail.com,Mumbai,2023-12-13
2102,Sachin Pathak,sachin.pathak6048@hotmail.com,Kolkata,2023-06-25
2103,Shiv Chopra,shiv.chopra6691@rediffmail.com,Patna,2023-10-27
2104,Anil Rao,anil.rao171@hotmail.com,Thane,2023-07-27
2105,Dev Ghosh,dev.ghosh257@rediffmail.com,Madurai,2022-08-06
2106,Shiv Sinha,shiv.sinha6259@ymail.com,Visakhapatnam,2023-02-27
2107,Swati Malhotra,swati.malhotra3615@hotmail.com,Pimpri-Chinchwad,2023-02-22
2108,Ramesh Rao,ramesh.rao6480@yahoo.com,Varanasi,2023-04-20
2109,Shruti Singh,shruti.singh7110@hotmail.com,Surat,2024-09-08
2110,Ansh Modi,ansh.modi2974@outlook.com,Kanpur,2022-12-27
2111,Gaurav Pande,gaurav.pande8037@ymail.com,Kanpur,2023-08-01
2112,Ajay Iyer,ajay.iyer2670@yahoo.com,Rajkot,2023-01-20
2113,Anjali Choudhary,anjali.choudhary1181@outlook.com,Bhopal,2024-07-20
2114,Yogesh Reddy,yogesh.reddy6595@gmail.com,Chandigarh,2024-12-14
2115,Ayesha Singh,ayesha.singh194@rediffmail.com,Pune,2024-02-13
2116,Mahesh Ahuja,mahesh.ahuja1803@gmail.com,Hubli,2022-03-31
2117,Ashok Garg,ashok.garg1370@hotmail.com,Surat,2022-01-28
2118,Sunil Agarwal,sunil.agarwal1743@rediffmail.com,Solapur,2023-11-25
2119,Varun Shukla,varun.shukla1393@yahoo.com,Jaipur,2024-09-10
2120,Sonal Pande,sonal.pande7280@yahoo.com,Vadodara,2023-11-11
2121,Nitesh Choudhary,nitesh.choudhary3995@gmail.com,Allahabad,2023-07-02
2122,Sachin Naik,sachin.naik2017@gmail.com,Bengaluru,2022-07-30
2123,Priya Gupta,priya.gupta1681@rediffmail.com,Kalyan-Dombivali,2022-10-18
2124,Aarav Chatterjee,aarav.chatterjee3676@gmail.com,Thane,2024-05-24
2125,Mahesh Choudhary,mahesh.choudhary5789@ymail.com,Patna,2023-04-08
2126,Zara Mukherjee,zara.mukherjee6304@ymail.com,Guwahati,2022-08-19
2127,Nitika Das,nitika.das1805@yahoo.com,Pune,2023-08-01
2128,Lalit Bhatia,lalit.bhatia5468@gmail.com,Faridabad,2022-06-23
2129,Vivek Arora,vivek.arora9905@yahoo.com,Kanpur,2024-05-27
2130,Pooja Jha,pooja.jha9825@yahoo.com,Raipur,2024-05-20
2131,Chandra Sengupta,chandra.sengupta4941@rediffmail.com,Patna,2023-12-15
2132,Vinay Chauhan,vinay.chauhan4442@outlook.com,Madurai,2024-01-26
2133,Anand Ghosh,anand.ghosh1252@gmail.com,Surat,2022-10-28
2134,Kiran Choudhary,kiran.choudhary6400@outlook.com,Chandigarh,2024-09-06
2135,Swati Bhatia,swati.bhatia1855@rediffmail.com,Vasai-Virar,2023-07-25
2136,Bhaskar Bhatt,bhaskar.bhatt5293@yahoo.com,Kanpur,2024-02-28
2137,Lalit Jain,lalit.jain8098@outlook.com,Aurangabad,2024-04-27
2138,Ritesh Trivedi,ritesh.trivedi5464@yahoo.com,Jodhpur,2023-05-19
2139,Mahesh Kulkarni,mahesh.kulkarni9001@outlook.com,Allahabad,2024-12-29
2140,Om Naik,om.naik8786@yahoo.com,Meerut,2022-06-21
2141,Ramesh Shukla,ramesh.shukla6912@rediffmail.com,Howrah,2023-03-26
2142,Shanti Bhatt,shanti.bhatt3854@hotmail.com,Mumbai,2023-02-21
2143,Uma Ahuja,uma.ahuja5938@rediffmail.com,Aurangabad,2022-10-01
2144,Zara Chawla,zara.chawla977@hotmail.com,Faridabad,2022-10-13
2145,Karan Mehta,karan.mehta2362@rediffmail.com,Kalyan-Dombivali,2023-05-12
2146,Girish Verma,girish.verma3680@gmail.com,Solapur,2022-10-10
2147,Ashish Sharma,ashish.sharma2345@outlook.com,Chandigarh,2022-02-23
2148,Shanti Kumar,shanti.kumar6090@gmail.com,Kota,2022-08-06
2149,Sanjeev Patel,sanjeev.patel1209@outlook.com,Jabalpur,2022-11-20
2150,Akash Choudhary,akash.choudhary5985@yahoo.com,Kolkata,2023-05-17
2151,Ankita Agarwal,ankita.agarwal9326@outlook.com,Surat,2023-01-09
2152,Nisha Sinha,nisha.sinha2296@ymail.com,Navi Mumbai,2023-09-06
2153,Nisha Kulkarni,nisha.kulkarni5527@outlook.com,Jodhpur,2022-01-28
2154,Kajal Chawla,kajal.chawla2555@gmail.com,Jodhpur,2022-03-07
2155,Ritesh Srivastava,ritesh.srivastava2844@rediffmail.com,Lucknow,2022-01-23
2156,Manish Yadav,manish.yadav6941@ymail.com,Srinagar,2023-06-13
2157,Zara Pande,zara.pande8223@hotmail.com,Guwahati,2023-04-11
2158,Mohan Banerjee,mohan.banerjee2570@hotmail.com,Kolkata,2024-12-04
2159,Madhav Chopra,madhav.chopra3472@outlook.com,Gwalior,2022-04-25
2160,Heena Khanna,heena.khanna3010@ymail.com,Ranchi,2022-06-08
2161,Swati Sharma,swati.sharma7675@outlook.com,Ludhiana,2024-04-09
2162,Tanvi Kaur,tanvi.kaur2701@gmail.com,Faridabad,2024-05-18
2163,Gaurav Goyal,gaurav.goyal1777@gmail.com,Chennai,2024-01-13
2164,Ritesh Tiwari,ritesh.tiwari5497@gmail.com,Bhopal,2023-08-01
2165,Deepak Naik,deepak.naik1745@gmail.com,Indore,2022-01-23
2166,Sneha Chatterjee,sneha.chatterjee5065@yahoo.com,Ranchi,2023-02-18
2167,Sahil Banerjee,sahil.banerjee531@yahoo.com,Pimpri-Chinchwad,2022-06-24
2168,Rakesh Pande,rakesh.pande736@rediffmail.com,Aurangabad,2022-04-04
2169,Ananya Jain,ananya.jain1528@hotmail.com,Mumbai,2024-01-01
2170,Sneha Gupta,sneha.gupta6524@rediffmail.com,Nagpur,2023-10-07
2171,Sneha Khanna,sneha.khanna5831@yahoo.com,Kota,2022-07-19
2172,Krishna Kulkarni,krishna.kulkarni8251@gmail.com,Amritsar,2022-11-04
2173,Akash Patel,akash.patel6261@outlook.com,Coimbatore,2022-03-18
2174,Karan Das,karan.das2483@ymail.com,Srinagar,2022-06-11
2175,Vinod Rao,vinod.rao1529@ymail.com,Thane,2023-03-18
2176,Suresh Shah,suresh.shah2308@ymail.com,Lucknow,2024-10-24
2177,Pavan Singh,pavan.singh9974@ymail.com,Navi Mumbai,2023-12-01
2178,Neha Trivedi,neha.trivedi2150@hotmail.com,Patna,2024-01-08
2179,Rohini Bose,rohini.bose7060@gmail.com,Guwahati,2024-03-04
2180,Ishaan Dubey,ishaan.dubey9944@gmail.com,Surat,2024-10-15
2181,Arjun Varma,arjun.varma245@yahoo.com,Bareilly,2023-09-26
2182,Rahul Chakraborty,rahul.chakraborty1429@outlook.com,Pune,2024-07-20
2183,Kiran Das,kiran.das4844@yahoo.com,Chennai,2023-07-28
2184,Ram Kapoor,ram.kapoor5790@gmail.com,Chennai,2023-01-02
2185,Shikha Tiwari,shikha.tiwari7549@hotmail.com,Aurangabad,2023-06-09
2186,Sonal Mukherjee,sonal.mukherjee7243@ymail.com,Jaipur,2022-09-11
2187,Rakesh Modi,rakesh.modi649@hotmail.com,Patna,2024-04-01
2188,Megha Bose,megha.bose2114@outlook.com,Faridabad,2024-11-15
2189,Uma Pillai,uma.pillai5139@hotmail.com,Kolkata,2024-04-26
2190,Paras Malhotra,paras.malhotra4307@ymail.com,Bengaluru,2022-04-27
2191,Shyam Trivedi,shyam.trivedi4012@ymail.com,Ranchi,2022-01-17
2192,Chandra Bose,chandra.bose1726@hotmail.com,Meerut,2022-11-21
2193,Rakesh Khanna,rakesh.khanna1196@yahoo.com,Meerut,2024-08-04
2194,Santosh Bhatt,santosh.bhatt5717@outlook.com,Srinagar,2024-12-31
2195,Yash Verma,yash.verma7617@gmail.com,Kolkata,2023-01-05
2196,Shruti Chauhan,shruti.chauhan6504@outlook.com,Nagpur,2024-04-02
2197,Krishna Bhatia,krishna.bhatia5199@hotmail.com,Jabalpur,2024-09-22
2198,Harish Sharma,harish.sharma7803@gmail.com,Pimpri-Chinchwad,2024-07-19
2199,Amit Naik,amit.naik2552@outlook.com,Surat,2023-03-14
2200,Kiran Pande,kiran.pande514@rediffmail.com,Bareilly,2024-02-18
2201,Anil Banerjee,anil.banerjee5923@outlook.com,Aurangabad,2023-03-14
2202,Ananya Dubey,ananya.dubey376@ymail.com,Vasai-Virar,2023-07-07
2203,Jatin Rao,jatin.rao2886@gmail.com,Surat,2022-05-22
2204,Kabir Khanna,kabir.khanna1339@hotmail.com,Guwahati,2024-07-13
2205,Vikram Kulkarni,vikram.kulkarni8598@yahoo.com,Madurai,2023-06-16
2206,Divya Yadav,divya.yadav881@gmail.com,Vasai-Virar,2023-12-02
2207,Sneha Iyer,sneha.iyer2696@yahoo.com,Nashik,2024-05-08
2208,Nitesh Mishra,nitesh.mishra8774@ymail.com,Lucknow,2024-06-13
2209,Lalit Chatterjee,lalit.chatterjee9345@outlook.com,Mumbai,2023-02-11
2210,Ankita Singh,ankita.singh9478@rediffmail.com,Surat,2023-10-26
2211,Santosh Verma,santosh.verma5186@gmail.com,Surat,2024-07-28
2212,Anand Choudhary,anand.choudhary8183@hotmail.com,Ahmedabad,2024-04-12
2213,Jayesh Nair,jayesh.nair61@outlook.com,Jaipur,2024-07-09
2214,Sahil Patel,sahil.patel1597@gmail.com,Indore,2023-01-20
2215,Mihir Sharma,mihir.sharma8948@yahoo.com,Jabalpur,2024-02-13
2216,Harish Joshi,harish.joshi3437@yahoo.com,Raipur,2022-01-30
2217,Lokesh Verma,lokesh.verma5961@gmail.com,Vadodara,2023-09-21
2218,Paras Verma,paras.verma2044@ymail.com,Dhanbad,2024-07-22
2219,Megha Kulkarni,megha.kulkarni5763@hotmail.com,Allahabad,2024-05-22
2220,Pavan Srivastava,pavan.srivastava5503@gmail.com,Kanpur,2024-07-28
2221,Mohan Kapoor,mohan.kapoor2899@rediffmail.com,Jabalpur,2022-11-30
2222,Priya Kumar,priya.kumar6252@hotmail.com,Madurai,2024-06-14
2223,Sahil Gupta,sahil.gupta1626@gmail.com,Pune,2022-07-03
2224,Sanjay Ahuja,sanjay.ahuja6739@gmail.com,Dhanbad,2022-07-24
2225,Sahil Malhotra,sahil.malhotra8248@rediffmail.com,Bengaluru,2023-08-17
2226,Varun Kulkarni,varun.kulkarni3472@yahoo.com,Bareilly,2024-07-20
2227,Rahul Kaur,rahul.kaur1876@yahoo.com,Aurangabad,2022-09-12
2228,Lakshmi Trivedi,lakshmi.trivedi7602@outlook.com,Jodhpur,2024-03-21
2229,Aarav Kapoor,aarav.kapoor3669@rediffmail.com,Patna,2023-07-03
2230,Vinay Saxena,vinay.saxena4334@hotmail.com,Kalyan-Dombivali,2023-05-10
2231,Aarav Sengupta,aarav.sengupta6793@gmail.com,Mumbai,2022-02-23
2232,Chandra Trivedi,chandra.trivedi6135@rediffmail.com,Solapur,2023-10-13
2233,Krishna Das,krishna.das9375@outlook.com,Bhopal,2024-03-12
2234,Gaurav Pillai,gaurav.pillai6445@gmail.com,Howrah,2024-05-28
2235,Ashok Rao,ashok.rao6397@ymail.com,Kanpur,2024-04-05
2236,Yash Jain,yash.jain8476@yahoo.com,Vasai-Virar,2023-04-19
2237,Arjun Shukla,arjun.shukla2070@rediffmail.com,Ahmedabad,2024-03-13
2238,Uday Srivastava,uday.srivastava4264@rediffmail.com,Lucknow,2023-10-23
2239,Girish Bhatt,girish.bhatt1529@gmail.com,Vasai-Virar,2022-01-24
2240,Sachin Tiwari,sachin.tiwari9721@yahoo.com,Delhi,2022-06-11
2241,Ram Kaur,ram.kaur415@ymail.com,Chandigarh,2022-09-25
2242,Nikhil Rao,nikhil.rao5868@yahoo.com,Bhopal,2023-03-31
2243,Kavita Deshpande,kavita.deshpande8773@yahoo.com,Chandigarh,2024-02-14
2244,Sonali Ghosh,sonali.ghosh848@hotmail.com,Kolkata,2022-10-22
2245,Sachin Ahuja,sachin.ahuja9493@gmail.com,Ahmedabad,2024-07-29
2246,Ritu Pathak,ritu.pathak2011@gmail.com,Surat,2023-08-02
2247,Jayesh Sengupta,jayesh.sengupta2960@gmail.com,Chennai,2024-10-09
2248,Uma Kapoor,uma.kapoor3408@outlook.com,Pune,2024-10-02
2249,Sunil Ahuja,sunil.ahuja6779@gmail.com,Dhanbad,2022-06-06
2250,Girish Shah,girish.shah6880@outlook.com,Ludhiana,2024-07-12
2251,Suresh Das,suresh.das2946@hotmail.com,Mumbai,2023-01-01
2252,Sanjeev Pande,sanjeev.pande9940@gmail.com,Ahmedabad,2023-12-04
2253,Lakshmi Mishra,lakshmi.mishra9831@rediffmail.com,Mumbai,2022-11-21
2254,Pavan Sinha,pavan.sinha4170@gmail.com,Nagpur,2022-03-02
2255,Pradeep Ahuja,pradeep.ahuja8487@rediffmail.com,Hubli,2022-11-09
2256,Harish Chakraborty,harish.chakraborty5979@gmail.com,Indore,2022-03-02
2257,Komal Chopra,komal.chopra3601@gmail.com,Chandigarh,2022-09-17
2258,Jyoti Goyal,jyoti.goyal7891@yahoo.com,Kolkata,2023-12-15
2259,Shikha Nanda,shikha.nanda4823@outlook.com,Solapur,2024-10-12
2260,Mukesh Murthy,mukesh.murthy6553@yahoo.com,Visakhapatnam,2022-12-21
2261,Geeta Shah,geeta.shah4606@outlook.com,Pune,2023-10-01
2262,Deepika Trivedi,deepika.trivedi3373@ymail.com,Dhanbad,2024-06-06
2263,Vinod Malhotra,vinod.malhotra6943@rediffmail.com,Solapur,2023-07-11
2264,Swati Jain,swati.jain1763@rediffmail.com,Meerut,2024-05-29
2265,Geeta Pande,geeta.pande5783@hotmail.com,Vijayawada,2022-05-12
2266,Neha Das,neha.das554@rediffmail.com,Visakhapatnam,2024-04-19
2267,Karan Pathak,karan.pathak8692@hotmail.com,Rajkot,2022-03-03
2268,Asha Desai,asha.desai5287@outlook.com,Kanpur,2024-01-03
2269,Isha Bhatia,isha.bhatia3526@ymail.com,Faridabad,2024-02-01
2270,Bhaskar Tiwari,bhaskar.tiwari5152@gmail.com,Mumbai,2023-10-15
2271,Shailesh Agarwal,shailesh.agarwal5389@yahoo.com,Srinagar,2023-10-21
2272,Yash Dutta,yash.dutta9202@gmail.com,Meerut,2023-08-04
2273,Ritesh Dubey,ritesh.dubey8639@yahoo.com,Pune,2023-07-24
2274,Shilpa Pathak,shilpa.pathak1226@rediffmail.com,Jodhpur,2024-05-13
2275,Seema Srivastava,seema.srivastava7131@hotmail.com,Ludhiana,2023-02-10
2276,Geeta Bansal,geeta.bansal8093@outlook.com,Bengaluru,2023-07-17
2277,Mihir Chawla,mihir.chawla2034@outlook.com,Lucknow,2023-11-01
2278,Ravi Kaur,ravi.kaur3874@rediffmail.com,Delhi,2023-08-07
2279,Ajay Reddy,ajay.reddy9434@gmail.com,Srinagar,2023-08-06
2280,Ashok Yadav,ashok.yadav6600@gmail.com,Allahabad,2024-12-16
2281,Amitabh Jha,amitabh.jha267@gmail.com,Aurangabad,2022-07-14
2282,Tarun Varma,tarun.varma6801@ymail.com,Vadodara,2023-07-17
2283,Kiran Srivastava,kiran.srivastava5666@outlook.com,Kolkata,2023-10-04
2284,Om Pillai,om.pillai772@outlook.com,Vadodara,2024-07-19
2285,Om Bose,om.bose1990@hotmail.com,Gwalior,2022-07-30
2286,Akash Dutta,akash.dutta784@gmail.com,Jaipur,2022-08-04
2287,Komal Chakraborty,komal.chakraborty7139@yahoo.com,Lucknow,2022-06-30
2288,Gaurav Singh,gaurav.singh6044@rediffmail.com,Mumbai,2022-04-18
2289,Jayesh Mukherjee,jayesh.mukherjee706@gmail.com,Hyderabad,2023-09-16
2290,Ankita Ghosh,ankita.ghosh5396@ymail.com,Gwalior,2024-02-17
2291,Jyoti Sharma,jyoti.sharma2791@yahoo.com,Coimbatore,2024-08-01
2292,Ashish Chopra,ashish.chopra5232@yahoo.com,Hubli,2024-04-26
2293,Sahil Malhotra,sahil.malhotra2005@rediffmail.com,Navi Mumbai,2023-05-08
2294,Ram Mishra,ram.mishra8030@hotmail.com,Ludhiana,2024-09-15
2295,Heena Bhatt,heena.bhatt4323@hotmail.com,Guwahati,2022-06-19
2296,Lalit Nanda,lalit.nanda3972@ymail.com,Jodhpur,2023-02-26
2297,Shailesh Bhatia,shailesh.bhatia1232@outlook.com,Hyderabad,2023-03-12
2298,Aditya Saxena,aditya.saxena3542@outlook.com,Meerut,2023-01-20
2299,Nitika Chauhan,nitika.chauhan5578@yahoo.com,Coimbatore,2024-12-16
2300,Parul Bose,parul.bose5135@hotmail.com,Guwahati,2024-07-18
2301,Sanjay Choudhary,sanjay.choudhary8266@gmail.com,Jaipur,2023-03-25
2302,Zara Kapoor,zara.kapoor6318@outlook.com,Gwalior,2024-11-17
2303,Geeta Tiwari,geeta.tiwari6557@yahoo.com,Chennai,2023-07-24
2304,Mohan Das,mohan.das5033@rediffmail.com,Jodhpur,2022-07-29
2305,Bhaskar Mehta,bhaskar.mehta1756@ymail.com,Ahmedabad,2023-05-08
2306,Ajay Sengupta,ajay.sengupta7551@yahoo.com,Pimpri-Chinchwad,2022-02-28
2307,Nisha Saxena,nisha.saxena8699@outlook.com,Nashik,2023-06-28
2308,Ashish Banerjee,ashish.banerjee9017@gmail.com,Nashik,2024-06-02
2309,Harish Choudhary,harish.choudhary6504@rediffmail.com,Vasai-Virar,2024-11-06
2310,Krishna Bansal,krishna.bansal7231@hotmail.com,Faridabad,2022-07-20
2311,Ananya Reddy,ananya.reddy6268@ymail.com,Vasai-Virar,2023-02-02
2312,Karan Deshpande,karan.deshpande6598@yahoo.com,Jabalpur,2023-07-20
2313,Pooja Pathak,pooja.pathak8088@rediffmail.com,Vasai-Virar,2022-08-12
2314,Seema Bansal,seema.bansal4079@gmail.com,Thane,2022-08-24
2315,Ananya Sengupta,ananya.sengupta585@rediffmail.com,Pimpri-Chinchwad,2023-05-04
2316,Anjali Naik,anjali.naik1656@hotmail.com,Thane,2024-04-08
2317,Manish Khanna,manish.khanna1660@yahoo.com,Chandigarh,2023-07-04
2318,Om Dubey,om.dubey2803@yahoo.com,Nashik,2023-08-13
2319,Shikha Pathak,shikha.pathak4719@ymail.com,Mumbai,2022-07-13
2320,Divya Murthy,divya.murthy7812@ymail.com,Vadodara,2023-05-04
2321,Deepika Jain,deepika.jain1138@yahoo.com,Kanpur,2023-11-12
2322,Yash Mehta,yash.mehta2324@gmail.com,Madurai,2024-08-29
2323,Mohan Jha,mohan.jha342@yahoo.com,Visakhapatnam,2022-06-07
2324,Deepika Shah,deepika.shah160@rediffmail.com,Nashik,2024-08-28
2325,Ramesh Agarwal,ramesh.agarwal8001@yahoo.com,Aurangabad,2022-08-13
2326,Amitabh Verma,amitabh.verma285@rediffmail.com,Raipur,2023-08-19
2327,Tarun Dutta,tarun.dutta8607@rediffmail.com,Lucknow,2022-10-28
2328,Sonu Chauhan,sonu.chauhan1639@hotmail.com,Solapur,2023-11-19
2329,Neha Modi,neha.modi5748@rediffmail.com,Visakhapatnam,2024-09-23
2330,Jatin Kapoor,jatin.kapoor7517@gmail.com,Nashik,2023-09-09
2331,Shikha Jha,shikha.jha8485@ymail.com,Jabalpur,2024-09-18
2332,Asha Goyal,asha.goyal8509@ymail.com,Vijayawada,2022-02-12
2333,Bhaskar Kulkarni,bhaskar.kulkarni3609@ymail.com,Surat,2024-01-02
2334,Om Ahuja,om.ahuja4004@rediffmail.com,Solapur,2024-06-01
2335,Lata Dubey,lata.dubey1463@yahoo.com,Meerut,2022-08-10
2336,Kabir Mukherjee,kabir.mukherjee8928@outlook.com,Navi Mumbai,2022-12-25
2337,Jayesh Chatterjee,jayesh.chatterjee5716@hotmail.com,Rajkot,2024-05-04
2338,Kabir Iyer,kabir.iyer3123@gmail.com,Coimbatore,2024-12-01
2339,Shanti Jha,shanti.jha2015@outlook.com,Srinagar,2023-12-12
2340,Kajal Chawla,kajal.chawla137@outlook.com,Raipur,2022-10-29
2341,Nilesh Shah,nilesh.shah2462@rediffmail.com,Patna,2022-11-30
2342,Kavita Modi,kavita.modi4723@gmail.com,Patna,2022-02-01
2343,Nikhil Arora,nikhil.arora3561@hotmail.com,Coimbatore,2022-09-10
2344,Ananya Modi,ananya.modi5011@gmail.com,Vasai-Virar,2023-12-23
2345,Sanjeev Yadav,sanjeev.yadav11@gmail.com,Visakhapatnam,2022-10-10
2346,Lakshmi Mukherjee,lakshmi.mukherjee4642@rediffmail.com,Madurai,2022-11-14
2347,Ansh Shukla,ansh.shukla4435@yahoo.com,Chandigarh,2023-02-07
2348,Mukesh Patel,mukesh.patel1323@hotmail.com,Thane,2022-03-07
2349,Nisha Banerjee,nisha.banerjee5811@yahoo.com,Raipur,2024-03-02
2350,Mohan Khanna,mohan.khanna1608@hotmail.com,Vadodara,2023-09-29
2351,Dev Pande,dev.pande7141@ymail.com,Ludhiana,2022-10-13
2352,Seema Tiwari,seema.tiwari3269@hotmail.com,Jaipur,2024-05-02
2353,Rahul Deshpande,rahul.deshpande4933@hotmail.com,Kolkata,2023-09-01
2354,Rakesh Banerjee,rakesh.banerjee7556@rediffmail.com,Kanpur,2024-02-09
2355,Sudhir Mukherjee,sudhir.mukherjee7159@gmail.com,Jaipur,2024-12-14
2356,Neeraj Sharma,neeraj.sharma5133@rediffmail.com,Raipur,2024-01-03
2357,Nilesh Joshi,nilesh.joshi7007@outlook.com,Kalyan-Dombivali,2024-04-20
2358,Nilesh Ahuja,nilesh.ahuja9158@gmail.com,Bareilly,2024-05-12
2359,Ansh Srivastava,ansh.srivastava2304@rediffmail.com,Vadodara,2023-05-12
2360,Ramesh Murthy,ramesh.murthy6114@yahoo.com,Gwalior,2023-08-24
2361,Ananya Srivastava,ananya.srivastava6434@yahoo.com,Rajkot,2022-01-13
2362,Nilesh Varma,nilesh.varma8488@outlook.com,Hyderabad,2022-06-23
2363,Anil Goyal,anil.goyal1754@hotmail.com,Jabalpur,2022-07-19
2364,Tanvi Gupta,tanvi.gupta9265@outlook.com,Kota,2023-11-10
2365,Vikas Bansal,vikas.bansal1990@ymail.com,Coimbatore,2024-11-12
2366,Shyam Shukla,shyam.shukla869@ymail.com,Indore,2024-11-23
2367,Bhaskar Nanda,bhaskar.nanda8116@yahoo.com,Thane,2022-11-13
2368,Kavita Rao,kavita.rao5094@ymail.com,Mumbai,2024-09-20
2369,Rohini Sharma,rohini.sharma3289@gmail.com,Chennai,2022-01-01
2370,Chandra Pathak,chandra.pathak1984@rediffmail.com,Pune,2023-05-22
2371,Girish Chauhan,girish.chauhan7762@gmail.com,Amritsar,2024-06-27
2372,Manish Bansal,manish.bansal1996@hotmail.com,Rajkot,2024-09-17
2373,Divya Verma,divya.verma3850@rediffmail.com,Visakhapatnam,2024-06-18
2374,Varun Saxena,varun.saxena2019@outlook.com,Surat,2022-02-14
2375,Divya Choudhary,divya.choudhary3944@yahoo.com,Amritsar,2023-02-15
2376,Nisha Mishra,nisha.mishra4752@hotmail.com,Madurai,2022-07-24
2377,Ravi Modi,ravi.modi6019@ymail.com,Pimpri-Chinchwad,2024-03-12
2378,Mahesh Sharma,mahesh.sharma1759@outlook.com,Kalyan-Dombivali,2024-05-20
2379,Bhaskar Ahuja,bhaskar.ahuja4644@outlook.com,Ahmedabad,2024-03-08
2380,Aditya Patel,aditya.patel4961@gmail.com,Jodhpur,2024-06-29
2381,Amitabh Chatterjee,amitabh.chatterjee5812@yahoo.com,Srinagar,2024-07-27
2382,Kabir Agarwal,kabir.agarwal2594@hotmail.com,Amritsar,2024-10-27
2383,Girish Joshi,girish.joshi8603@outlook.com,Amritsar,2022-05-09
2384,Dev Reddy,dev.reddy2481@hotmail.com,Jodhpur,2023-11-26
2385,Nikhil Shukla,nikhil.shukla2295@hotmail.com,Hubli,2023-09-13
2386,Ritu Khanna,ritu.khanna1118@ymail.com,Aurangabad,2024-02-11
2387,Nisha Pathak,nisha.pathak2956@rediffmail.com,Guwahati,2024-11-04
2388,Sonu Saxena,sonu.saxena8609@hotmail.com,Jaipur,2023-10-26
2389,Ravi Patel,ravi.patel5704@rediffmail.com,Gwalior,2024-04-06
2390,Anjali Arora,anjali.arora484@ymail.com,Lucknow,2023-04-20
2391,Arjun Saxena,arjun.saxena1741@outlook.com,Raipur,2024-09-02
2392,Komal Srivastava,komal.srivastava3794@ymail.com,Bhopal,2022-08-04
2393,Yash Mukherjee,yash.mukherjee2851@ymail.com,Meerut,2024-05-10
2394,Ritu Bhatia,ritu.bhatia1015@rediffmail.com,Visakhapatnam,2022-08-23
2395,Amit Bose,amit.bose1195@outlook.com,Hubli,2024-02-06
2396,Ritesh Rao,ritesh.rao483@yahoo.com,Ludhiana,2022-08-09
2397,Shanti Malhotra,shanti.malhotra6188@yahoo.com,Vijayawada,2023-02-14
2398,Geeta Ghosh,geeta.ghosh8047@outlook.com,Raipur,2023-08-09
2399,Heena Deshpande,heena.deshpande2656@outlook.com,Navi Mumbai,2023-01-29
2400,Ansh Patel,ansh.patel398@ymail.com,Madurai,2022-07-17
2401,Girish Arora,girish.arora2303@gmail.com,Faridabad,2024-04-15
2402,Rakesh Naik,rakesh.naik1180@hotmail.com,Kanpur,2024-12-17
2403,Om Deshpande,om.deshpande3400@rediffmail.com,Aurangabad,2024-10-22
2404,Lalit Joshi,lalit.joshi9154@yahoo.com,Chennai,2024-06-17
2405,Mohan Rao,mohan.rao6163@gmail.com,Howrah,2022-06-10
2406,Ashok Trivedi,ashok.trivedi8475@hotmail.com,Pune,2022-08-30
2407,Om Dutta,om.dutta844@rediffmail.com,Allahabad,2023-11-09
2408,Ajay Dutta,ajay.dutta4750@hotmail.com,Meerut,2024-01-03
2409,Anjali Chakraborty,anjali.chakraborty2587@hotmail.com,Chennai,2024-12-30
2410,Ram Garg,ram.garg8483@rediffmail.com,Amritsar,2023-10-02
2411,Meena Pillai,meena.pillai929@rediffmail.com,Kota,2022-08-16
2412,Ramesh Mishra,ramesh.mishra4310@ymail.com,Delhi,2022-03-08
2413,Kunal Kulkarni,kunal.kulkarni4275@yahoo.com,Agra,2022-05-02
2414,Ayesha Dubey,ayesha.dubey8964@ymail.com,Agra,2022-05-08
2415,Ishaan Modi,ishaan.modi1195@rediffmail.com,Gwalior,2022-03-14
2416,Lakshmi Bhatia,lakshmi.bhatia6820@rediffmail.com,Solapur,2022-06-15
2417,Vinod Nanda,vinod.nanda7845@yahoo.com,Pimpri-Chinchwad,2022-03-27
2418,Aryan Arora,aryan.arora8137@rediffmail.com,Thane,2023-12-19
2419,Mukesh Mishra,mukesh.mishra4972@yahoo.com,Delhi,2022-04-24
2420,Akash Tiwari,akash.tiwari3215@rediffmail.com,Jabalpur,2024-02-16
2421,Seema Shah,seema.shah297@rediffmail.com,Aurangabad,2022-04-17
2422,Mahesh Tiwari,mahesh.tiwari6181@ymail.com,Jaipur,2024-05-30
2423,Shanti Kumar,shanti.kumar9004@yahoo.com,Ahmedabad,2024-06-15
2424,Ashish Sengupta,ashish.sengupta6025@hotmail.com,Nagpur,2023-12-04
2425,Mukesh Chatterjee,mukesh.chatterjee950@yahoo.com,Thane,2022-07-08
2426,Ravi Agarwal,ravi.agarwal3722@outlook.com,Solapur,2022-04-04
2427,Sunita Agarwal,sunita.agarwal4095@gmail.com,Chennai,2022-04-27
2428,Ashok Malhotra,ashok.malhotra2959@hotmail.com,Bengaluru,2023-10-06
2429,Lakshmi Pathak,lakshmi.pathak4002@hotmail.com,Jaipur,2024-03-25
2430,Nitesh Saxena,nitesh.saxena2006@ymail.com,Chennai,2022-06-06
2431,Jatin Naik,jatin.naik3373@outlook.com,Guwahati,2024-01-02
2432,Vivek Chatterjee,vivek.chatterjee3610@outlook.com,Guwahati,2023-09-12
2433,Lata Tiwari,lata.tiwari9035@hotmail.com,Jodhpur,2023-05-16
2434,Pooja Sengupta,pooja.sengupta4384@hotmail.com,Kota,2024-10-28
2435,Aryan Bansal,aryan.bansal5680@outlook.com,Guwahati,2024-09-22
2436,Kabir Bhatt,kabir.bhatt3336@yahoo.com,Navi Mumbai,2023-04-18
2437,Kedar Sinha,kedar.sinha9060@yahoo.com,Ahmedabad,2024-02-02
2438,Shiv Verma,shiv.verma2326@gmail.com,Bhopal,2024-06-20
2439,Sanjay Srivastava,sanjay.srivastava7435@gmail.com,Delhi,2024-10-18
2440,Uday Arora,uday.arora4429@hotmail.com,Coimbatore,2024-02-26
2441,Kavita Verma,kavita.verma1385@gmail.com,Pimpri-Chinchwad,2024-02-26
2442,Om Ahuja,om.ahuja6269@outlook.com,Varanasi,2022-04-01
2443,Heena Dubey,heena.dubey6215@yahoo.com,Madurai,2024-06-01
2444,Pradeep Bansal,pradeep.bansal5000@gmail.com,Allahabad,2023-12-14
2445,Anand Ahuja,anand.ahuja9974@hotmail.com,Visakhapatnam,2023-03-20
2446,Sneha Ahuja,sneha.ahuja5587@ymail.com,Gwalior,2024-06-07
2447,Vikas Kumar,vikas.kumar936@gmail.com,Ranchi,2024-03-05
2448,Shiv Banerjee,shiv.banerjee4710@rediffmail.com,Srinagar,2024-05-18
2449,Ram Singh,ram.singh9312@rediffmail.com,Visakhapatnam,2022-11-29
2450,Madhav Mehta,madhav.mehta3904@yahoo.com,Mumbai,2023-07-29
2451,Sunita Shah,sunita.shah4496@gmail.com,Bhopal,2023-08-29
2452,Kunal Pande,kunal.pande6466@gmail.com,Gwalior,2023-07-16
2453,Lata Goyal,lata.goyal4105@ymail.com,Bareilly,2022-01-26
2454,Ashish Iyer,ashish.iyer9314@ymail.com,Ludhiana,2023-06-26
2455,Uma Desai,uma.desai7272@outlook.com,Delhi,2024-06-19
2456,Aditya Mehta,aditya.mehta607@hotmail.com,Aurangabad,2023-03-23
2457,Megha Bansal,megha.bansal9496@gmail.com,Pimpri-Chinchwad,2023-10-06
2458,Anjali Malhotra,anjali.malhotra2946@hotmail.com,Bareilly,2023-07-20
2459,Jayesh Chakraborty,jayesh.chakraborty8109@yahoo.com,Thane,2022-12-24
2460,Bhaskar Chakraborty,bhaskar.chakraborty813@yahoo.com,Ahmedabad,2022-03-20
2461,Divya Shah,divya.shah8303@outlook.com,Coimbatore,2023-10-12
2462,Amitabh Nanda,amitabh.nanda3735@gmail.com,Guwahati,2023-06-15
2463,Jatin Ahuja,jatin.ahuja5790@rediffmail.com,Guwahati,2022-04-02
2464,Reena Garg,reena.garg5730@gmail.com,Chennai,2024-11-04
2465,Neeraj Chawla,neeraj.chawla8373@gmail.com,Bhopal,2023-02-22
2466,Komal Pande,komal.pande6085@ymail.com,Kalyan-Dombivali,2022-05-27
2467,Sandeep Kumar,sandeep.kumar4639@yahoo.com,Delhi,2023-10-31
2468,Ritesh Trivedi,ritesh.trivedi5903@hotmail.com,Kalyan-Dombivali,2024-02-07
2469,Nisha Gupta,nisha.gupta511@yahoo.com,Faridabad,2022-04-02
2470,Karan Banerjee,karan.banerjee2459@rediffmail.com,Delhi,2022-08-06
2471,Ritesh Dubey,ritesh.dubey5130@rediffmail.com,Guwahati,2024-11-06
2472,Sudhir Patel,sudhir.patel5637@yahoo.com,Meerut,2022-03-08
2473,Sanjeev Singh,sanjeev.singh2459@outlook.com,Hubli,2022-06-10
2474,Ankita Banerjee,ankita.banerjee3680@rediffmail.com,Amritsar,2024-05-06
2475,Pradeep Singh,pradeep.singh1987@rediffmail.com,Hyderabad,2024-08-25
2476,Sanjeev Nair,sanjeev.nair8526@outlook.com,Ludhiana,2023-07-06
2477,Gaurav Yadav,gaurav.yadav9425@hotmail.com,Bhopal,2023-11-05
2478,Isha Varma,isha.varma5931@yahoo.com,Srinagar,2023-10-07
2479,Simran Chawla,simran.chawla3950@outlook.com,Chandigarh,2024-04-19
2480,Lata Bhatt,lata.bhatt5767@rediffmail.com,Amritsar,2022-06-06
2481,Zara Kapoor,zara.kapoor7933@rediffmail.com,Thane,2024-07-08
2482,Sudhir Kulkarni,sudhir.kulkarni3765@rediffmail.com,Jaipur,2023-05-17
2483,Sonu Chatterjee,sonu.chatterjee6679@ymail.com,Coimbatore,2022-10-10
2484,Ritesh Ghosh,ritesh.ghosh4701@hotmail.com,Ludhiana,2022-08-30
2485,Ankit Kulkarni,ankit.kulkarni6899@rediffmail.com,Surat,2024-10-09
2486,Sachin Mukherjee,sachin.mukherjee3246@yahoo.com,Srinagar,2022-02-01
2487,Deepika Chawla,deepika.chawla6859@hotmail.com,Hubli,2024-08-20
2488,Simran Chauhan,simran.chauhan2071@gmail.com,Vasai-Virar,2022-02-19
2489,Shailesh Das,shailesh.das1197@yahoo.com,Amritsar,2024-12-20
2490,Zara Kaur,zara.kaur6920@hotmail.com,Jaipur,2024-04-03
2491,Shanti Nanda,shanti.nanda3956@ymail.com,Patna,2022-09-01
2492,Kunal Sengupta,kunal.sengupta5516@rediffmail.com,Jabalpur,2022-08-09
2493,Shiv Arora,shiv.arora1209@ymail.com,Nashik,2024-07-08
2494,Yogesh Kulkarni,yogesh.kulkarni7369@ymail.com,Vasai-Virar,2023-08-16
2495,Sneha Mishra,sneha.mishra2206@ymail.com,Kanpur,2024-11-09
2496,Ankit Choudhary,ankit.choudhary128@rediffmail.com,Coimbatore,2024-01-28
2497,Sapna Reddy,sapna.reddy7431@outlook.com,Ludhiana,2024-06-17
2498,Dev Murthy,dev.murthy9636@hotmail.com,Bareilly,2022-07-18
2499,Hemant Iyer,hemant.iyer8083@hotmail.com,Hyderabad,2024-11-26
2500,Vivek Nair,vivek.nair9500@rediffmail.com,Vasai-Virar,2023-08-08
2501,Komal Kaur,komal.kaur5220@yahoo.com,Surat,2022-03-27
2502,Swati Sinha,swati.sinha3452@outlook.com,Navi Mumbai,2023-07-24
2503,Ram Mukherjee,ram.mukherjee5151@gmail.com,Nashik,2023-08-07
2504,Deepika Chawla,deepika.chawla4717@hotmail.com,Dhanbad,2024-06-17
2505,Heena Mukherjee,heena.mukherjee2775@hotmail.com,Visakhapatnam,2022-08-06
2506,Ritu Dutta,ritu.dutta4566@yahoo.com,Pune,2023-02-28
2507,Rahul Yadav,rahul.yadav8335@yahoo.com,Delhi,2022-03-23
2508,Vivek Naik,vivek.naik8814@yahoo.com,Mumbai,2024-09-27
2509,Tarun Verma,tarun.verma423@hotmail.com,Indore,2023-08-01
2510,Ram Kumar,ram.kumar7289@rediffmail.com,Jaipur,2024-07-18
2511,Karan Chatterjee,karan.chatterjee1796@ymail.com,Guwahati,2022-09-03
2512,Neeraj Mukherjee,neeraj.mukherjee7083@outlook.com,Visakhapatnam,2022-06-27
2513,Vikas Chopra,vikas.chopra4563@ymail.com,Madurai,2022-08-27
2514,Lalit Varma,lalit.varma1296@ymail.com,Thane,2022-06-02
2515,Komal Das,komal.das8308@hotmail.com,Pimpri-Chinchwad,2024-07-17
2516,Sachin Sinha,sachin.sinha8403@ymail.com,Bareilly,2022-06-01
2517,Shikha Sharma,shikha.sharma5158@gmail.com,Vasai-Virar,2022-07-25
2518,Anand Shukla,anand.shukla8541@hotmail.com,Nagpur,2022-03-14
2519,Sahil Rao,sahil.rao131@yahoo.com,Jaipur,2024-02-10
2520,Vikram Dutta,vikram.dutta3206@hotmail.com,Aurangabad,2022-11-07
2521,Nitika Verma,nitika.verma3066@ymail.com,Dhanbad,2023-08-02
2522,Ashok Deshpande,ashok.deshpande1454@rediffmail.com,Chandigarh,2023-03-15
2523,Aarav Kumar,aarav.kumar1103@outlook.com,Ranchi,2023-03-04
2524,Shikha Desai,shikha.desai636@outlook.com,Kota,2023-06-23
2525,Rohan Kaur,rohan.kaur9567@yahoo.com,Vijayawada,2023-12-16
2526,Nitesh Nair,nitesh.nair2951@hotmail.com,Thane,2023-08-22
2527,Santosh Modi,santosh.modi8032@ymail.com,Rajkot,2024-01-02
2528,Priya Mishra,priya.mishra4841@gmail.com,Thane,2022-08-19
2529,Vinay Sengupta,vinay.sengupta4707@outlook.com,Varanasi,2023-10-29
2530,Isha Saxena,isha.saxena6961@gmail.com,Kanpur,2024-08-09
2531,Kiran Saxena,kiran.saxena1861@hotmail.com,Kota,2024-03-26
2532,Shikha Chopra,shikha.chopra7926@outlook.com,Jabalpur,2024-04-23
2533,Seema Garg,seema.garg475@hotmail.com,Pimpri-Chinchwad,2024-11-05
2534,Harish Mukherjee,harish.mukherjee6702@gmail.com,Ranchi,2023-10-24
2535,Jayesh Shah,jayesh.shah5204@outlook.com,Rajkot,2024-06-24
2536,Mohan Khanna,mohan.khanna4272@gmail.com,Pimpri-Chinchwad,2024-09-21
2537,Shruti Dutta,shruti.dutta5568@ymail.com,Bengaluru,2023-09-24
2538,Neha Kulkarni,neha.kulkarni3626@rediffmail.com,Lucknow,2023-02-27
2539,Sonu Rao,sonu.rao1808@rediffmail.com,Gwalior,2023-11-07
2540,Ashok Pathak,ashok.pathak8844@gmail.com,Chandigarh,2022-02-13
2541,Sunita Kaur,sunita.kaur1479@ymail.com,Agra,2023-12-24
2542,Sonali Tiwari,sonali.tiwari9059@gmail.com,Jodhpur,2022-04-11
2543,Pavan Dubey,pavan.dubey5933@rediffmail.com,Nagpur,2022-11-18
2544,Uday Naik,uday.naik6481@ymail.com,Thane,2023-08-18
2545,Sunita Das,sunita.das6126@hotmail.com,Kalyan-Dombivali,2023-03-18
2546,Rahul Singh,rahul.singh4075@gmail.com,Bengaluru,2022-02-11
2547,Sneha Nair,sneha.nair1680@rediffmail.com,Rajkot,2024-09-20
2548,Amitabh Das,amitabh.das4639@hotmail.com,Delhi,2023-04-17
2549,Sachin Tiwari,sachin.tiwari4052@gmail.com,Pimpri-Chinchwad,2022-09-11
2550,Swati Trivedi,swati.trivedi6191@ymail.com,Rajkot,2022-09-26
2551,Swati Sinha,swati.sinha4424@gmail.com,Chennai,2022-06-01
2552,Paras Singh,paras.singh6806@gmail.com,Mumbai,2022-11-07
2553,Arjun Sinha,arjun.sinha9637@outlook.com,Nagpur,2023-10-02
2554,Sudhir Jain,sudhir.jain6966@rediffmail.com,Solapur,2022-02-17
2555,Kavita Goyal,kavita.goyal7519@yahoo.com,Pune,2023-06-26
2556,Sanjay Pande,sanjay.pande7724@outlook.com,Patna,2024-05-29
2557,Ansh Dutta,ansh.dutta6658@rediffmail.com,Pimpri-Chinchwad,2024-09-16
2558,Kajal Chatterjee,kajal.chatterjee8737@rediffmail.com,Bhopal,2024-02-23
2559,Ajay Modi,ajay.modi6450@hotmail.com,Hubli,2022-08-10
2560,Neha Dutta,neha.dutta9468@gmail.com,Rajkot,2023-04-21
2561,Neha Kapoor,neha.kapoor7812@rediffmail.com,Pune,2023-09-29
2562,Krishna Choudhary,krishna.choudhary1371@gmail.com,Ranchi,2022-12-13
2563,Girish Chakraborty,girish.chakraborty8026@rediffmail.com,Bhopal,2022-06-21
2564,Bhaskar Khanna,bhaskar.khanna7759@rediffmail.com,Chandigarh,2023-04-22
2565,Anil Tiwari,anil.tiwari8085@hotmail.com,Kalyan-Dombivali,2023-09-30
2566,Shyam Jha,shyam.jha2468@gmail.com,Ludhiana,2024-04-12
2567,Vikram Agarwal,vikram.agarwal4394@ymail.com,Indore,2024-09-27
2568,Priya Modi,priya.modi5129@ymail.com,Bhopal,2023-10-22
2569,Nilesh Shukla,nilesh.shukla7914@rediffmail.com,Ranchi,2022-06-16
2570,Zara Chauhan,zara.chauhan6975@ymail.com,Chennai,2024-02-09
2571,Ashok Srivastava,ashok.srivastava224@yahoo.com,Navi Mumbai,2022-09-06
2572,Deepika Deshpande,deepika.deshpande7170@gmail.com,Bengaluru,2024-05-18
2573,Om Das,om.das8595@outlook.com,Jaipur,2024-05-06
2574,Meena Agarwal,meena.agarwal4862@gmail.com,Vasai-Virar,2023-08-26
2575,Shiv Banerjee,shiv.banerjee4442@rediffmail.com,Ludhiana,2024-02-01
2576,Rakesh Reddy,rakesh.reddy2719@yahoo.com,Patna,2024-12-07
2577,Seema Dubey,seema.dubey6083@rediffmail.com,Jabalpur,2023-05-30
2578,Nisha Mehta,nisha.mehta3451@hotmail.com,Solapur,2022-10-05
2579,Deepika Nair,deepika.nair7764@gmail.com,Ludhiana,2024-05-02
2580,Dev Choudhary,dev.choudhary7709@gmail.com,Mumbai,2023-10-01
2581,Shanti Deshpande,shanti.deshpande3265@ymail.com,Pune,2024-07-28
2582,Krishna Chauhan,krishna.chauhan1002@rediffmail.com,Srinagar,2022-11-17
2583,Anjali Joshi,anjali.joshi9162@yahoo.com,Nashik,2022-01-29
2584,Ritu Deshpande,ritu.deshpande4499@hotmail.com,Vasai-Virar,2023-09-19
2585,Lokesh Pillai,lokesh.pillai6608@hotmail.com,Ranchi,2023-02-19
2586,Ankita Patel,ankita.patel2498@gmail.com,Chandigarh,2023-03-20
2587,Kabir Desai,kabir.desai4308@rediffmail.com,Pune,2022-09-17
2588,Sunita Nair,sunita.nair9623@ymail.com,Bareilly,2024-02-24
2589,Krishna Pande,krishna.pande9703@rediffmail.com,Pimpri-Chinchwad,2024-08-27
2590,Girish Das,girish.das44@yahoo.com,Indore,2022-07-07
2591,Ritu Varma,ritu.varma2401@yahoo.com,Lucknow,2024-08-31
2592,Vikram Agarwal,vikram.agarwal5298@gmail.com,Hyderabad,2022-10-08
2593,Parul Varma,parul.varma7204@outlook.com,Madurai,2024-08-24
2594,Komal Iyer,komal.iyer8199@gmail.com,Bhopal,2024-03-16
2595,Madhav Tiwari,madhav.tiwari6317@ymail.com,Aurangabad,2023-12-29
2596,Kedar Yadav,kedar.yadav8553@hotmail.com,Navi Mumbai,2022-06-10
2597,Vinod Pathak,vinod.pathak3505@yahoo.com,Vijayawada,2023-07-23
2598,Shilpa Choudhary,shilpa.choudhary7164@rediffmail.com,Varanasi,2024-09-30
2599,Shailesh Trivedi,shailesh.trivedi4105@ymail.com,Ahmedabad,2024-06-10
2600,Sanjay Joshi,sanjay.joshi2917@gmail.com,Faridabad,2024-08-12
2601,Sonali Saxena,sonali.saxena5669@ymail.com,Vasai-Virar,2023-03-14
2602,Rohan Nanda,rohan.nanda3130@outlook.com,Faridabad,2023-01-02
2603,Anand Sinha,anand.sinha175@yahoo.com,Varanasi,2024-01-10
2604,Pooja Deshpande,pooja.deshpande92@rediffmail.com,Vadodara,2023-11-04
2605,Arjun Chatterjee,arjun.chatterjee6044@hotmail.com,Amritsar,2022-01-27
2606,Ritesh Goyal,ritesh.goyal550@ymail.com,Pimpri-Chinchwad,2024-09-07
2607,Manish Arora,manish.arora4146@hotmail.com,Vijayawada,2022-04-28
2608,Ram Verma,ram.verma499@ymail.com,Aurangabad,2024-07-19
2609,Nitika Desai,nitika.desai7757@ymail.com,Jodhpur,2022-08-01
2610,Amit Kapoor,amit.kapoor473@rediffmail.com,Guwahati,2022-11-10
2611,Shikha Sinha,shikha.sinha2899@yahoo.com,Kolkata,2024-05-09
2612,Tarun Bose,tarun.bose1957@gmail.com,Varanasi,2022-05-08
2613,Kiran Chauhan,kiran.chauhan8915@hotmail.com,Nagpur,2022-02-04
2614,Krishna Yadav,krishna.yadav5186@ymail.com,Lucknow,2024-01-21
2615,Pavan Agarwal,pavan.agarwal6606@outlook.com,Madurai,2022-05-06
2616,Anjali Deshpande,anjali.deshpande8217@yahoo.com,Chandigarh,2023-07-01
2617,Ankit Desai,ankit.desai7265@gmail.com,Pimpri-Chinchwad,2023-02-11
2618,Shailesh Murthy,shailesh.murthy6706@yahoo.com,Vijayawada,2022-01-07
2619,Kedar Goyal,kedar.goyal9185@hotmail.com,Ahmedabad,2023-12-01
2620,Nilesh Pande,nilesh.pande1411@rediffmail.com,Srinagar,2022-06-30
2621,Asha Chatterjee,asha.chatterjee1484@yahoo.com,Chandigarh,2022-06-26
2622,Divya Jain,divya.jain9686@ymail.com,Delhi,2022-12-13
2623,Sudhir Agarwal,sudhir.agarwal3564@ymail.com,Faridabad,2024-07-31
2624,Ankit Mukherjee,ankit.mukherjee4043@hotmail.com,Raipur,2023-01-27
2625,Simran Srivastava,simran.srivastava2175@hotmail.com,Hyderabad,2024-02-16
2626,Shikha Gupta,shikha.gupta2917@hotmail.com,Jaipur,2023-10-09
2627,Megha Dutta,megha.dutta3085@hotmail.com,Nagpur,2022-12-29
2628,Karan Ghosh,karan.ghosh7203@hotmail.com,Kolkata,2024-09-30
2629,Lalit Patel,lalit.patel5958@hotmail.com,Bareilly,2024-12-07
2630,Neha Yadav,neha.yadav2794@gmail.com,Coimbatore,2024-02-29
2631,Chandra Naik,chandra.naik9318@yahoo.com,Kota,2024-06-07
2632,Lakshmi Reddy,lakshmi.reddy4730@yahoo.com,Agra,2024-10-28
2633,Rahul Yadav,rahul.yadav4407@gmail.com,Amritsar,2023-03-08
2634,Jayesh Dubey,jayesh.dubey7663@hotmail.com,Bengaluru,2022-08-25
2635,Pavan Saxena,pavan.saxena3055@outlook.com,Jaipur,2024-08-14
2636,Ravi Jain,ravi.jain6100@rediffmail.com,Meerut,2022-03-11
2637,Komal Sharma,komal.sharma1714@ymail.com,Nashik,2022-01-17
2638,Deepak Kulkarni,deepak.kulkarni7791@hotmail.com,Agra,2022-07-25
2639,Divya Chatterjee,divya.chatterjee5866@hotmail.com,Lucknow,2024-08-14
2640,Priya Desai,priya.desai357@outlook.com,Gwalior,2024-07-23
2641,Ravi Pande,ravi.pande7127@ymail.com,Rajkot,2024-08-27
2642,Tarun Garg,tarun.garg4139@ymail.com,Faridabad,2023-11-23
2643,Nitesh Shah,nitesh.shah6573@hotmail.com,Bengaluru,2023-04-25
2644,Sonal Banerjee,sonal.banerjee8307@gmail.com,Kalyan-Dombivali,2024-05-22
2645,Sonu Goyal,sonu.goyal9462@outlook.com,Coimbatore,2022-02-28
2646,Deepak Murthy,deepak.murthy2727@hotmail.com,Jabalpur,2024-12-09
2647,Geeta Pande,geeta.pande2287@yahoo.com,Madurai,2023-11-14
2648,Sudhir Bansal,sudhir.bansal1482@hotmail.com,Bareilly,2022-10-17
2649,Sunita Joshi,sunita.joshi7516@outlook.com,Lucknow,2024-08-01
2650,Aarav Saxena,aarav.saxena2417@yahoo.com,Kanpur,2023-09-10
2651,Kedar Bhatt,kedar.bhatt3025@yahoo.com,Indore,2024-06-13
2652,Ansh Singh,ansh.singh4010@yahoo.com,Raipur,2024-02-06
2653,Aarav Mishra,aarav.mishra2611@hotmail.com,Pune,2024-08-22
2654,Rahul Shah,rahul.shah6457@ymail.com,Indore,2024-08-25
2655,Santosh Kaur,santosh.kaur7594@ymail.com,Bhopal,2022-07-16
2656,Mahesh Chopra,mahesh.chopra5216@yahoo.com,Rajkot,2023-11-01
2657,Vivek Gupta,vivek.gupta6957@rediffmail.com,Rajkot,2024-12-29
2658,Ankita Joshi,ankita.joshi8001@ymail.com,Solapur,2022-02-25
2659,Heena Mukherjee,heena.mukherjee9971@yahoo.com,Bareilly,2023-04-27
2660,Lokesh Kapoor,lokesh.kapoor5569@rediffmail.com,Mumbai,2024-03-26
2661,Zara Bhatia,zara.bhatia3770@yahoo.com,Dhanbad,2023-01-20
2662,Amitabh Dubey,amitabh.dubey4947@outlook.com,Kolkata,2023-11-27
2663,Mahesh Reddy,mahesh.reddy2948@outlook.com,Surat,2023-08-07
2664,Kedar Kaur,kedar.kaur7876@gmail.com,Visakhapatnam,2024-05-13
2665,Dev Das,dev.das6525@ymail.com,Navi Mumbai,2022-08-06
2666,Nilesh Varma,nilesh.varma1354@hotmail.com,Raipur,2022-07-27
2667,Sanjay Chakraborty,sanjay.chakraborty6627@gmail.com,Lucknow,2023-10-16
2668,Ashok Pande,ashok.pande8307@outlook.com,Raipur,2024-07-20
2669,Aditya Modi,aditya.modi6582@outlook.com,Bareilly,2022-04-22
2670,Kavita Kumar,kavita.kumar4238@ymail.com,Vijayawada,2022-08-26
2671,Ritesh Varma,ritesh.varma7378@rediffmail.com,Faridabad,2024-08-27
2672,Shilpa Jha,shilpa.jha8766@hotmail.com,Ahmedabad,2023-01-02
2673,Mohan Naik,mohan.naik6283@ymail.com,Kolkata,2022-11-04
2674,Aarav Jha,aarav.jha9670@hotmail.com,Nagpur,2024-11-20
2675,Swati Pillai,swati.pillai7455@outlook.com,Hyderabad,2024-08-09
2676,Kajal Arora,kajal.arora1992@outlook.com,Srinagar,2024-01-22
2677,Ananya Mukherjee,ananya.mukherjee9820@ymail.com,Faridabad,2023-06-01
2678,Mohan Jha,mohan.jha4853@gmail.com,Allahabad,2023-07-02
2679,Dev Gupta,dev.gupta5848@outlook.com,Delhi,2024-07-03
2680,Komal Iyer,komal.iyer584@rediffmail.com,Ahmedabad,2024-01-02
2681,Shruti Arora,shruti.arora8705@ymail.com,Rajkot,2023-05-25
2682,Dev Bhatt,dev.bhatt8766@gmail.com,Jaipur,2022-10-24
2683,Sahil Modi,sahil.modi7064@hotmail.com,Nashik,2024-07-27
2684,Shailesh Pillai,shailesh.pillai4000@ymail.com,Navi Mumbai,2024-07-27
2685,Amitabh Bhatia,amitabh.bhatia5351@hotmail.com,Bengaluru,2022-10-28
2686,Ritesh Singh,ritesh.singh1657@outlook.com,Amritsar,2022-06-11
2687,Kunal Banerjee,kunal.banerjee4948@outlook.com,Rajkot,2022-02-15
2688,Divya Sinha,divya.sinha4209@ymail.com,Jodhpur,2022-06-12
2689,Uday Chatterjee,uday.chatterjee7102@gmail.com,Nagpur,2023-06-19
2690,Kavita Pillai,kavita.pillai8423@rediffmail.com,Bhopal,2022-04-11
2691,Lokesh Pande,lokesh.pande7749@yahoo.com,Hubli,2024-06-13
2692,Kabir Sinha,kabir.sinha3043@hotmail.com,Amritsar,2022-04-04
2693,Ritesh Khanna,ritesh.khanna2970@ymail.com,Patna,2023-07-13
2694,Aarav Kulkarni,aarav.kulkarni3394@gmail.com,Kalyan-Dombivali,2022-09-23
2695,Kabir Goyal,kabir.goyal7577@rediffmail.com,Vijayawada,2023-10-14
2696,Arjun Dutta,arjun.dutta3684@gmail.com,Guwahati,2023-10-27
2697,Heena Bhatia,heena.bhatia4716@ymail.com,Guwahati,2024-08-01
2698,Ravi Kulkarni,ravi.kulkarni9753@hotmail.com,Allahabad,2024-03-07
2699,Nisha Banerjee,nisha.banerjee9137@gmail.com,Agra,2023-11-29
2700,Kiran Joshi,kiran.joshi7281@yahoo.com,Srinagar,2024-10-18
2701,Girish Naik,girish.naik2786@ymail.com,Meerut,2023-06-08
2702,Meena Arora,meena.arora9361@gmail.com,Vijayawada,2024-09-23
2703,Rajesh Joshi,rajesh.joshi1362@yahoo.com,Solapur,2024-12-20
2704,Lokesh Iyer,lokesh.iyer4782@hotmail.com,Varanasi,2024-08-15
2705,Akash Choudhary,akash.choudhary9584@yahoo.com,Gwalior,2023-12-22
2706,Rakesh Kumar,rakesh.kumar6806@gmail.com,Hubli,2023-08-05
2707,Rajesh Sinha,rajesh.sinha8041@yahoo.com,Meerut,2022-09-27
2708,Madhav Pathak,madhav.pathak2024@gmail.com,Rajkot,2023-03-24
2709,Harish Chawla,harish.chawla9352@hotmail.com,Kanpur,2022-11-22
2710,Sonali Tiwari,sonali.tiwari6572@rediffmail.com,Kalyan-Dombivali,2023-12-22
2711,Sneha Dubey,sneha.dubey6852@rediffmail.com,Pimpri-Chinchwad,2023-10-17
2712,Sonali Kapoor,sonali.kapoor1731@ymail.com,Raipur,2023-10-13
2713,Paras Naik,paras.naik8725@outlook.com,Thane,2024-04-07
2714,Om Srivastava,om.srivastava7601@hotmail.com,Varanasi,2022-11-18
2715,Ritu Chakraborty,ritu.chakraborty2911@outlook.com,Patna,2022-01-07
2716,Pradeep Yadav,pradeep.yadav5474@outlook.com,Jodhpur,2022-12-19
2717,Seema Chatterjee,seema.chatterjee1611@outlook.com,Coimbatore,2024-05-06
2718,Mihir Kulkarni,mihir.kulkarni3095@ymail.com,Delhi,2023-04-05
2719,Ayesha Pillai,ayesha.pillai8248@gmail.com,Jabalpur,2024-04-17
2720,Ajay Jain,ajay.jain9992@yahoo.com,Lucknow,2024-08-24
2721,Seema Bhatt,seema.bhatt6067@gmail.com,Solapur,2024-03-08
2722,Rahul Murthy,rahul.murthy3163@yahoo.com,Srinagar,2024-01-26
2723,Shiv Chakraborty,shiv.chakraborty3921@yahoo.com,Aurangabad,2023-02-14
2724,Komal Chopra,komal.chopra4801@gmail.com,Delhi,2023-02-28
2725,Ram Mehta,ram.mehta7524@yahoo.com,Raipur,2024-06-27
2726,Ishaan Trivedi,ishaan.trivedi2898@outlook.com,Amritsar,2022-08-16
2727,Sunita Pathak,sunita.pathak5428@yahoo.com,Bhopal,2024-08-04
2728,Shiv Bhatia,shiv.bhatia113@ymail.com,Bengaluru,2024-04-12
2729,Vikas Nair,vikas.nair7704@outlook.com,Chennai,2024-05-04
2730,Jayesh Mukherjee,jayesh.mukherjee8804@gmail.com,Guwahati,2024-12-29
2731,Shilpa Ahuja,shilpa.ahuja7185@outlook.com,Chandigarh,2022-05-03
2732,Karan Varma,karan.varma6528@ymail.com,Bareilly,2022-03-23
2733,Lata Khanna,lata.khanna8382@ymail.com,Jodhpur,2024-06-20
2734,Mohan Trivedi,mohan.trivedi2033@gmail.com,Surat,2023-06-22
2735,Sonal Verma,sonal.verma9500@gmail.com,Chandigarh,2022-12-13
2736,Lata Kulkarni,lata.kulkarni5568@yahoo.com,Bhopal,2024-09-15
2737,Girish Ghosh,girish.ghosh1592@hotmail.com,Jodhpur,2022-06-01
2738,Nikhil Sengupta,nikhil.sengupta8054@yahoo.com,Hubli,2023-06-17
2739,Kunal Gupta,kunal.gupta7286@hotmail.com,Varanasi,2023-06-13
2740,Rakesh Goyal,rakesh.goyal9740@gmail.com,Hubli,2022-10-14
2741,Bhaskar Nair,bhaskar.nair4726@gmail.com,Thane,2024-01-30
2742,Rakesh Kapoor,rakesh.kapoor4772@hotmail.com,Guwahati,2022-11-21
2743,Rakesh Rao,rakesh.rao4993@outlook.com,Guwahati,2024-06-19
2744,Sapna Gupta,sapna.gupta2531@ymail.com,Kota,2022-09-21
2745,Bhaskar Pathak,bhaskar.pathak4790@outlook.com,Visakhapatnam,2023-04-12
2746,Akash Bose,akash.bose3468@rediffmail.com,Vadodara,2022-10-31
2747,Ramesh Agarwal,ramesh.agarwal4251@hotmail.com,Chandigarh,2024-11-07
2748,Simran Chakraborty,simran.chakraborty8468@outlook.com,Aurangabad,2022-12-15
2749,Lakshmi Reddy,lakshmi.reddy2554@rediffmail.com,Amritsar,2023-10-06
2750,Pavan Kapoor,pavan.kapoor6193@outlook.com,Jodhpur,2022-12-13
2751,Vikram Nair,vikram.nair7898@yahoo.com,Aurangabad,2024-02-17
2752,Aditya Saxena,aditya.saxena1061@hotmail.com,Thane,2023-09-26
2753,Girish Dutta,girish.dutta2460@hotmail.com,Jabalpur,2022-09-02
2754,Sanjay Deshpande,sanjay.deshpande5841@outlook.com,Srinagar,2022-01-25
2755,Uday Sinha,uday.sinha8588@yahoo.com,Solapur,2023-02-19
2756,Lata Saxena,lata.saxena539@outlook.com,Vijayawada,2022-07-22
2757,Krishna Murthy,krishna.murthy1101@hotmail.com,Ranchi,2024-12-31
2758,Uma Sinha,uma.sinha8811@gmail.com,Hyderabad,2024-07-03
2759,Rakesh Nair,rakesh.nair4063@yahoo.com,Visakhapatnam,2023-01-10
2760,Shailesh Banerjee,shailesh.banerjee4016@yahoo.com,Kota,2024-07-23
2761,Dev Arora,dev.arora9981@hotmail.com,Ranchi,2023-07-23
2762,Ansh Sinha,ansh.sinha3114@ymail.com,Chennai,2022-09-29
2763,Pavan Iyer,pavan.iyer998@yahoo.com,Thane,2023-05-15
2764,Ramesh Srivastava,ramesh.srivastava9524@outlook.com,Srinagar,2022-07-21
2765,Pradeep Mukherjee,pradeep.mukherjee837@hotmail.com,Vijayawada,2022-05-30
2766,Geeta Mishra,geeta.mishra1908@outlook.com,Kolkata,2024-09-01
2767,Geeta Chauhan,geeta.chauhan8887@rediffmail.com,Indore,2024-09-24
2768,Kavita Pande,kavita.pande158@rediffmail.com,Vasai-Virar,2022-08-17
2769,Shiv Mukherjee,shiv.mukherjee7253@ymail.com,Nagpur,2024-07-23
2770,Aarav Ghosh,aarav.ghosh6672@rediffmail.com,Pimpri-Chinchwad,2024-10-05
2771,Sachin Desai,sachin.desai5385@rediffmail.com,Aurangabad,2024-11-19
2772,Kajal Reddy,kajal.reddy4910@hotmail.com,Allahabad,2023-05-25
2773,Kunal Goyal,kunal.goyal9196@rediffmail.com,Vadodara,2024-06-20
2774,Asha Srivastava,asha.srivastava2985@outlook.com,Mumbai,2023-10-16
2775,Vivek Murthy,vivek.murthy7709@outlook.com,Lucknow,2023-01-02
2776,Anjali Srivastava,anjali.srivastava7079@ymail.com,Vadodara,2022-07-13
2777,Ritu Chakraborty,ritu.chakraborty7262@hotmail.com,Vijayawada,2023-01-10
2778,Gaurav Tiwari,gaurav.tiwari1782@yahoo.com,Indore,2023-09-22
2779,Paras Iyer,paras.iyer5244@rediffmail.com,Aurangabad,2022-07-30
2780,Seema Iyer,seema.iyer9987@yahoo.com,Howrah,2022-11-13
2781,Komal Das,komal.das3145@outlook.com,Lucknow,2022-11-20
2782,Rohan Saxena,rohan.saxena2575@hotmail.com,Navi Mumbai,2024-08-28
2783,Sanjay Pathak,sanjay.pathak6831@ymail.com,Pimpri-Chinchwad,2023-04-14
2784,Anand Ghosh,anand.ghosh7733@hotmail.com,Faridabad,2022-10-24
2785,Kedar Jha,kedar.jha5799@ymail.com,Ludhiana,2024-07-10
2786,Kedar Kumar,kedar.kumar9229@outlook.com,Hubli,2024-05-04
2787,Aarav Srivastava,aarav.srivastava6621@gmail.com,Kalyan-Dombivali,2023-12-26
2788,Sandeep Varma,sandeep.varma2293@outlook.com,Bareilly,2023-07-16
2789,Ajay Verma,ajay.verma3314@yahoo.com,Madurai,2023-06-09
2790,Karan Yadav,karan.yadav6120@gmail.com,Ludhiana,2024-05-25
2791,Sunil Kaur,sunil.kaur5337@rediffmail.com,Ranchi,2023-02-13
2792,Sunita Dubey,sunita.dubey8241@outlook.com,Pimpri-Chinchwad,2022-08-07
2793,Ankita Garg,ankita.garg2629@hotmail.com,Chandigarh,2024-09-09
2794,Shiv Patel,shiv.patel7699@gmail.com,Bareilly,2024-03-09
2795,Shailesh Chatterjee,shailesh.chatterjee7980@yahoo.com,Pimpri-Chinchwad,2024-02-08
2796,Anil Chauhan,anil.chauhan920@ymail.com,Agra,2023-07-20
2797,Pradeep Kapoor,pradeep.kapoor7179@hotmail.com,Ahmedabad,2024-08-24
2798,Ayesha Mukherjee,ayesha.mukherjee1213@hotmail.com,Bareilly,2024-04-27
2799,Tanvi Choudhary,tanvi.choudhary2465@rediffmail.com,Vadodara,2023-02-14
2800,Rajesh Bhatt,rajesh.bhatt7181@yahoo.com,Ludhiana,2023-06-18
2801,Rajesh Nair,rajesh.nair4775@ymail.com,Delhi,2022-10-15
2802,Sonali Tiwari,sonali.tiwari1115@ymail.com,Guwahati,2023-10-05
2803,Varun Kapoor,varun.kapoor7305@ymail.com,Indore,2023-01-13
2804,Komal Mehta,komal.mehta3731@outlook.com,Faridabad,2023-11-14
2805,Geeta Shah,geeta.shah4244@hotmail.com,Jabalpur,2022-02-17
2806,Ayesha Chawla,ayesha.chawla6731@outlook.com,Rajkot,2024-09-23
2807,Sunita Bansal,sunita.bansal8658@gmail.com,Amritsar,2024-02-04
2808,Ajay Pande,ajay.pande7164@gmail.com,Amritsar,2023-11-01
2809,Sunil Naik,sunil.naik8062@hotmail.com,Howrah,2023-11-15
2810,Sahil Bhatia,sahil.bhatia1238@rediffmail.com,Kolkata,2022-08-19
2811,Pradeep Das,pradeep.das8414@gmail.com,Howrah,2024-08-17
2812,Rohan Reddy,rohan.reddy3128@gmail.com,Bareilly,2024-06-01
2813,Swati Goyal,swati.goyal7631@outlook.com,Solapur,2022-11-08
2814,Sanjay Jha,sanjay.jha1197@yahoo.com,Jodhpur,2023-11-27
2815,Nikhil Nair,nikhil.nair7085@gmail.com,Rajkot,2023-08-25
2816,Aarav Pillai,aarav.pillai6389@gmail.com,Mumbai,2023-04-07
2817,Komal Kumar,komal.kumar2466@hotmail.com,Thane,2023-10-31
2818,Pradeep Mehta,pradeep.mehta3283@rediffmail.com,Nashik,2022-11-09
2819,Gaurav Tiwari,gaurav.tiwari2430@yahoo.com,Vadodara,2023-01-07
2820,Arjun Ahuja,arjun.ahuja8740@rediffmail.com,Bengaluru,2022-09-18
2821,Priya Joshi,priya.joshi1135@hotmail.com,Ludhiana,2023-04-17
2822,Sanjeev Dubey,sanjeev.dubey3305@hotmail.com,Lucknow,2024-05-18
2823,Jyoti Dutta,jyoti.dutta3560@hotmail.com,Delhi,2022-10-09
2824,Vinay Sengupta,vinay.sengupta7204@gmail.com,Meerut,2022-02-22
2825,Neeraj Chakraborty,neeraj.chakraborty3418@outlook.com,Hyderabad,2024-07-04
2826,Neeraj Khanna,neeraj.khanna3255@yahoo.com,Bareilly,2024-02-19
2827,Ravi Verma,ravi.verma2043@gmail.com,Kanpur,2024-11-03
2828,Yogesh Patel,yogesh.patel8463@gmail.com,Lucknow,2023-03-06
2829,Ashish Modi,ashish.modi9910@hotmail.com,Solapur,2023-10-11
2830,Mihir Deshpande,mihir.deshpande3447@gmail.com,Amritsar,2024-01-07
2831,Nitesh Ghosh,nitesh.ghosh8336@gmail.com,Srinagar,2022-02-03
2832,Aarav Kaur,aarav.kaur6882@outlook.com,Pune,2023-12-28
2833,Lata Iyer,lata.iyer1070@outlook.com,Jodhpur,2023-09-08
2834,Hemant Sharma,hemant.sharma1384@ymail.com,Jodhpur,2024-03-09
2835,Vinay Mishra,vinay.mishra260@hotmail.com,Chandigarh,2023-10-25
2836,Amitabh Choudhary,amitabh.choudhary4080@yahoo.com,Howrah,2022-01-19
2837,Ashok Nair,ashok.nair2552@yahoo.com,Kota,2024-08-20
2838,Sonal Arora,sonal.arora1003@rediffmail.com,Indore,2023-08-24
2839,Lokesh Pillai,lokesh.pillai6798@yahoo.com,Kalyan-Dombivali,2022-12-20
2840,Dev Banerjee,dev.banerjee8497@yahoo.com,Solapur,2023-01-07
2841,Lata Mukherjee,lata.mukherjee1793@yahoo.com,Delhi,2024-10-15
2842,Girish Iyer,girish.iyer6614@ymail.com,Faridabad,2023-06-28
2843,Rohini Jain,rohini.jain467@gmail.com,Agra,2022-02-28
2844,Vinod Mishra,vinod.mishra561@ymail.com,Surat,2024-04-14
2845,Amitabh Naik,amitabh.naik6178@rediffmail.com,Chandigarh,2024-12-11
2846,Deepika Das,deepika.das1641@gmail.com,Nashik,2023-04-02
2847,Ansh Kulkarni,ansh.kulkarni1087@gmail.com,Aurangabad,2024-08-09
2848,Mihir Bose,mihir.bose8794@outlook.com,Jaipur,2022-01-02
2849,Kedar Mishra,kedar.mishra7693@hotmail.com,Jaipur,2023-10-24
2850,Sanjeev Naik,sanjeev.naik5990@rediffmail.com,Madurai,2022-07-17
2851,Nitesh Modi,nitesh.modi9360@yahoo.com,Jaipur,2023-03-26
2852,Parul Chopra,parul.chopra2337@yahoo.com,Madurai,2022-06-18
2853,Simran Chauhan,simran.chauhan6617@hotmail.com,Gwalior,2022-08-04
2854,Isha Dutta,isha.dutta4107@yahoo.com,Chandigarh,2023-09-09
2855,Krishna Shukla,krishna.shukla7572@ymail.com,Coimbatore,2024-11-30
2856,Pavan Pande,pavan.pande4371@yahoo.com,Ludhiana,2024-05-14
2857,Lokesh Saxena,lokesh.saxena2380@rediffmail.com,Solapur,2022-03-12
2858,Simran Sengupta,simran.sengupta6309@ymail.com,Hyderabad,2023-02-10
2859,Divya Agarwal,divya.agarwal2343@ymail.com,Bengaluru,2023-05-03
2860,Deepak Khanna,deepak.khanna5285@gmail.com,Howrah,2024-09-11
2861,Nitesh Bose,nitesh.bose5635@yahoo.com,Vijayawada,2024-04-10
2862,Neha Dubey,neha.dubey7426@rediffmail.com,Visakhapatnam,2024-06-19
2863,Ashish Sinha,ashish.sinha4577@ymail.com,Bareilly,2024-11-19
2864,Ritu Jha,ritu.jha5526@yahoo.com,Visakhapatnam,2023-11-30
2865,Suresh Chakraborty,suresh.chakraborty7985@rediffmail.com,Srinagar,2022-07-17
2866,Santosh Bose,santosh.bose5610@rediffmail.com,Visakhapatnam,2022-05-10
2867,Sudhir Kapoor,sudhir.kapoor6989@ymail.com,Delhi,2022-09-16
2868,Arjun Dutta,arjun.dutta7495@gmail.com,Ahmedabad,2023-08-29
2869,Ashok Chakraborty,ashok.chakraborty5696@hotmail.com,Varanasi,2024-06-12
2870,Rahul Bhatt,rahul.bhatt8270@yahoo.com,Rajkot,2024-11-12
2871,Gaurav Choudhary,gaurav.choudhary3635@gmail.com,Nagpur,2023-12-26
2872,Pooja Pathak,pooja.pathak2487@rediffmail.com,Navi Mumbai,2024-12-11
2873,Ananya Varma,ananya.varma8736@hotmail.com,Allahabad,2023-04-17
2874,Shailesh Nair,shailesh.nair2733@hotmail.com,Lucknow,2022-07-25
2875,Seema Das,seema.das3708@ymail.com,Surat,2024-05-18
2876,Varun Deshpande,varun.deshpande4562@gmail.com,Rajkot,2023-08-31
2877,Mahesh Sengupta,mahesh.sengupta8549@outlook.com,Aurangabad,2024-08-16
2878,Komal Chopra,komal.chopra4916@gmail.com,Chennai,2023-05-30
2879,Shikha Nanda,shikha.nanda5106@yahoo.com,Chandigarh,2022-05-17
2880,Anil Srivastava,anil.srivastava6724@yahoo.com,Surat,2024-09-11
2881,Tanvi Das,tanvi.das3973@outlook.com,Lucknow,2024-05-08
2882,Manish Patel,manish.patel3169@yahoo.com,Nashik,2022-05-25
2883,Heena Goyal,heena.goyal2301@outlook.com,Ahmedabad,2022-11-07
2884,Girish Malhotra,girish.malhotra2334@ymail.com,Pimpri-Chinchwad,2023-11-02
2885,Aditya Rao,aditya.rao1922@rediffmail.com,Vadodara,2024-12-09
2886,Aryan Tiwari,aryan.tiwari9805@outlook.com,Thane,2024-06-16
2887,Kavita Verma,kavita.verma2046@rediffmail.com,Solapur,2024-07-19
2888,Chandra Bhatia,chandra.bhatia5594@hotmail.com,Bengaluru,2024-02-21
2889,Uday Sengupta,uday.sengupta4186@gmail.com,Vijayawada,2024-08-13
2890,Mohan Patel,mohan.patel2760@ymail.com,Kota,2024-09-24
2891,Sonal Gupta,sonal.gupta3681@rediffmail.com,Pune,2022-07-01
2892,Shruti Pathak,shruti.pathak9815@hotmail.com,Bhopal,2024-10-09
2893,Uday Sharma,uday.sharma7086@outlook.com,Hyderabad,2022-08-04
2894,Vikas Tiwari,vikas.tiwari4591@ymail.com,Chandigarh,2023-07-19
2895,Yash Ghosh,yash.ghosh8321@hotmail.com,Kalyan-Dombivali,2023-05-30
2896,Lalit Bhatt,lalit.bhatt212@gmail.com,Guwahati,2024-09-21
2897,Isha Patel,isha.patel8110@yahoo.com,Coimbatore,2024-06-07
2898,Santosh Goyal,santosh.goyal1704@ymail.com,Dhanbad,2024-02-09
2899,Ritesh Nair,ritesh.nair6269@gmail.com,Jabalpur,2022-08-09
2900,Ravi Yadav,ravi.yadav1616@rediffmail.com,Pune,2022-08-29
2901,Sonal Garg,sonal.garg5910@rediffmail.com,Raipur,2024-05-13
2902,Swati Khanna,swati.khanna654@hotmail.com,Jodhpur,2024-06-20
2903,Varun Mehta,varun.mehta9394@rediffmail.com,Bengaluru,2024-03-27
2904,Swati Varma,swati.varma7075@ymail.com,Delhi,2023-03-19
2905,Rakesh Desai,rakesh.desai396@ymail.com,Agra,2022-07-22
2906,Karan Chatterjee,karan.chatterjee6753@gmail.com,Chandigarh,2024-07-24
2907,Uma Sengupta,uma.sengupta4154@hotmail.com,Raipur,2023-12-06
2908,Lalit Garg,lalit.garg4533@outlook.com,Hyderabad,2023-10-27
2909,Nikhil Sharma,nikhil.sharma4312@yahoo.com,Indore,2023-10-22
2910,Shyam Khanna,shyam.khanna5711@yahoo.com,Dhanbad,2022-07-02
2911,Krishna Joshi,krishna.joshi8819@ymail.com,Thane,2023-10-11
2912,Tarun Iyer,tarun.iyer1660@ymail.com,Kolkata,2024-04-11
2913,Kiran Pillai,kiran.pillai8147@ymail.com,Kanpur,2024-02-23
2914,Geeta Ghosh,geeta.ghosh7954@hotmail.com,Agra,2024-06-15
2915,Vivek Kapoor,vivek.kapoor2609@yahoo.com,Ludhiana,2022-02-02
2916,Asha Deshpande,asha.deshpande9533@hotmail.com,Amritsar,2023-08-30
2917,Sneha Nanda,sneha.nanda8819@yahoo.com,Rajkot,2022-06-05
2918,Geeta Bhatt,geeta.bhatt1484@ymail.com,Jabalpur,2024-04-08
2919,Varun Ghosh,varun.ghosh2389@ymail.com,Agra,2024-12-27
2920,Lalit Khanna,lalit.khanna2180@outlook.com,Pune,2023-08-25
2921,Rohan Pande,rohan.pande1347@hotmail.com,Thane,2024-06-25
2922,Tanvi Arora,tanvi.arora4029@rediffmail.com,Surat,2023-07-15
2923,Akash Modi,akash.modi3678@ymail.com,Thane,2023-05-18
2924,Vinay Dutta,vinay.dutta7215@ymail.com,Indore,2022-10-25
2925,Aditya Gupta,aditya.gupta3993@gmail.com,Gwalior,2024-09-16
2926,Uday Malhotra,uday.malhotra6792@rediffmail.com,Ranchi,2023-01-29
2927,Megha Desai,megha.desai8497@rediffmail.com,Rajkot,2024-03-03
2928,Simran Ghosh,simran.ghosh5964@hotmail.com,Vasai-Virar,2024-01-29
2929,Lata Sengupta,lata.sengupta3846@hotmail.com,Allahabad,2024-01-02
2930,Ankita Sharma,ankita.sharma2204@hotmail.com,Kota,2023-05-21
2931,Sunil Naik,sunil.naik9486@yahoo.com,Pune,2024-11-05
2932,Shikha Mishra,shikha.mishra8772@hotmail.com,Pune,2023-04-12
2933,Shiv Joshi,shiv.joshi9078@yahoo.com,Srinagar,2023-07-06
2934,Ram Yadav,ram.yadav872@outlook.com,Gwalior,2024-06-15
2935,Om Patel,om.patel7147@gmail.com,Lucknow,2022-02-15
2936,Rajesh Malhotra,rajesh.malhotra9159@ymail.com,Hyderabad,2023-12-13
2937,Nitesh Chakraborty,nitesh.chakraborty2423@gmail.com,Raipur,2023-12-27
2938,Anjali Singh,anjali.singh4524@rediffmail.com,Visakhapatnam,2022-02-26
2939,Shilpa Pathak,shilpa.pathak8042@outlook.com,Guwahati,2022-10-01
2940,Manish Dubey,manish.dubey7408@hotmail.com,Allahabad,2023-09-16
2941,Krishna Dutta,krishna.dutta9337@rediffmail.com,Kalyan-Dombivali,2022-10-23
2942,Sonali Naik,sonali.naik9616@hotmail.com,Mumbai,2022-04-19
2943,Shilpa Srivastava,shilpa.srivastava5872@rediffmail.com,Ahmedabad,2022-05-26
2944,Rohan Bhatia,rohan.bhatia8680@outlook.com,Chandigarh,2022-11-27
2945,Shruti Deshpande,shruti.deshpande4077@rediffmail.com,Bareilly,2023-01-03
2946,Tarun Desai,tarun.desai484@ymail.com,Dhanbad,2022-09-02
2947,Krishna Bhatt,krishna.bhatt1543@outlook.com,Howrah,2024-03-04
2948,Suresh Kulkarni,suresh.kulkarni6248@ymail.com,Aurangabad,2022-10-11
2949,Uma Jha,uma.jha2999@gmail.com,Vadodara,2023-12-29
2950,Dev Shukla,dev.shukla7052@hotmail.com,Dhanbad,2022-07-05
2951,Divya Ghosh,divya.ghosh6577@yahoo.com,Thane,2023-12-21
2952,Sandeep Rao,sandeep.rao1337@hotmail.com,Varanasi,2022-07-12
2953,Pooja Ghosh,pooja.ghosh335@rediffmail.com,Hyderabad,2022-05-02
2954,Seema Kapoor,seema.kapoor1565@yahoo.com,Mumbai,2024-12-19
2955,Aditya Agarwal,aditya.agarwal5356@outlook.com,Vadodara,2022-02-26
2956,Sunita Sengupta,sunita.sengupta9308@rediffmail.com,Faridabad,2022-05-23
2957,Dev Deshpande,dev.deshpande8163@yahoo.com,Allahabad,2023-03-24
2958,Lakshmi Chauhan,lakshmi.chauhan2535@rediffmail.com,Faridabad,2022-12-29
2959,Vivek Malhotra,vivek.malhotra2909@rediffmail.com,Surat,2024-06-30
2960,Akash Pillai,akash.pillai636@rediffmail.com,Ahmedabad,2023-10-01
2961,Anand Gupta,anand.gupta1766@hotmail.com,Raipur,2023-01-05
2962,Ravi Nair,ravi.nair2743@gmail.com,Dhanbad,2023-01-31
2963,Ritesh Choudhary,ritesh.choudhary5528@outlook.com,Madurai,2024-03-07
2964,Sudhir Malhotra,sudhir.malhotra1907@ymail.com,Ranchi,2022-05-15
2965,Kunal Garg,kunal.garg5992@yahoo.com,Bhopal,2024-10-02
2966,Gaurav Trivedi,gaurav.trivedi6624@gmail.com,Nashik,2022-05-01
2967,Zara Chatterjee,zara.chatterjee7872@ymail.com,Guwahati,2022-07-22
2968,Uma Nair,uma.nair1491@ymail.com,Jodhpur,2023-10-19
2969,Yogesh Nair,yogesh.nair9225@rediffmail.com,Kota,2024-12-25
2970,Pavan Khanna,pavan.khanna8952@ymail.com,Nagpur,2023-08-02
2971,Komal Chopra,komal.chopra7339@yahoo.com,Patna,2024-05-23
2972,Meena Kumar,meena.kumar6178@gmail.com,Dhanbad,2022-02-18
2973,Nitika Chauhan,nitika.chauhan5268@rediffmail.com,Aurangabad,2024-03-07
2974,Kedar Modi,kedar.modi4706@ymail.com,Kota,2022-04-23
2975,Pooja Yadav,pooja.yadav683@yahoo.com,Kolkata,2023-09-21
2976,Vivek Patel,vivek.patel9360@rediffmail.com,Kanpur,2023-10-05
2977,Shyam Bansal,shyam.bansal8754@gmail.com,Hyderabad,2023-09-13
2978,Mahesh Deshpande,mahesh.deshpande5764@rediffmail.com,Hyderabad,2024-06-07
2979,Shyam Murthy,shyam.murthy8585@yahoo.com,Amritsar,2024-01-30
2980,Seema Sharma,seema.sharma733@yahoo.com,Pune,2024-07-25
2981,Divya Sengupta,divya.sengupta3631@ymail.com,Ludhiana,2022-05-30
2982,Shilpa Dubey,shilpa.dubey8115@yahoo.com,Howrah,2022-02-01
2983,Amitabh Banerjee,amitabh.banerjee6251@yahoo.com,Kota,2022-08-27
2984,Ritu Gupta,ritu.gupta78@yahoo.com,Madurai,2023-11-09
2985,Dev Kaur,dev.kaur3742@hotmail.com,Rajkot,2022-04-02
2986,Chandra Choudhary,chandra.choudhary9810@yahoo.com,Gwalior,2023-06-13
2987,Vinay Banerjee,vinay.banerjee6928@ymail.com,Howrah,2023-09-27
2988,Girish Mukherjee,girish.mukherjee4467@outlook.com,Kota,2022-01-21
2989,Mihir Verma,mihir.verma6778@outlook.com,Pimpri-Chinchwad,2023-01-24
2990,Swati Tiwari,swati.tiwari7999@hotmail.com,Jabalpur,2022-01-22
2991,Sachin Sharma,sachin.sharma6480@gmail.com,Kota,2024-07-08
2992,Ashok Saxena,ashok.saxena3654@gmail.com,Vijayawada,2022-08-23
2993,Asha Das,asha.das8005@gmail.com,Kanpur,2023-11-02
2994,Deepika Sinha,deepika.sinha4203@ymail.com,Guwahati,2024-03-26
2995,Kajal Naik,kajal.naik4694@hotmail.com,Howrah,2023-06-20
2996,Aryan Srivastava,aryan.srivastava1957@outlook.com,Nagpur,2022-06-27
2997,Rajesh Bose,rajesh.bose8159@yahoo.com,Jaipur,2024-11-27
2998,Amit Mishra,amit.mishra7845@gmail.com,Ahmedabad,2023-04-14
2999,Amit Yadav,amit.yadav6359@yahoo.com,Kolkata,2022-05-19
3000,Ishaan Kumar,ishaan.kumar6077@outlook.com,Solapur,2022-10-20
3001,Neeraj Pathak,neeraj.pathak673@ymail.com,Amritsar,2023-01-23
3002,Sonali Dubey,sonali.dubey5209@gmail.com,Howrah,2022-01-30
3003,Chandra Jha,chandra.jha4110@yahoo.com,Nashik,2024-08-04
3004,Geeta Sengupta,geeta.sengupta925@outlook.com,Meerut,2022-11-10
3005,Karan Murthy,karan.murthy1043@yahoo.com,Kanpur,2023-02-03
3006,Krishna Saxena,krishna.saxena7191@gmail.com,Varanasi,2022-05-23
3007,Uday Garg,uday.garg9858@rediffmail.com,Patna,2022-11-26
3008,Bhaskar Nanda,bhaskar.nanda5203@gmail.com,Ahmedabad,2022-05-14
3009,Megha Nair,megha.nair8754@gmail.com,Gwalior,2022-12-14
3010,Shiv Banerjee,shiv.banerjee5271@hotmail.com,Bengaluru,2022-10-21
3011,Yash Chauhan,yash.chauhan3829@gmail.com,Meerut,2022-01-08
3012,Rakesh Bansal,rakesh.bansal6350@rediffmail.com,Ahmedabad,2023-04-05
3013,Sonal Rao,sonal.rao577@rediffmail.com,Allahabad,2022-06-01
3014,Ajay Reddy,ajay.reddy7806@rediffmail.com,Jodhpur,2024-03-01
3015,Kajal Shah,kajal.shah6337@outlook.com,Solapur,2023-05-02
3016,Seema Modi,seema.modi4097@hotmail.com,Vijayawada,2024-07-20
3017,Nitesh Chatterjee,nitesh.chatterjee2510@outlook.com,Allahabad,2024-01-08
3018,Heena Choudhary,heena.choudhary4700@ymail.com,Chandigarh,2022-12-24
3019,Mahesh Ghosh,mahesh.ghosh2627@hotmail.com,Solapur,2022-02-12
3020,Mukesh Varma,mukesh.varma4913@yahoo.com,Bengaluru,2024-07-30
3021,Megha Shukla,megha.shukla8872@yahoo.com,Rajkot,2022-09-14
3022,Uday Rao,uday.rao5783@yahoo.com,Rajkot,2024-05-12
3023,Vinod Kulkarni,vinod.kulkarni7547@ymail.com,Varanasi,2024-06-28
3024,Mahesh Mehta,mahesh.mehta5957@hotmail.com,Ludhiana,2024-03-27
3025,Ayesha Singh,ayesha.singh8683@yahoo.com,Bhopal,2023-03-21
3026,Shilpa Deshpande,shilpa.deshpande9313@yahoo.com,Chandigarh,2024-01-15
3027,Yash Mehta,yash.mehta8982@outlook.com,Faridabad,2023-09-21
3028,Harish Khanna,harish.khanna2316@outlook.com,Pune,2024-07-15
3029,Kavita Sengupta,kavita.sengupta6753@gmail.com,Nagpur,2023-03-21
3030,Kunal Nanda,kunal.nanda2568@ymail.com,Meerut,2024-11-25
3031,Mukesh Desai,mukesh.desai7258@gmail.com,Kota,2023-02-27
3032,Mahesh Pande,mahesh.pande2824@hotmail.com,Solapur,2022-11-16
3033,Sandeep Khanna,sandeep.khanna9422@yahoo.com,Surat,2024-04-22
3034,Kiran Mehta,kiran.mehta4026@ymail.com,Jaipur,2024-09-23
3035,Kiran Pillai,kiran.pillai8694@ymail.com,Vijayawada,2022-03-14
3036,Sapna Chauhan,sapna.chauhan1071@gmail.com,Delhi,2022-01-18
3037,Zara Chakraborty,zara.chakraborty865@hotmail.com,Kolkata,2023-10-04
3038,Anand Sengupta,anand.sengupta5845@yahoo.com,Solapur,2022-11-05
3039,Harish Iyer,harish.iyer1082@hotmail.com,Gwalior,2023-10-09
3040,Ramesh Sengupta,ramesh.sengupta7318@outlook.com,Agra,2022-12-25
3041,Karan Iyer,karan.iyer1663@rediffmail.com,Lucknow,2022-11-08
3042,Deepak Kulkarni,deepak.kulkarni1941@rediffmail.com,Gwalior,2024-04-19
3043,Deepak Nanda,deepak.nanda9050@ymail.com,Aurangabad,2023-07-30
3044,Shailesh Bose,shailesh.bose4087@gmail.com,Madurai,2022-10-28
3045,Yogesh Malhotra,yogesh.malhotra1591@gmail.com,Jaipur,2024-02-20
3046,Nisha Kaur,nisha.kaur7814@yahoo.com,Bareilly,2022-02-10
3047,Ravi Sharma,ravi.sharma5938@outlook.com,Coimbatore,2023-01-08
3048,Neha Sengupta,neha.sengupta326@outlook.com,Madurai,2023-12-06
3049,Vinod Jha,vinod.jha1393@hotmail.com,Chennai,2022-12-29
3050,Ayesha Pillai,ayesha.pillai4917@ymail.com,Rajkot,2022-11-03
3051,Asha Banerjee,asha.banerjee3230@ymail.com,Ludhiana,2023-08-22
3052,Shilpa Trivedi,shilpa.trivedi1362@hotmail.com,Jabalpur,2024-10-10
3053,Ajay Pillai,ajay.pillai9672@outlook.com,Lucknow,2024-01-18
3054,Uma Ghosh,uma.ghosh3147@rediffmail.com,Pimpri-Chinchwad,2024-12-01
3055,Yash Chatterjee,yash.chatterjee385@outlook.com,Ludhiana,2022-12-08
3056,Ananya Reddy,ananya.reddy3913@ymail.com,Vadodara,2023-06-23
3057,Neha Kumar,neha.kumar5530@gmail.com,Pimpri-Chinchwad,2024-07-27
3058,Sanjeev Bhatt,sanjeev.bhatt5455@rediffmail.com,Bengaluru,2022-09-25
3059,Vikram Banerjee,vikram.banerjee175@ymail.com,Howrah,2022-02-09
3060,Kavita Kaur,kavita.kaur3271@outlook.com,Meerut,2024-03-06
3061,Amit Sharma,amit.sharma4429@ymail.com,Meerut,2023-11-19
3062,Lata Varma,lata.varma8399@outlook.com,Kalyan-Dombivali,2023-12-02
3063,Ashok Joshi,ashok.joshi4286@rediffmail.com,Nagpur,2024-09-28
3064,Kajal Goyal,kajal.goyal1365@outlook.com,Madurai,2022-06-23
3065,Suresh Saxena,suresh.saxena5221@rediffmail.com,Ahmedabad,2022-02-17
3066,Suresh Chopra,suresh.chopra1754@yahoo.com,Chennai,2022-12-29
3067,Lokesh Bhatia,lokesh.bhatia2524@rediffmail.com,Bhopal,2022-06-28
3068,Vikas Bhatia,vikas.bhatia159@ymail.com,Mumbai,2023-11-30
3069,Vikram Chatterjee,vikram.chatterjee1154@yahoo.com,Coimbatore,2024-08-01
3070,Sachin Chakraborty,sachin.chakraborty5422@ymail.com,Pune,2022-09-07
3071,Anil Shukla,anil.shukla2273@yahoo.com,Solapur,2022-06-16
3072,Divya Bhatt,divya.bhatt1501@gmail.com,Vasai-Virar,2023-04-23
3073,Girish Bansal,girish.bansal1302@outlook.com,Ludhiana,2024-12-20
3074,Gaurav Mishra,gaurav.mishra3233@ymail.com,Dhanbad,2023-01-17
3075,Nisha Gupta,nisha.gupta9697@gmail.com,Varanasi,2023-01-14
3076,Paras Agarwal,paras.agarwal1304@yahoo.com,Nagpur,2023-06-24
3077,Bhaskar Mukherjee,bhaskar.mukherjee8881@rediffmail.com,Nagpur,2022-09-11
3078,Shanti Srivastava,shanti.srivastava1242@yahoo.com,Kanpur,2023-10-21
3079,Sneha Dutta,sneha.dutta2662@outlook.com,Vijayawada,2023-08-31
3080,Reena Kulkarni,reena.kulkarni8302@ymail.com,Patna,2023-03-23
3081,Mohan Ghosh,mohan.ghosh5649@ymail.com,Bhopal,2024-12-22
3082,Aarav Reddy,aarav.reddy4124@hotmail.com,Hubli,2022-11-27
3083,Anjali Bansal,anjali.bansal1029@outlook.com,Nashik,2022-05-04
3084,Rohini Srivastava,rohini.srivastava7047@gmail.com,Raipur,2024-07-02
3085,Aditya Sinha,aditya.sinha1446@hotmail.com,Coimbatore,2024-01-11
3086,Shanti Shah,shanti.shah9921@ymail.com,Chennai,2023-06-22
3087,Shruti Yadav,shruti.yadav5228@outlook.com,Nashik,2024-09-10
3088,Lokesh Modi,lokesh.modi4920@outlook.com,Ludhiana,2023-01-25
3089,Hemant Patel,hemant.patel2795@gmail.com,Kota,2023-12-24
3090,Megha Mehta,megha.mehta7564@hotmail.com,Rajkot,2024-08-07
3091,Vikram Sengupta,vikram.sengupta7609@outlook.com,Surat,2022-10-18
3092,Shyam Srivastava,shyam.srivastava6318@outlook.com,Delhi,2022-10-13
3093,Sudhir Jain,sudhir.jain6250@ymail.com,Surat,2024-03-29
3094,Lata Agarwal,lata.agarwal7117@ymail.com,Kanpur,2022-11-06
3095,Ravi Desai,ravi.desai3556@gmail.com,Delhi,2024-03-12
3096,Nisha Choudhary,nisha.choudhary4439@hotmail.com,Nagpur,2022-02-14
3097,Om Khanna,om.khanna2594@hotmail.com,Ranchi,2023-07-23
3098,Hemant Deshpande,hemant.deshpande7972@rediffmail.com,Chandigarh,2024-10-19
3099,Mukesh Kumar,mukesh.kumar2619@outlook.com,Madurai,2022-05-03
3100,Lalit Chauhan,lalit.chauhan1097@hotmail.com,Guwahati,2024-09-03
3101,Ritesh Gupta,ritesh.gupta2318@yahoo.com,Navi Mumbai,2024-10-09
3102,Sunita Dubey,sunita.dubey6822@outlook.com,Mumbai,2023-09-23
3103,Sachin Das,sachin.das5548@ymail.com,Vadodara,2024-05-28
3104,Rohan Chawla,rohan.chawla9816@yahoo.com,Navi Mumbai,2023-08-01
3105,Kunal Singh,kunal.singh6118@ymail.com,Jaipur,2024-01-27
3106,Rakesh Mishra,rakesh.mishra1035@gmail.com,Varanasi,2024-01-28
3107,Mihir Garg,mihir.garg3432@hotmail.com,Kota,2023-04-24
3108,Yogesh Chakraborty,yogesh.chakraborty5121@ymail.com,Aurangabad,2023-07-29
3109,Rajesh Jha,rajesh.jha9458@hotmail.com,Kota,2023-02-03
3110,Yash Chopra,yash.chopra5273@ymail.com,Howrah,2023-04-14
3111,Shikha Patel,shikha.patel9985@yahoo.com,Bhopal,2024-09-27
3112,Rakesh Mishra,rakesh.mishra318@hotmail.com,Amritsar,2022-07-15
3113,Mahesh Srivastava,mahesh.srivastava2431@rediffmail.com,Ludhiana,2022-06-16
3114,Pooja Modi,pooja.modi7581@rediffmail.com,Chandigarh,2023-06-29
3115,Anjali Malhotra,anjali.malhotra6383@yahoo.com,Bareilly,2023-07-20
3116,Shilpa Choudhary,shilpa.choudhary5961@gmail.com,Aurangabad,2023-05-21
3117,Heena Rao,heena.rao51@hotmail.com,Nashik,2024-09-15
3118,Rajesh Choudhary,rajesh.choudhary4469@hotmail.com,Dhanbad,2023-10-06
3119,Ritesh Mukherjee,ritesh.mukherjee8787@yahoo.com,Jodhpur,2023-01-21
3120,Ritu Pathak,ritu.pathak9914@gmail.com,Patna,2022-05-05
3121,Shyam Mukherjee,shyam.mukherjee3194@rediffmail.com,Amritsar,2023-08-02
3122,Isha Trivedi,isha.trivedi6161@outlook.com,Kota,2022-01-23
3123,Kavita Ghosh,kavita.ghosh3347@yahoo.com,Patna,2022-02-21
3124,Akash Reddy,akash.reddy6905@gmail.com,Faridabad,2024-08-10
3125,Sonu Chatterjee,sonu.chatterjee2419@outlook.com,Vijayawada,2024-02-22
3126,Rajesh Das,rajesh.das9730@outlook.com,Hubli,2023-10-06
3127,Aryan Banerjee,aryan.banerjee4482@outlook.com,Pimpri-Chinchwad,2023-02-10
3128,Shikha Pathak,shikha.pathak7428@hotmail.com,Lucknow,2022-09-21
3129,Komal Ahuja,komal.ahuja2031@gmail.com,Ludhiana,2024-09-04
3130,Lokesh Choudhary,lokesh.choudhary5166@ymail.com,Meerut,2022-02-22
3131,Sachin Kumar,sachin.kumar5307@outlook.com,Kanpur,2023-10-31
3132,Rohan Yadav,rohan.yadav566@ymail.com,Patna,2023-10-26
3133,Rakesh Srivastava,rakesh.srivastava9315@gmail.com,Amritsar,2022-04-25
3134,Shiv Shukla,shiv.shukla2161@outlook.com,Chennai,2022-05-20
3135,Ayesha Choudhary,ayesha.choudhary1676@rediffmail.com,Lucknow,2023-04-27
3136,Ansh Srivastava,ansh.srivastava5904@hotmail.com,Agra,2022-06-16
3137,Megha Jha,megha.jha1140@outlook.com,Rajkot,2022-05-08
3138,Pooja Kulkarni,pooja.kulkarni6488@ymail.com,Surat,2022-07-03
3139,Swati Dubey,swati.dubey7349@yahoo.com,Ahmedabad,2023-06-19
3140,Hemant Garg,hemant.garg926@ymail.com,Raipur,2022-02-19
3141,Ananya Reddy,ananya.reddy3695@outlook.com,Bengaluru,2022-03-28
3142,Heena Srivastava,heena.srivastava3812@yahoo.com,Jaipur,2024-10-22
3143,Kiran Jain,kiran.jain6350@ymail.com,Madurai,2024-03-21
3144,Ajay Murthy,ajay.murthy4746@outlook.com,Delhi,2024-04-29
3145,Rahul Bhatia,rahul.bhatia658@yahoo.com,Coimbatore,2022-03-15
3146,Girish Dutta,girish.dutta9548@outlook.com,Mumbai,2023-12-17
3147,Shanti Bhatt,shanti.bhatt9529@hotmail.com,Amritsar,2022-12-03
3148,Manish Dubey,manish.dubey2495@rediffmail.com,Mumbai,2023-07-31
3149,Jyoti Nanda,jyoti.nanda6133@rediffmail.com,Meerut,2022-11-24
3150,Tarun Deshpande,tarun.deshpande9956@hotmail.com,Agra,2023-02-05
3151,Komal Sengupta,komal.sengupta4266@outlook.com,Ahmedabad,2023-08-08
3152,Neha Ahuja,neha.ahuja7300@rediffmail.com,Jodhpur,2024-11-14
3153,Sonali Khanna,sonali.khanna3353@yahoo.com,Ahmedabad,2022-03-27
3154,Mahesh Varma,mahesh.varma1749@ymail.com,Indore,2023-02-14
3155,Sonal Pande,sonal.pande4893@ymail.com,Raipur,2023-03-15
3156,Vinod Patel,vinod.patel4971@hotmail.com,Srinagar,2022-04-22
3157,Sandeep Rao,sandeep.rao3766@rediffmail.com,Visakhapatnam,2023-03-21
3158,Parul Ahuja,parul.ahuja5078@gmail.com,Indore,2023-01-06
3159,Vikas Jha,vikas.jha3381@outlook.com,Chandigarh,2024-03-06
3160,Shiv Jain,shiv.jain7502@outlook.com,Jabalpur,2022-12-05
3161,Zara Modi,zara.modi7868@rediffmail.com,Jabalpur,2023-08-08
3162,Sunil Saxena,sunil.saxena4072@gmail.com,Gwalior,2022-08-08
3163,Vinod Agarwal,vinod.agarwal512@rediffmail.com,Hyderabad,2022-01-23
3164,Kabir Banerjee,kabir.banerjee1@hotmail.com,Varanasi,2024-02-21
3165,Shruti Pande,shruti.pande2614@gmail.com,Hyderabad,2024-01-24
3166,Harish Reddy,harish.reddy3126@outlook.com,Solapur,2024-02-03
3167,Ankita Goyal,ankita.goyal6841@ymail.com,Delhi,2023-09-02
3168,Sonali Arora,sonali.arora1968@hotmail.com,Surat,2023-06-23
3169,Nikhil Banerjee,nikhil.banerjee3354@gmail.com,Vijayawada,2022-03-04
3170,Vinay Banerjee,vinay.banerjee7808@yahoo.com,Mumbai,2022-08-19
3171,Ansh Singh,ansh.singh3848@outlook.com,Coimbatore,2023-07-14
3172,Jyoti Ahuja,jyoti.ahuja9228@outlook.com,Chennai,2022-11-10
3173,Harish Bhatia,harish.bhatia6514@ymail.com,Meerut,2022-03-03
3174,Amit Modi,amit.modi7086@outlook.com,Kalyan-Dombivali,2022-12-25
3175,Aditya Pande,aditya.pande722@ymail.com,Chennai,2023-07-30
3176,Shikha Gupta,shikha.gupta7851@yahoo.com,Pimpri-Chinchwad,2022-02-19
3177,Santosh Goyal,santosh.goyal3082@yahoo.com,Kota,2024-07-06
3178,Suresh Agarwal,suresh.agarwal723@rediffmail.com,Vasai-Virar,2024-09-27
3179,Sunil Dutta,sunil.dutta775@hotmail.com,Faridabad,2022-07-01
3180,Reena Kapoor,reena.kapoor7476@outlook.com,Allahabad,2022-12-02
3181,Lokesh Saxena,lokesh.saxena6083@ymail.com,Ranchi,2022-10-26
3182,Komal Sinha,komal.sinha5682@outlook.com,Kanpur,2024-04-02
3183,Lokesh Mehta,lokesh.mehta5693@hotmail.com,Surat,2024-10-09
3184,Sapna Naik,sapna.naik6682@hotmail.com,Vasai-Virar,2022-06-27
3185,Ritesh Ghosh,ritesh.ghosh2256@hotmail.com,Nashik,2024-08-13
3186,Neha Srivastava,neha.srivastava8835@ymail.com,Lucknow,2022-03-29
3187,Kunal Murthy,kunal.murthy2377@rediffmail.com,Agra,2022-11-23
3188,Uma Varma,uma.varma9400@yahoo.com,Indore,2024-03-22
3189,Ankit Verma,ankit.verma6865@gmail.com,Amritsar,2022-03-27
3190,Pavan Chauhan,pavan.chauhan9429@gmail.com,Visakhapatnam,2022-12-04
3191,Shyam Dutta,shyam.dutta5487@outlook.com,Ahmedabad,2023-10-29
3192,Shruti Yadav,shruti.yadav6117@rediffmail.com,Rajkot,2024-12-07
3193,Sanjeev Verma,sanjeev.verma6436@yahoo.com,Howrah,2023-12-21
3194,Simran Kulkarni,simran.kulkarni1744@yahoo.com,Vijayawada,2024-07-18
3195,Chandra Yadav,chandra.yadav3086@ymail.com,Mumbai,2024-10-30
3196,Sunita Chauhan,sunita.chauhan8114@yahoo.com,Chennai,2023-09-20
3197,Ishaan Srivastava,ishaan.srivastava6654@hotmail.com,Indore,2022-07-17
3198,Swati Deshpande,swati.deshpande386@gmail.com,Delhi,2023-08-29
3199,Ashish Dubey,ashish.dubey3043@ymail.com,Chennai,2022-05-18
3200,Jatin Malhotra,jatin.malhotra1949@outlook.com,Nashik,2024-04-05
3201,Aditya Sharma,aditya.sharma9791@hotmail.com,Agra,2024-03-05
3202,Lokesh Dubey,lokesh.dubey4978@outlook.com,Gwalior,2024-09-06
3203,Sahil Pillai,sahil.pillai9722@gmail.com,Raipur,2024-10-03
3204,Amit Modi,amit.modi5237@hotmail.com,Delhi,2023-06-08
3205,Shanti Mishra,shanti.mishra6288@rediffmail.com,Bareilly,2022-07-20
3206,Mohan Sharma,mohan.sharma9620@rediffmail.com,Nashik,2024-10-01
3207,Akash Kaur,akash.kaur634@outlook.com,Hubli,2022-06-27
3208,Nisha Ghosh,nisha.ghosh8909@gmail.com,Kolkata,2023-05-18
3209,Shiv Yadav,shiv.yadav1541@outlook.com,Meerut,2023-11-22
3210,Ishaan Pathak,ishaan.pathak7689@gmail.com,Ludhiana,2023-09-27
3211,Rahul Tiwari,rahul.tiwari7393@yahoo.com,Gwalior,2024-04-20
3212,Arjun Agarwal,arjun.agarwal2104@rediffmail.com,Raipur,2022-02-27
3213,Anand Murthy,anand.murthy7282@gmail.com,Amritsar,2023-01-07
3214,Nilesh Goyal,nilesh.goyal9258@outlook.com,Allahabad,2022-04-10
3215,Jatin Patel,jatin.patel1928@ymail.com,Navi Mumbai,2024-10-02
3216,Dev Sengupta,dev.sengupta7402@hotmail.com,Lucknow,2022-03-23
3217,Karan Pathak,karan.pathak5430@outlook.com,Ahmedabad,2022-11-14
3218,Uday Bhatia,uday.bhatia3263@outlook.com,Dhanbad,2023-05-26
3219,Aarav Kaur,aarav.kaur2894@outlook.com,Bengaluru,2023-09-12
3220,Divya Dutta,divya.dutta5572@ymail.com,Coimbatore,2024-10-07
3221,Hemant Shukla,hemant.shukla7286@ymail.com,Ahmedabad,2022-07-27
3222,Deepika Chopra,deepika.chopra2163@ymail.com,Jabalpur,2022-02-18
3223,Neeraj Modi,neeraj.modi6008@ymail.com,Vasai-Virar,2022-02-12
3224,Shikha Nair,shikha.nair6035@ymail.com,Allahabad,2022-08-06
3225,Mihir Mishra,mihir.mishra550@hotmail.com,Vasai-Virar,2024-05-14
3226,Anjali Bhatia,anjali.bhatia1430@hotmail.com,Madurai,2024-01-03
3227,Nisha Khanna,nisha.khanna8309@yahoo.com,Jaipur,2022-09-05
3228,Akash Das,akash.das1416@rediffmail.com,Kanpur,2023-02-07
3229,Neha Saxena,neha.saxena8945@hotmail.com,Ranchi,2023-06-23
3230,Nitesh Bhatia,nitesh.bhatia3040@rediffmail.com,Kalyan-Dombivali,2022-08-26
3231,Rajesh Arora,rajesh.arora3806@yahoo.com,Surat,2023-09-08
3232,Ayesha Sinha,ayesha.sinha6402@gmail.com,Faridabad,2022-05-03
3233,Parul Trivedi,parul.trivedi200@gmail.com,Navi Mumbai,2023-06-29
3234,Ramesh Nair,ramesh.nair146@hotmail.com,Jaipur,2023-10-17
3235,Zara Garg,zara.garg7871@yahoo.com,Nagpur,2024-08-30
3236,Nitesh Mishra,nitesh.mishra3509@gmail.com,Kanpur,2024-03-05
3237,Rahul Rao,rahul.rao8871@gmail.com,Surat,2022-09-18
3238,Varun Murthy,varun.murthy2383@gmail.com,Aurangabad,2024-11-17
3239,Ankita Pande,ankita.pande2699@yahoo.com,Vijayawada,2024-04-26
3240,Uday Rao,uday.rao5927@yahoo.com,Visakhapatnam,2024-04-12
3241,Anil Srivastava,anil.srivastava7076@gmail.com,Ludhiana,2024-03-19
3242,Akash Deshpande,akash.deshpande6123@outlook.com,Varanasi,2023-04-06
3243,Simran Chatterjee,simran.chatterjee2087@outlook.com,Gwalior,2024-11-09
3244,Vinod Kulkarni,vinod.kulkarni2577@yahoo.com,Jabalpur,2024-12-03
3245,Kajal Modi,kajal.modi1230@outlook.com,Jabalpur,2022-03-05
3246,Mihir Bhatia,mihir.bhatia9203@gmail.com,Guwahati,2022-10-26
3247,Sonali Reddy,sonali.reddy655@hotmail.com,Pimpri-Chinchwad,2024-03-16
3248,Kabir Mehta,kabir.mehta5595@hotmail.com,Allahabad,2023-11-01
3249,Zara Iyer,zara.iyer7700@rediffmail.com,Dhanbad,2024-03-01
3250,Sneha Chakraborty,sneha.chakraborty9660@ymail.com,Ranchi,2022-10-09
3251,Nisha Jha,nisha.jha1491@ymail.com,Dhanbad,2023-12-03
3252,Pradeep Nair,pradeep.nair1032@hotmail.com,Vijayawada,2023-07-04
3253,Anand Goyal,anand.goyal4735@rediffmail.com,Amritsar,2023-04-12
3254,Kiran Banerjee,kiran.banerjee5312@yahoo.com,Howrah,2023-01-27
3255,Lakshmi Iyer,lakshmi.iyer3144@hotmail.com,Navi Mumbai,2024-04-22
3256,Kabir Ghosh,kabir.ghosh9794@outlook.com,Madurai,2023-01-21
3257,Sonali Pillai,sonali.pillai2282@ymail.com,Patna,2023-01-25
3258,Seema Shah,seema.shah5923@ymail.com,Allahabad,2023-10-20
3259,Girish Varma,girish.varma7581@rediffmail.com,Navi Mumbai,2022-12-22
3260,Ashish Singh,ashish.singh4776@ymail.com,Bhopal,2023-02-26
3261,Reena Trivedi,reena.trivedi5528@yahoo.com,Jodhpur,2024-10-14
3262,Lokesh Garg,lokesh.garg6417@outlook.com,Guwahati,2023-07-09
3263,Anand Pande,anand.pande7522@rediffmail.com,Agra,2022-10-27
3264,Jatin Pathak,jatin.pathak1181@hotmail.com,Ahmedabad,2024-02-11
3265,Swati Nanda,swati.nanda6441@gmail.com,Chennai,2023-01-22
3266,Suresh Banerjee,suresh.banerjee4175@outlook.com,Srinagar,2023-07-22
3267,Parul Pande,parul.pande6890@yahoo.com,Pimpri-Chinchwad,2022-04-15
3268,Mohan Rao,mohan.rao8021@rediffmail.com,Pune,2024-09-02
3269,Mukesh Kaur,mukesh.kaur5131@gmail.com,Jaipur,2023-01-06
3270,Ashish Kapoor,ashish.kapoor893@gmail.com,Chennai,2023-07-23
3271,Aryan Nanda,aryan.nanda8770@hotmail.com,Jaipur,2022-07-16
3272,Ritu Sinha,ritu.sinha6935@yahoo.com,Bengaluru,2022-05-03
3273,Aditya Chawla,aditya.chawla5532@rediffmail.com,Chandigarh,2023-07-22
3274,Kajal Kumar,kajal.kumar3944@yahoo.com,Thane,2023-07-01
3275,Ritu Nanda,ritu.nanda5793@yahoo.com,Surat,2022-02-17
3276,Rahul Patel,rahul.patel5190@yahoo.com,Lucknow,2024-02-24
3277,Girish Naik,girish.naik286@yahoo.com,Kolkata,2023-07-07
3278,Suresh Modi,suresh.modi2041@gmail.com,Bhopal,2024-04-12
3279,Heena Garg,heena.garg7529@rediffmail.com,Lucknow,2022-12-22
3280,Zara Dutta,zara.dutta4579@gmail.com,Mumbai,2023-05-05
3281,Santosh Iyer,santosh.iyer7131@rediffmail.com,Jabalpur,2024-03-02
3282,Neha Dubey,neha.dubey3805@gmail.com,Kolkata,2024-04-16
3283,Shilpa Malhotra,shilpa.malhotra7251@yahoo.com,Solapur,2024-02-27
3284,Uma Pillai,uma.pillai6229@gmail.com,Allahabad,2023-07-11
3285,Girish Mukherjee,girish.mukherjee8054@outlook.com,Navi Mumbai,2023-12-03
3286,Komal Ahuja,komal.ahuja8177@rediffmail.com,Gwalior,2024-03-05
3287,Uday Malhotra,uday.malhotra9938@yahoo.com,Faridabad,2022-10-23
3288,Shikha Bhatia,shikha.bhatia9847@ymail.com,Raipur,2024-02-13
3289,Deepika Trivedi,deepika.trivedi6620@yahoo.com,Indore,2023-10-06
3290,Lalit Khanna,lalit.khanna4492@yahoo.com,Guwahati,2023-08-19
3291,Yash Dutta,yash.dutta6217@rediffmail.com,Aurangabad,2022-02-19
3292,Seema Banerjee,seema.banerjee9230@yahoo.com,Jodhpur,2022-05-13
3293,Neha Shukla,neha.shukla359@outlook.com,Howrah,2023-12-08
3294,Lata Kaur,lata.kaur336@outlook.com,Vasai-Virar,2024-07-01
3295,Yogesh Kumar,yogesh.kumar1466@outlook.com,Visakhapatnam,2023-12-15
3296,Hemant Goyal,hemant.goyal6007@hotmail.com,Aurangabad,2022-11-20
3297,Deepika Dutta,deepika.dutta9593@ymail.com,Navi Mumbai,2024-12-23
3298,Suresh Deshpande,suresh.deshpande595@outlook.com,Faridabad,2022-04-09
3299,Sonal Dutta,sonal.dutta1475@ymail.com,Lucknow,2022-07-09
3300,Rohan Sharma,rohan.sharma9058@gmail.com,Visakhapatnam,2022-06-12
3301,Pooja Banerjee,pooja.banerjee4181@outlook.com,Surat,2023-08-24
3302,Bhaskar Bose,bhaskar.bose7142@hotmail.com,Kanpur,2023-04-15
3303,Megha Iyer,megha.iyer2731@rediffmail.com,Chennai,2023-04-20
3304,Vikram Bhatt,vikram.bhatt855@rediffmail.com,Jodhpur,2022-12-27
3305,Kajal Nanda,kajal.nanda7705@outlook.com,Lucknow,2023-04-29
3306,Ajay Varma,ajay.varma3202@rediffmail.com,Guwahati,2022-06-07
3307,Anjali Tiwari,anjali.tiwari1664@hotmail.com,Kanpur,2024-12-29
3308,Ashish Tiwari,ashish.tiwari7579@rediffmail.com,Hubli,2024-01-26
3309,Shiv Desai,shiv.desai2503@rediffmail.com,Kanpur,2023-05-19
3310,Sudhir Agarwal,sudhir.agarwal5333@yahoo.com,Bareilly,2023-07-12
3311,Parul Verma,parul.verma340@rediffmail.com,Amritsar,2022-04-27
3312,Manish Chopra,manish.chopra2737@gmail.com,Aurangabad,2022-11-16
3313,Uma Chopra,uma.chopra3964@rediffmail.com,Faridabad,2023-07-26
3314,Nilesh Garg,nilesh.garg7454@yahoo.com,Guwahati,2022-08-14
3315,Shilpa Garg,shilpa.garg2656@ymail.com,Jabalpur,2022-03-28
3316,Anjali Kaur,anjali.kaur2227@gmail.com,Patna,2024-08-01
3317,Pooja Varma,pooja.varma8028@ymail.com,Hubli,2024-03-19
3318,Rahul Naik,rahul.naik6618@rediffmail.com,Srinagar,2024-11-30
3319,Lalit Trivedi,lalit.trivedi9921@rediffmail.com,Guwahati,2024-04-09
3320,Sneha Ghosh,sneha.ghosh8577@outlook.com,Lucknow,2024-10-27
3321,Varun Modi,varun.modi2069@gmail.com,Indore,2022-05-31
3322,Reena Kapoor,reena.kapoor4890@gmail.com,Jabalpur,2024-04-24
3323,Madhav Kaur,madhav.kaur4908@hotmail.com,Delhi,2023-10-07
3324,Nitika Deshpande,nitika.deshpande263@yahoo.com,Vasai-Virar,2022-10-29
3325,Neha Chakraborty,neha.chakraborty9674@ymail.com,Jaipur,2023-09-11
3326,Manish Garg,manish.garg2332@gmail.com,Thane,2024-06-18
3327,Jatin Modi,jatin.modi6542@outlook.com,Guwahati,2024-08-10
3328,Lokesh Mukherjee,lokesh.mukherjee3354@outlook.com,Jaipur,2024-05-01
3329,Ananya Garg,ananya.garg2385@ymail.com,Pune,2023-08-29
3330,Lokesh Bansal,lokesh.bansal5744@outlook.com,Meerut,2024-06-06
3331,Ankita Pathak,ankita.pathak4817@hotmail.com,Amritsar,2024-09-04
3332,Amitabh Banerjee,amitabh.banerjee7856@gmail.com,Nashik,2023-11-10
3333,Gaurav Iyer,gaurav.iyer8303@yahoo.com,Mumbai,2022-07-27
3334,Bhaskar Sinha,bhaskar.sinha9202@hotmail.com,Hyderabad,2022-02-20
3335,Parul Dubey,parul.dubey8538@hotmail.com,Delhi,2024-07-07
3336,Meena Jha,meena.jha7542@hotmail.com,Gwalior,2023-10-31
3337,Kajal Kapoor,kajal.kapoor835@rediffmail.com,Coimbatore,2022-09-10
3338,Vinod Malhotra,vinod.malhotra7988@outlook.com,Hubli,2024-11-18
3339,Amit Saxena,amit.saxena8979@ymail.com,Solapur,2024-11-02
3340,Anjali Choudhary,anjali.choudhary6192@hotmail.com,Madurai,2024-06-19
3341,Shruti Singh,shruti.singh4377@yahoo.com,Surat,2023-02-07
3342,Ansh Pillai,ansh.pillai6290@hotmail.com,Rajkot,2023-03-28
3343,Amitabh Arora,amitabh.arora4963@gmail.com,Jaipur,2023-02-03
3344,Mihir Pande,mihir.pande3173@outlook.com,Surat,2024-05-24
3345,Rahul Pande,rahul.pande4181@yahoo.com,Mumbai,2022-05-16
3346,Deepak Bose,deepak.bose614@hotmail.com,Chandigarh,2024-09-15
3347,Sudhir Bhatia,sudhir.bhatia3590@outlook.com,Lucknow,2024-10-07
3348,Asha Bhatt,asha.bhatt7531@hotmail.com,Gwalior,2024-02-02
3349,Uma Mishra,uma.mishra4229@rediffmail.com,Ranchi,2023-11-09
3350,Sachin Saxena,sachin.saxena5350@rediffmail.com,Surat,2024-12-01
3351,Seema Goyal,seema.goyal9730@yahoo.com,Thane,2022-02-15
3352,Mukesh Mishra,mukesh.mishra4460@hotmail.com,Amritsar,2023-09-08
3353,Om Singh,om.singh6631@gmail.com,Coimbatore,2023-09-08
3354,Sunita Chakraborty,sunita.chakraborty4222@gmail.com,Surat,2023-04-03
3355,Uma Trivedi,uma.trivedi3588@yahoo.com,Srinagar,2022-11-10
3356,Ritu Chauhan,ritu.chauhan8884@rediffmail.com,Faridabad,2024-04-25
3357,Simran Khanna,simran.khanna6870@rediffmail.com,Agra,2023-09-05
3358,Ankit Garg,ankit.garg2662@rediffmail.com,Aurangabad,2022-05-16
3359,Sonu Jain,sonu.jain933@outlook.com,Rajkot,2024-06-04
3360,Chandra Kulkarni,chandra.kulkarni7753@gmail.com,Agra,2024-01-29
3361,Ashish Iyer,ashish.iyer3862@outlook.com,Dhanbad,2024-03-22
3362,Ravi Dubey,ravi.dubey6641@outlook.com,Bhopal,2023-08-10
3363,Isha Pillai,isha.pillai2702@hotmail.com,Lucknow,2023-11-01
3364,Ravi Kaur,ravi.kaur1358@gmail.com,Kolkata,2022-06-18
3365,Sunil Sinha,sunil.sinha140@yahoo.com,Allahabad,2024-05-27
3366,Om Sengupta,om.sengupta1513@ymail.com,Jodhpur,2022-11-08
3367,Ananya Agarwal,ananya.agarwal7721@yahoo.com,Bengaluru,2022-10-01
3368,Karan Yadav,karan.yadav6010@ymail.com,Raipur,2024-01-02
3369,Santosh Pande,santosh.pande1434@gmail.com,Lucknow,2023-09-27
3370,Krishna Chauhan,krishna.chauhan639@rediffmail.com,Kolkata,2022-03-22
3371,Rohan Agarwal,rohan.agarwal3150@yahoo.com,Rajkot,2024-10-01
3372,Aryan Goyal,aryan.goyal9722@hotmail.com,Gwalior,2024-12-13
3373,Ankita Yadav,ankita.yadav4661@yahoo.com,Chennai,2024-08-04
3374,Ritesh Bose,ritesh.bose4260@yahoo.com,Jodhpur,2024-11-20
3375,Arjun Modi,arjun.modi9937@yahoo.com,Kota,2023-08-05
3376,Amit Khanna,amit.khanna5549@ymail.com,Lucknow,2024-08-26
3377,Suresh Malhotra,suresh.malhotra5878@rediffmail.com,Vadodara,2023-08-25
3378,Sanjay Shukla,sanjay.shukla6572@outlook.com,Bhopal,2023-09-26
3379,Santosh Jain,santosh.jain3450@yahoo.com,Srinagar,2022-11-01
3380,Shikha Choudhary,shikha.choudhary603@gmail.com,Hyderabad,2022-08-30
3381,Bhaskar Chauhan,bhaskar.chauhan7356@yahoo.com,Surat,2022-05-31
3382,Kajal Tiwari,kajal.tiwari5452@ymail.com,Ludhiana,2023-05-05
3383,Shilpa Mishra,shilpa.mishra7133@outlook.com,Ahmedabad,2023-09-12
3384,Anand Shukla,anand.shukla3437@outlook.com,Jodhpur,2022-03-11
3385,Lata Das,lata.das6403@yahoo.com,Nashik,2022-05-16
3386,Ananya Arora,ananya.arora4132@outlook.com,Kanpur,2024-10-16
3387,Nilesh Saxena,nilesh.saxena6513@ymail.com,Ludhiana,2024-07-09
3388,Ayesha Verma,ayesha.verma5357@ymail.com,Guwahati,2024-05-14
3389,Sanjeev Jain,sanjeev.jain9283@ymail.com,Kanpur,2022-01-16
3390,Vikram Trivedi,vikram.trivedi2690@hotmail.com,Kalyan-Dombivali,2022-07-10
3391,Nitika Mukherjee,nitika.mukherjee5482@yahoo.com,Bengaluru,2022-10-15
3392,Ishaan Murthy,ishaan.murthy9895@outlook.com,Pimpri-Chinchwad,2023-02-19
3393,Shiv Desai,shiv.desai6847@gmail.com,Bareilly,2022-01-19
3394,Sachin Kapoor,sachin.kapoor5620@rediffmail.com,Faridabad,2023-11-22
3395,Aarav Chauhan,aarav.chauhan7911@rediffmail.com,Nagpur,2023-03-09
3396,Bhaskar Jha,bhaskar.jha8274@hotmail.com,Navi Mumbai,2024-03-11
3397,Vinod Nair,vinod.nair9675@rediffmail.com,Gwalior,2023-02-07
3398,Mukesh Tiwari,mukesh.tiwari646@outlook.com,Chandigarh,2023-08-18
3399,Pradeep Srivastava,pradeep.srivastava7479@gmail.com,Patna,2023-11-13
3400,Ajay Kulkarni,ajay.kulkarni9656@ymail.com,Chennai,2024-08-29
3401,Tarun Mukherjee,tarun.mukherjee6837@outlook.com,Jabalpur,2023-04-18
3402,Ritu Jain,ritu.jain9682@yahoo.com,Varanasi,2023-06-27
3403,Kavita Sengupta,kavita.sengupta635@yahoo.com,Madurai,2023-06-05
3404,Manish Ghosh,manish.ghosh71@rediffmail.com,Thane,2022-03-25
3405,Heena Verma,heena.verma7361@yahoo.com,Rajkot,2022-01-05
3406,Mukesh Bansal,mukesh.bansal1247@hotmail.com,Allahabad,2024-05-03
3407,Ajay Murthy,ajay.murthy5017@rediffmail.com,Madurai,2022-04-15
3408,Om Patel,om.patel3497@rediffmail.com,Madurai,2023-08-12
3409,Sonu Chawla,sonu.chawla3848@outlook.com,Ranchi,2023-11-04
3410,Dev Naik,dev.naik3282@gmail.com,Raipur,2024-05-29
3411,Ankit Jha,ankit.jha4024@outlook.com,Delhi,2022-07-23
3412,Ashok Banerjee,ashok.banerjee4231@yahoo.com,Madurai,2023-08-22
3413,Santosh Ghosh,santosh.ghosh6809@yahoo.com,Vasai-Virar,2023-02-22
3414,Shruti Das,shruti.das5922@gmail.com,Hubli,2023-08-15
3415,Kedar Naik,kedar.naik8990@ymail.com,Chennai,2022-06-06
3416,Chandra Chakraborty,chandra.chakraborty1990@gmail.com,Bhopal,2022-05-16
3417,Sonu Tiwari,sonu.tiwari4425@yahoo.com,Ahmedabad,2024-07-13
3418,Kunal Chawla,kunal.chawla8200@rediffmail.com,Srinagar,2024-11-12
3419,Ashish Mishra,ashish.mishra4560@gmail.com,Nashik,2022-07-08
3420,Lalit Desai,lalit.desai6356@yahoo.com,Allahabad,2023-05-28
3421,Shiv Ahuja,shiv.ahuja1416@gmail.com,Lucknow,2022-10-26
3422,Kunal Das,kunal.das8554@ymail.com,Allahabad,2023-02-02
3423,Nitesh Banerjee,nitesh.banerjee5758@gmail.com,Agra,2024-03-08
3424,Sunil Srivastava,sunil.srivastava7085@gmail.com,Amritsar,2024-04-04
3425,Harish Das,harish.das3116@rediffmail.com,Vijayawada,2024-09-17
3426,Sonu Patel,sonu.patel1097@ymail.com,Thane,2024-10-09
3427,Rajesh Tiwari,rajesh.tiwari7502@outlook.com,Ludhiana,2024-01-26
3428,Geeta Sengupta,geeta.sengupta688@gmail.com,Varanasi,2023-01-21
3429,Aarav Pande,aarav.pande5824@gmail.com,Madurai,2024-02-02
3430,Sanjay Jha,sanjay.jha6809@ymail.com,Mumbai,2023-10-08
3431,Vikas Mehta,vikas.mehta1397@yahoo.com,Pune,2024-12-02
3432,Rajesh Tiwari,rajesh.tiwari1909@rediffmail.com,Jaipur,2024-08-27
3433,Om Nanda,om.nanda9038@ymail.com,Hubli,2023-11-29
3434,Ashish Pillai,ashish.pillai533@ymail.com,Ludhiana,2023-05-19
3435,Kedar Naik,kedar.naik6974@hotmail.com,Bengaluru,2022-08-07
3436,Anil Iyer,anil.iyer2244@ymail.com,Visakhapatnam,2024-02-17
3437,Chandra Goyal,chandra.goyal5570@outlook.com,Chennai,2024-12-23
3438,Lata Bhatia,lata.bhatia8164@hotmail.com,Solapur,2023-09-07
3439,Megha Ahuja,megha.ahuja429@hotmail.com,Ludhiana,2023-01-14
3440,Shilpa Bhatt,shilpa.bhatt2252@rediffmail.com,Jabalpur,2022-07-25
3441,Lata Chawla,lata.chawla1560@hotmail.com,Bareilly,2023-11-15
3442,Kiran Mukherjee,kiran.mukherjee2028@yahoo.com,Howrah,2023-03-11
3443,Ramesh Varma,ramesh.varma1292@yahoo.com,Hyderabad,2023-07-21
3444,Kedar Yadav,kedar.yadav9015@rediffmail.com,Kolkata,2023-09-01
3445,Yogesh Nanda,yogesh.nanda4875@gmail.com,Rajkot,2022-03-25
3446,Kedar Chatterjee,kedar.chatterjee6885@gmail.com,Madurai,2023-11-14
3447,Jyoti Sinha,jyoti.sinha853@yahoo.com,Chennai,2022-07-13
3448,Ravi Agarwal,ravi.agarwal1751@outlook.com,Bengaluru,2024-08-18
3449,Suresh Kapoor,suresh.kapoor6652@rediffmail.com,Pune,2023-06-26
3450,Deepak Patel,deepak.patel9195@yahoo.com,Kolkata,2023-11-16
3451,Deepika Desai,deepika.desai9323@ymail.com,Pune,2022-02-04
3452,Nisha Dubey,nisha.dubey2076@yahoo.com,Solapur,2024-11-09
3453,Ishaan Kulkarni,ishaan.kulkarni87@ymail.com,Navi Mumbai,2023-07-14
3454,Ram Trivedi,ram.trivedi3073@outlook.com,Ranchi,2023-05-03
3455,Anil Kumar,anil.kumar3458@rediffmail.com,Madurai,2024-03-06
3456,Gaurav Verma,gaurav.verma8648@hotmail.com,Nashik,2022-10-06
3457,Meena Patel,meena.patel6743@rediffmail.com,Patna,2023-07-06
3458,Isha Pillai,isha.pillai2043@ymail.com,Kalyan-Dombivali,2023-06-07
3459,Sandeep Pathak,sandeep.pathak8154@gmail.com,Ahmedabad,2024-04-10
3460,Ravi Deshpande,ravi.deshpande4145@ymail.com,Jaipur,2023-01-13
3461,Swati Reddy,swati.reddy9507@gmail.com,Madurai,2023-05-25
3462,Ashok Shukla,ashok.shukla659@yahoo.com,Bhopal,2022-04-06
3463,Shruti Bhatia,shruti.bhatia6468@yahoo.com,Indore,2023-07-21
3464,Asha Pande,asha.pande47@ymail.com,Indore,2022-08-15
3465,Tarun Sharma,tarun.sharma226@outlook.com,Pune,2023-12-01
3466,Girish Malhotra,girish.malhotra2366@yahoo.com,Chandigarh,2022-09-10
3467,Vikram Kapoor,vikram.kapoor5327@outlook.com,Meerut,2024-11-28
3468,Seema Goyal,seema.goyal7265@ymail.com,Nagpur,2022-10-26
3469,Girish Kaur,girish.kaur5787@yahoo.com,Madurai,2023-05-13
3470,Nitika Modi,nitika.modi4488@outlook.com,Hyderabad,2023-06-01
3471,Aarav Kumar,aarav.kumar7596@yahoo.com,Hyderabad,2022-05-03
3472,Simran Mehta,simran.mehta8590@hotmail.com,Indore,2024-04-26
3473,Asha Mukherjee,asha.mukherjee4706@yahoo.com,Patna,2023-07-27
3474,Dev Kumar,dev.kumar226@outlook.com,Hubli,2024-12-20
3475,Anjali Patel,anjali.patel7446@hotmail.com,Vadodara,2023-04-05
3476,Neha Deshpande,neha.deshpande4516@outlook.com,Meerut,2023-07-07
3477,Deepak Mishra,deepak.mishra3614@outlook.com,Jaipur,2022-02-05
3478,Sonu Garg,sonu.garg7962@outlook.com,Thane,2024-11-09
3479,Sandeep Banerjee,sandeep.banerjee2371@gmail.com,Pimpri-Chinchwad,2024-01-30
3480,Pavan Ghosh,pavan.ghosh1620@hotmail.com,Madurai,2024-11-23
3481,Sunita Iyer,sunita.iyer6615@gmail.com,Chennai,2022-08-08
3482,Ishaan Sengupta,ishaan.sengupta4634@hotmail.com,Bhopal,2024-12-21
3483,Zara Desai,zara.desai8144@rediffmail.com,Mumbai,2022-11-02
3484,Ajay Jain,ajay.jain9075@outlook.com,Howrah,2023-11-30
3485,Aarav Mishra,aarav.mishra3169@yahoo.com,Pune,2023-09-20
3486,Shiv Srivastava,shiv.srivastava6961@hotmail.com,Kota,2023-07-11
3487,Ravi Deshpande,ravi.deshpande6586@ymail.com,Jabalpur,2024-01-01
3488,Arjun Kaur,arjun.kaur7731@rediffmail.com,Nagpur,2023-05-17
3489,Komal Arora,komal.arora5508@hotmail.com,Aurangabad,2023-05-09
3490,Pradeep Jha,pradeep.jha8080@yahoo.com,Vasai-Virar,2022-02-03
3491,Shailesh Bhatia,shailesh.bhatia1691@rediffmail.com,Jaipur,2023-04-19
3492,Megha Chakraborty,megha.chakraborty719@yahoo.com,Srinagar,2024-04-24
3493,Pradeep Sinha,pradeep.sinha1190@gmail.com,Raipur,2024-06-22
3494,Shilpa Chopra,shilpa.chopra3617@ymail.com,Indore,2023-03-24
3495,Lokesh Chauhan,lokesh.chauhan600@hotmail.com,Mumbai,2024-04-17
3496,Ashish Goyal,ashish.goyal9645@outlook.com,Indore,2022-07-11
3497,Kunal Banerjee,kunal.banerjee3879@rediffmail.com,Ahmedabad,2022-07-11
3498,Suresh Ghosh,suresh.ghosh9803@rediffmail.com,Solapur,2023-05-09
3499,Amitabh Mishra,amitabh.mishra4540@rediffmail.com,Lucknow,2022-01-14
3500,Ritu Yadav,ritu.yadav8021@yahoo.com,Kalyan-Dombivali,2023-11-09
3501,Arjun Bhatt,arjun.bhatt8253@rediffmail.com,Thane,2023-07-23
3502,Aarav Kumar,aarav.kumar5718@hotmail.com,Hubli,2024-07-15
3503,Rajesh Sharma,rajesh.sharma2692@gmail.com,Solapur,2022-07-19
3504,Sachin Pande,sachin.pande350@ymail.com,Pimpri-Chinchwad,2023-01-30
3505,Dev Verma,dev.verma2572@yahoo.com,Solapur,2022-04-03
3506,Shruti Desai,shruti.desai3209@yahoo.com,Nagpur,2022-09-29
3507,Karan Mehta,karan.mehta1004@ymail.com,Varanasi,2023-04-08
3508,Rohini Chopra,rohini.chopra516@gmail.com,Chandigarh,2023-02-23
3509,Lata Rao,lata.rao4909@ymail.com,Vasai-Virar,2022-11-12
3510,Shailesh Bhatia,shailesh.bhatia2607@outlook.com,Meerut,2022-01-16
3511,Deepika Kapoor,deepika.kapoor576@rediffmail.com,Kanpur,2024-05-10
3512,Aryan Bhatt,aryan.bhatt2582@yahoo.com,Chennai,2022-11-11
3513,Mihir Chauhan,mihir.chauhan7121@yahoo.com,Kota,2022-12-07
3514,Jyoti Shukla,jyoti.shukla8524@ymail.com,Ranchi,2024-12-23
3515,Yash Banerjee,yash.banerjee9695@rediffmail.com,Agra,2024-07-16
3516,Deepak Yadav,deepak.yadav9737@rediffmail.com,Madurai,2023-03-18
3517,Neha Kumar,neha.kumar2821@rediffmail.com,Varanasi,2023-07-26
3518,Kiran Ghosh,kiran.ghosh9934@yahoo.com,Chandigarh,2022-02-11
3519,Geeta Khanna,geeta.khanna4843@outlook.com,Bareilly,2025-01-01
3520,Nilesh Banerjee,nilesh.banerjee1492@rediffmail.com,Ahmedabad,2022-09-17
3521,Yash Bansal,yash.bansal3765@ymail.com,Kota,2024-12-28
3522,Varun Chawla,varun.chawla9177@outlook.com,Rajkot,2022-10-04
3523,Ananya Nair,ananya.nair2946@rediffmail.com,Thane,2022-09-16
3524,Ishaan Chatterjee,ishaan.chatterjee832@rediffmail.com,Jabalpur,2022-06-01
3525,Ishaan Naik,ishaan.naik9049@gmail.com,Agra,2024-12-11
3526,Pradeep Bhatt,pradeep.bhatt4255@hotmail.com,Agra,2022-10-06
3527,Tanvi Desai,tanvi.desai722@outlook.com,Dhanbad,2023-02-25
3528,Ayesha Varma,ayesha.varma3613@ymail.com,Vijayawada,2022-07-03
3529,Pavan Choudhary,pavan.choudhary7248@gmail.com,Vasai-Virar,2022-06-14
3530,Shyam Srivastava,shyam.srivastava5274@outlook.com,Lucknow,2023-07-20
3531,Uma Jha,uma.jha491@gmail.com,Hubli,2022-01-24
3532,Sonu Ahuja,sonu.ahuja397@ymail.com,Delhi,2022-06-21
3533,Komal Das,komal.das9599@gmail.com,Kolkata,2023-01-25
3534,Nitesh Varma,nitesh.varma1610@outlook.com,Allahabad,2024-01-31
3535,Anil Trivedi,anil.trivedi9911@gmail.com,Chandigarh,2022-11-03
3536,Lalit Jain,lalit.jain6211@ymail.com,Ahmedabad,2024-10-29
3537,Sandeep Gupta,sandeep.gupta4787@hotmail.com,Lucknow,2022-06-24
3538,Priya Verma,priya.verma2424@rediffmail.com,Madurai,2024-09-03
3539,Kajal Modi,kajal.modi8557@gmail.com,Surat,2022-12-26
3540,Tanvi Srivastava,tanvi.srivastava4735@rediffmail.com,Gwalior,2022-03-28
3541,Kiran Kaur,kiran.kaur7683@gmail.com,Amritsar,2024-06-09
3542,Nilesh Ahuja,nilesh.ahuja724@rediffmail.com,Hyderabad,2022-01-06
3543,Sanjeev Ghosh,sanjeev.ghosh4025@outlook.com,Nashik,2023-12-01
3544,Ansh Kapoor,ansh.kapoor8453@hotmail.com,Navi Mumbai,2022-11-04
3545,Meena Kaur,meena.kaur9225@gmail.com,Bhopal,2024-04-25
3546,Chandra Varma,chandra.varma4415@rediffmail.com,Thane,2023-10-21
3547,Lokesh Saxena,lokesh.saxena803@hotmail.com,Vadodara,2022-12-15
3548,Sudhir Pande,sudhir.pande6150@ymail.com,Bengaluru,2022-03-22
3549,Sachin Mishra,sachin.mishra869@outlook.com,Indore,2023-05-08
3550,Megha Pathak,megha.pathak9147@outlook.com,Gwalior,2023-12-29
3551,Sudhir Ahuja,sudhir.ahuja8616@yahoo.com,Jaipur,2022-05-13
3552,Anil Goyal,anil.goyal770@gmail.com,Rajkot,2023-06-02
3553,Tarun Nair,tarun.nair2036@rediffmail.com,Navi Mumbai,2022-01-11
3554,Jayesh Rao,jayesh.rao4238@ymail.com,Kanpur,2024-08-28
3555,Om Mukherjee,om.mukherjee4080@rediffmail.com,Nagpur,2024-02-14
3556,Shilpa Srivastava,shilpa.srivastava3076@rediffmail.com,Jodhpur,2022-05-12
3557,Meena Goyal,meena.goyal3969@yahoo.com,Raipur,2022-05-15
3558,Bhaskar Sharma,bhaskar.sharma6555@rediffmail.com,Raipur,2023-08-28
3559,Shiv Das,shiv.das8548@rediffmail.com,Jodhpur,2023-09-22
3560,Megha Iyer,megha.iyer2599@gmail.com,Bhopal,2024-05-09
3561,Sneha Shukla,sneha.shukla2139@hotmail.com,Chandigarh,2024-12-18
3562,Mukesh Dubey,mukesh.dubey1706@hotmail.com,Bareilly,2023-05-31
3563,Ankit Mehta,ankit.mehta669@outlook.com,Patna,2024-03-09
3564,Deepak Joshi,deepak.joshi6123@hotmail.com,Bengaluru,2023-01-18
3565,Meena Trivedi,meena.trivedi3754@ymail.com,Raipur,2024-01-26
3566,Kunal Naik,kunal.naik3064@hotmail.com,Nagpur,2022-02-17
3567,Santosh Bhatt,santosh.bhatt7698@outlook.com,Vadodara,2024-04-22
3568,Sunil Goyal,sunil.goyal4762@rediffmail.com,Howrah,2024-12-22
3569,Paras Chatterjee,paras.chatterjee369@yahoo.com,Chandigarh,2022-08-12
3570,Lokesh Garg,lokesh.garg9111@ymail.com,Amritsar,2024-11-28
3571,Dev Yadav,dev.yadav4513@hotmail.com,Chandigarh,2022-10-02
3572,Nilesh Pillai,nilesh.pillai1009@ymail.com,Kota,2023-11-28
3573,Amit Gupta,amit.gupta943@hotmail.com,Bhopal,2023-02-24
3574,Zara Dubey,zara.dubey3424@hotmail.com,Nagpur,2024-12-13
3575,Jatin Patel,jatin.patel5163@ymail.com,Ahmedabad,2024-03-19
3576,Shruti Dutta,shruti.dutta2317@gmail.com,Kolkata,2022-07-13
3577,Shilpa Pathak,shilpa.pathak7451@rediffmail.com,Srinagar,2022-09-11
3578,Priya Bansal,priya.bansal9937@yahoo.com,Bhopal,2022-07-07
3579,Sachin Shah,sachin.shah3244@outlook.com,Indore,2022-10-03
3580,Meena Reddy,meena.reddy5293@yahoo.com,Bengaluru,2024-04-12
3581,Varun Arora,varun.arora1259@gmail.com,Hubli,2024-10-31
3582,Om Srivastava,om.srivastava5365@outlook.com,Pune,2024-08-03
3583,Paras Bose,paras.bose6672@rediffmail.com,Chandigarh,2024-12-10
3584,Vivek Agarwal,vivek.agarwal175@yahoo.com,Indore,2022-02-24
3585,Suresh Ahuja,suresh.ahuja9603@gmail.com,Agra,2024-04-29
3586,Asha Nanda,asha.nanda2096@rediffmail.com,Navi Mumbai,2022-01-27
3587,Isha Sharma,isha.sharma6182@hotmail.com,Aurangabad,2024-10-15
3588,Jayesh Singh,jayesh.singh4648@rediffmail.com,Ahmedabad,2024-04-30
3589,Zara Agarwal,zara.agarwal3502@outlook.com,Faridabad,2023-12-10
3590,Ayesha Mukherjee,ayesha.mukherjee950@gmail.com,Vadodara,2022-05-26
3591,Suresh Chawla,suresh.chawla8618@ymail.com,Bareilly,2023-08-11
3592,Aryan Naik,aryan.naik4789@yahoo.com,Thane,2024-03-24
3593,Pooja Mishra,pooja.mishra5619@gmail.com,Coimbatore,2022-10-13
3594,Sneha Kulkarni,sneha.kulkarni3191@yahoo.com,Chandigarh,2022-11-19
3595,Harish Pathak,harish.pathak9863@rediffmail.com,Surat,2022-05-31
3596,Ishaan Malhotra,ishaan.malhotra4506@hotmail.com,Agra,2024-05-06
3597,Ankita Bhatt,ankita.bhatt4181@gmail.com,Kota,2023-08-26
3598,Ashok Nair,ashok.nair8784@outlook.com,Solapur,2022-03-29
3599,Tarun Kapoor,tarun.kapoor349@hotmail.com,Bhopal,2024-10-05
3600,Anand Khanna,anand.khanna7024@outlook.com,Solapur,2022-04-05
3601,Pavan Sharma,pavan.sharma1573@gmail.com,Solapur,2022-09-21
3602,Mohan Tiwari,mohan.tiwari295@gmail.com,Nagpur,2022-04-24
3603,Pavan Mukherjee,pavan.mukherjee3329@hotmail.com,Meerut,2024-03-25
3604,Vinod Pathak,vinod.pathak1449@gmail.com,Meerut,2022-11-12
3605,Seema Mehta,seema.mehta1191@hotmail.com,Solapur,2023-03-12
3606,Arjun Desai,arjun.desai3582@hotmail.com,Agra,2023-12-30
3607,Ananya Verma,ananya.verma7042@rediffmail.com,Ranchi,2023-01-11
3608,Mukesh Pande,mukesh.pande1783@outlook.com,Vijayawada,2024-09-20
3609,Mohan Srivastava,mohan.srivastava9198@ymail.com,Surat,2023-03-08
3610,Pooja Yadav,pooja.yadav4322@hotmail.com,Solapur,2022-03-24
3611,Asha Garg,asha.garg4981@rediffmail.com,Mumbai,2024-12-16
3612,Neha Tiwari,neha.tiwari3180@hotmail.com,Vadodara,2023-05-02
3613,Nitesh Chakraborty,nitesh.chakraborty9016@ymail.com,Navi Mumbai,2022-10-07
3614,Megha Arora,megha.arora3473@yahoo.com,Jodhpur,2024-02-06
3615,Rohan Singh,rohan.singh2034@gmail.com,Pune,2024-01-29
3616,Neha Sharma,neha.sharma296@rediffmail.com,Hyderabad,2024-11-05
3617,Lokesh Pande,lokesh.pande9517@ymail.com,Chennai,2023-08-16
3618,Kajal Pande,kajal.pande2979@gmail.com,Guwahati,2024-07-16
3619,Jatin Patel,jatin.patel2714@outlook.com,Hubli,2024-05-11
3620,Sonali Pillai,sonali.pillai9384@outlook.com,Bareilly,2023-08-31
3621,Tarun Nanda,tarun.nanda9907@rediffmail.com,Solapur,2024-07-23
3622,Ansh Mukherjee,ansh.mukherjee8556@hotmail.com,Surat,2025-01-01
3623,Sudhir Kapoor,sudhir.kapoor9491@outlook.com,Vijayawada,2023-05-24
3624,Bhaskar Jha,bhaskar.jha9263@gmail.com,Patna,2022-02-13
3625,Sonali Murthy,sonali.murthy5073@rediffmail.com,Gwalior,2023-02-03
3626,Dev Mukherjee,dev.mukherjee3120@gmail.com,Kanpur,2023-04-02
3627,Karan Tiwari,karan.tiwari2315@outlook.com,Rajkot,2022-04-23
3628,Megha Pillai,megha.pillai377@rediffmail.com,Aurangabad,2022-11-14
3629,Manish Rao,manish.rao1929@outlook.com,Hubli,2024-05-05
3630,Vivek Ahuja,vivek.ahuja7242@yahoo.com,Solapur,2023-03-19
3631,Kedar Nanda,kedar.nanda3738@rediffmail.com,Jabalpur,2023-03-28
3632,Komal Saxena,komal.saxena9870@hotmail.com,Jodhpur,2023-05-15
3633,Yash Nair,yash.nair2270@ymail.com,Ranchi,2022-02-05
3634,Uday Verma,uday.verma4665@gmail.com,Nashik,2024-04-14
3635,Vinod Saxena,vinod.saxena1931@yahoo.com,Kota,2024-06-08
3636,Kunal Ahuja,kunal.ahuja8999@yahoo.com,Rajkot,2024-01-05
3637,Priya Shah,priya.shah2403@outlook.com,Madurai,2023-06-29
3638,Ansh Trivedi,ansh.trivedi9022@outlook.com,Howrah,2024-02-14
3639,Lakshmi Kulkarni,lakshmi.kulkarni1193@yahoo.com,Mumbai,2024-09-13
3640,Suresh Kumar,suresh.kumar1610@ymail.com,Raipur,2022-10-26
3641,Sonali Deshpande,sonali.deshpande8660@hotmail.com,Howrah,2023-11-21
3642,Ritu Srivastava,ritu.srivastava1970@hotmail.com,Nagpur,2023-07-01
3643,Meena Naik,meena.naik2441@yahoo.com,Coimbatore,2023-09-29
3644,Uma Murthy,uma.murthy4455@ymail.com,Bengaluru,2022-03-02
3645,Tarun Das,tarun.das7839@yahoo.com,Mumbai,2022-01-14
3646,Santosh Bose,santosh.bose8420@outlook.com,Jabalpur,2024-03-11
3647,Yogesh Mukherjee,yogesh.mukherjee6379@gmail.com,Hyderabad,2022-08-28
3648,Tarun Srivastava,tarun.srivastava6344@rediffmail.com,Nagpur,2022-06-03
3649,Ankit Saxena,ankit.saxena3168@rediffmail.com,Agra,2022-02-22
3650,Ananya Bhatia,ananya.bhatia6148@rediffmail.com,Hyderabad,2023-07-26
3651,Ankit Gupta,ankit.gupta9938@gmail.com,Solapur,2023-10-21
3652,Ananya Mehta,ananya.mehta6682@yahoo.com,Vijayawada,2024-12-04
3653,Geeta Chakraborty,geeta.chakraborty9544@outlook.com,Jodhpur,2024-04-22
3654,Sachin Choudhary,sachin.choudhary825@ymail.com,Faridabad,2023-03-28
3655,Sahil Goyal,sahil.goyal4426@gmail.com,Dhanbad,2024-06-21
3656,Neeraj Pathak,neeraj.pathak4613@outlook.com,Lucknow,2022-04-30
3657,Shilpa Malhotra,shilpa.malhotra2290@ymail.com,Rajkot,2024-04-23
3658,Santosh Chopra,santosh.chopra9770@yahoo.com,Nashik,2022-02-09
3659,Rajesh Varma,rajesh.varma1509@ymail.com,Dhanbad,2024-08-29
3660,Ritu Kaur,ritu.kaur782@yahoo.com,Howrah,2022-05-17
3661,Sonali Tiwari,sonali.tiwari4318@gmail.com,Rajkot,2024-12-09
3662,Sapna Naik,sapna.naik4306@gmail.com,Nagpur,2023-02-11
3663,Geeta Mehta,geeta.mehta3803@gmail.com,Jaipur,2023-10-06
3664,Lalit Shukla,lalit.shukla2806@yahoo.com,Nashik,2024-04-01
3665,Aryan Mehta,aryan.mehta8925@gmail.com,Srinagar,2022-01-22
3666,Girish Bose,girish.bose2692@ymail.com,Pune,2022-06-10
3667,Ritesh Das,ritesh.das8@outlook.com,Ahmedabad,2023-03-25
3668,Sneha Kumar,sneha.kumar3899@rediffmail.com,Madurai,2023-10-13
3669,Ashok Mehta,ashok.mehta8123@rediffmail.com,Howrah,2023-12-08
3670,Madhav Chawla,madhav.chawla3120@yahoo.com,Varanasi,2022-06-02
3671,Vivek Saxena,vivek.saxena8933@hotmail.com,Vadodara,2023-06-26
3672,Ravi Bansal,ravi.bansal2764@rediffmail.com,Ludhiana,2022-04-08
3673,Bhaskar Chakraborty,bhaskar.chakraborty6482@hotmail.com,Amritsar,2022-03-30
3674,Swati Chauhan,swati.chauhan7065@hotmail.com,Patna,2022-04-19
3675,Ishaan Malhotra,ishaan.malhotra3357@ymail.com,Visakhapatnam,2022-07-28
3676,Manish Mishra,manish.mishra8753@gmail.com,Surat,2024-08-06
3677,Shyam Trivedi,shyam.trivedi8187@ymail.com,Amritsar,2022-12-15
3678,Zara Desai,zara.desai1232@gmail.com,Lucknow,2022-07-08
3679,Vinay Modi,vinay.modi9651@rediffmail.com,Kanpur,2022-07-29
3680,Sachin Deshpande,sachin.deshpande4278@rediffmail.com,Kalyan-Dombivali,2022-12-18
3681,Ram Naik,ram.naik5573@ymail.com,Dhanbad,2024-06-15
3682,Hemant Srivastava,hemant.srivastava6980@yahoo.com,Allahabad,2023-05-13
3683,Vinay Chawla,vinay.chawla8443@yahoo.com,Allahabad,2023-10-15
3684,Megha Ahuja,megha.ahuja5546@yahoo.com,Howrah,2024-07-09
3685,Shyam Ahuja,shyam.ahuja8075@ymail.com,Coimbatore,2024-05-27
3686,Meena Shah,meena.shah1950@outlook.com,Aurangabad,2022-05-06
3687,Meena Chakraborty,meena.chakraborty8135@yahoo.com,Rajkot,2024-11-27
3688,Sonu Varma,sonu.varma2401@gmail.com,Faridabad,2022-01-05
3689,Madhav Naik,madhav.naik2354@gmail.com,Madurai,2022-12-17
3690,Divya Dutta,divya.dutta5723@hotmail.com,Raipur,2022-11-23
3691,Ansh Khanna,ansh.khanna5998@gmail.com,Bareilly,2023-11-18
3692,Priya Malhotra,priya.malhotra1719@ymail.com,Visakhapatnam,2024-04-09
3693,Rakesh Choudhary,rakesh.choudhary1194@rediffmail.com,Jodhpur,2022-12-23
3694,Ankita Pande,ankita.pande2274@hotmail.com,Howrah,2024-03-25
3695,Nikhil Srivastava,nikhil.srivastava9735@gmail.com,Ranchi,2024-12-30
3696,Sonali Shah,sonali.shah4400@yahoo.com,Vasai-Virar,2023-08-15
3697,Sudhir Naik,sudhir.naik265@yahoo.com,Jaipur,2022-03-19
3698,Uma Jha,uma.jha556@rediffmail.com,Kota,2023-04-16
3699,Sanjeev Yadav,sanjeev.yadav8885@outlook.com,Chandigarh,2023-05-29
3700,Paras Gupta,paras.gupta2130@hotmail.com,Jabalpur,2023-11-23
3701,Uma Sinha,uma.sinha9990@rediffmail.com,Ranchi,2022-05-16
3702,Sandeep Bhatt,sandeep.bhatt4646@hotmail.com,Varanasi,2024-11-05
3703,Nikhil Varma,nikhil.varma587@ymail.com,Jodhpur,2024-06-22
3704,Ansh Joshi,ansh.joshi2934@yahoo.com,Allahabad,2024-04-02
3705,Neha Kaur,neha.kaur7826@yahoo.com,Allahabad,2023-01-18
3706,Akash Banerjee,akash.banerjee7406@hotmail.com,Meerut,2022-06-09
3707,Rohan Bhatia,rohan.bhatia7560@outlook.com,Gwalior,2024-12-25
3708,Om Kaur,om.kaur8880@yahoo.com,Gwalior,2024-06-12
3709,Paras Modi,paras.modi2522@yahoo.com,Ludhiana,2024-11-23
3710,Ram Deshpande,ram.deshpande8093@ymail.com,Bengaluru,2024-12-25
3711,Kiran Shah,kiran.shah8592@gmail.com,Rajkot,2023-01-17
3712,Seema Rao,seema.rao3891@hotmail.com,Hyderabad,2023-07-06
3713,Vinod Ahuja,vinod.ahuja5905@outlook.com,Meerut,2023-11-11
3714,Seema Mehta,seema.mehta9326@gmail.com,Delhi,2022-09-13
3715,Deepika Goyal,deepika.goyal8877@yahoo.com,Bareilly,2023-12-03
3716,Varun Kapoor,varun.kapoor4397@hotmail.com,Kanpur,2024-12-08
3717,Manish Mehta,manish.mehta9726@outlook.com,Nagpur,2022-10-15
3718,Lalit Verma,lalit.verma4820@yahoo.com,Vijayawada,2023-05-21
3719,Sahil Chopra,sahil.chopra8728@ymail.com,Howrah,2023-07-06
3720,Sunil Khanna,sunil.khanna3641@yahoo.com,Allahabad,2022-07-31
3721,Kunal Khanna,kunal.khanna2694@hotmail.com,Kolkata,2023-11-03
3722,Divya Naik,divya.naik5536@ymail.com,Aurangabad,2022-12-31
3723,Yogesh Jha,yogesh.jha6375@yahoo.com,Howrah,2022-12-18
3724,Meena Patel,meena.patel3632@ymail.com,Thane,2023-12-05
3725,Pooja Pathak,pooja.pathak6063@gmail.com,Thane,2024-10-30
3726,Aryan Nanda,aryan.nanda6410@hotmail.com,Faridabad,2022-02-22
3727,Sandeep Modi,sandeep.modi8503@hotmail.com,Meerut,2023-10-27
3728,Ajay Pillai,ajay.pillai5251@outlook.com,Bareilly,2023-08-12
3729,Tanvi Ghosh,tanvi.ghosh3674@gmail.com,Nagpur,2023-09-20
3730,Sachin Pillai,sachin.pillai1966@ymail.com,Amritsar,2022-06-02
3731,Ritu Yadav,ritu.yadav1855@outlook.com,Jabalpur,2024-09-18
3732,Deepika Bansal,deepika.bansal3263@rediffmail.com,Guwahati,2023-11-15
3733,Ramesh Garg,ramesh.garg4410@gmail.com,Kolkata,2024-01-16
3734,Girish Khanna,girish.khanna5040@gmail.com,Ludhiana,2023-08-25
3735,Nikhil Chauhan,nikhil.chauhan5354@hotmail.com,Nagpur,2022-08-08
3736,Harish Singh,harish.singh2843@hotmail.com,Gwalior,2023-03-16
3737,Swati Kulkarni,swati.kulkarni7797@ymail.com,Navi Mumbai,2022-07-19
3738,Ishaan Varma,ishaan.varma6984@outlook.com,Ludhiana,2022-04-04
3739,Ajay Pillai,ajay.pillai4355@yahoo.com,Kota,2022-08-12
3740,Kajal Tiwari,kajal.tiwari1428@gmail.com,Bareilly,2023-12-26
3741,Dev Mehta,dev.mehta6274@rediffmail.com,Navi Mumbai,2022-09-07
3742,Shanti Patel,shanti.patel8581@outlook.com,Ranchi,2022-05-04
3743,Ritesh Singh,ritesh.singh2157@outlook.com,Mumbai,2023-07-11
3744,Lata Chopra,lata.chopra3851@rediffmail.com,Navi Mumbai,2023-12-15
3745,Meena Das,meena.das2243@hotmail.com,Ranchi,2024-05-26
3746,Mihir Bansal,mihir.bansal5316@rediffmail.com,Amritsar,2024-04-30
3747,Sunil Srivastava,sunil.srivastava7370@rediffmail.com,Varanasi,2023-07-27
3748,Kavita Chakraborty,kavita.chakraborty2746@yahoo.com,Dhanbad,2023-11-23
3749,Parul Jha,parul.jha4582@rediffmail.com,Vijayawada,2023-11-27
3750,Shruti Patel,shruti.patel6914@hotmail.com,Ludhiana,2023-08-13
3751,Dev Murthy,dev.murthy2112@hotmail.com,Gwalior,2022-09-01
3752,Ankit Varma,ankit.varma7015@hotmail.com,Delhi,2022-10-06
3753,Anand Bose,anand.bose103@gmail.com,Bengaluru,2022-11-16
3754,Sunita Iyer,sunita.iyer6104@ymail.com,Thane,2023-04-21
3755,Ankita Garg,ankita.garg2149@ymail.com,Ahmedabad,2023-10-30
3756,Vikram Jain,vikram.jain1135@yahoo.com,Mumbai,2023-10-26
3757,Kunal Mishra,kunal.mishra554@rediffmail.com,Indore,2024-05-21
3758,Rajesh Sinha,rajesh.sinha2985@ymail.com,Pune,2023-08-05
3759,Kavita Gupta,kavita.gupta8517@rediffmail.com,Gwalior,2024-02-24
3760,Mahesh Patel,mahesh.patel8039@yahoo.com,Dhanbad,2023-03-31
3761,Mohan Malhotra,mohan.malhotra7227@ymail.com,Patna,2024-04-26
3762,Chandra Sinha,chandra.sinha105@yahoo.com,Faridabad,2024-11-21
3763,Shyam Shukla,shyam.shukla2748@hotmail.com,Patna,2023-03-05
3764,Anjali Nair,anjali.nair3579@yahoo.com,Guwahati,2022-08-05
3765,Shyam Chopra,shyam.chopra3120@gmail.com,Jaipur,2023-02-14
3766,Ritesh Choudhary,ritesh.choudhary117@ymail.com,Vadodara,2022-07-09
3767,Anil Kaur,anil.kaur133@gmail.com,Navi Mumbai,2023-05-17
3768,Mihir Ghosh,mihir.ghosh8021@yahoo.com,Indore,2024-08-06
3769,Lakshmi Ahuja,lakshmi.ahuja8725@yahoo.com,Bareilly,2024-08-23
3770,Meena Nair,meena.nair1427@ymail.com,Srinagar,2022-12-29
3771,Sudhir Desai,sudhir.desai5736@outlook.com,Srinagar,2023-10-20
3772,Jayesh Sinha,jayesh.sinha5951@rediffmail.com,Vijayawada,2023-06-29
3773,Nitesh Chopra,nitesh.chopra6209@yahoo.com,Howrah,2022-03-08
3774,Komal Choudhary,komal.choudhary1479@rediffmail.com,Bareilly,2024-07-17
3775,Madhav Sengupta,madhav.sengupta9074@yahoo.com,Chandigarh,2022-07-29
3776,Manish Bansal,manish.bansal9001@yahoo.com,Guwahati,2024-06-19
3777,Ashish Reddy,ashish.reddy7681@yahoo.com,Chennai,2024-07-25
3778,Seema Dubey,seema.dubey3250@outlook.com,Guwahati,2023-03-21
3779,Ritu Pande,ritu.pande9545@yahoo.com,Delhi,2023-10-30
3780,Divya Desai,divya.desai2543@rediffmail.com,Howrah,2023-03-15
3781,Shyam Kulkarni,shyam.kulkarni2805@gmail.com,Chandigarh,2024-05-24
3782,Sunita Jain,sunita.jain9588@gmail.com,Vijayawada,2023-09-13
3783,Ishaan Nanda,ishaan.nanda9022@yahoo.com,Bhopal,2022-12-08
3784,Komal Reddy,komal.reddy5959@ymail.com,Bhopal,2023-02-21
3785,Kiran Nanda,kiran.nanda5048@hotmail.com,Kalyan-Dombivali,2022-09-08
3786,Nitika Singh,nitika.singh7587@ymail.com,Solapur,2024-10-06
3787,Heena Das,heena.das6441@hotmail.com,Bhopal,2022-02-10
3788,Ram Jha,ram.jha4277@hotmail.com,Howrah,2024-10-17
3789,Rohan Shukla,rohan.shukla1909@yahoo.com,Varanasi,2024-06-17
3790,Aarav Desai,aarav.desai9356@yahoo.com,Varanasi,2022-05-24
3791,Deepak Bansal,deepak.bansal5425@yahoo.com,Madurai,2024-08-17
3792,Sonal Nair,sonal.nair8155@ymail.com,Ahmedabad,2023-03-15
3793,Nitika Shukla,nitika.shukla5356@yahoo.com,Coimbatore,2024-11-28
3794,Isha Chopra,isha.chopra2446@gmail.com,Raipur,2022-07-21
3795,Ayesha Trivedi,ayesha.trivedi5969@outlook.com,Chandigarh,2022-04-22
3796,Rahul Deshpande,rahul.deshpande2839@gmail.com,Bengaluru,2023-06-28
3797,Sonal Nanda,sonal.nanda8011@rediffmail.com,Raipur,2024-08-11
3798,Pavan Murthy,pavan.murthy8289@rediffmail.com,Varanasi,2023-12-17
3799,Seema Dubey,seema.dubey6099@ymail.com,Amritsar,2024-01-02
3800,Divya Garg,divya.garg8766@outlook.com,Hyderabad,2022-03-24
3801,Geeta Ahuja,geeta.ahuja4557@hotmail.com,Bhopal,2024-03-05
3802,Sandeep Bhatt,sandeep.bhatt9383@rediffmail.com,Ludhiana,2022-08-13
3803,Nikhil Bhatia,nikhil.bhatia5684@yahoo.com,Indore,2022-07-11
3804,Ajay Tiwari,ajay.tiwari2445@ymail.com,Howrah,2022-12-09
3805,Sonu Banerjee,sonu.banerjee9616@ymail.com,Nashik,2022-02-19
3806,Ansh Iyer,ansh.iyer3258@outlook.com,Pimpri-Chinchwad,2024-11-13
3807,Gaurav Bansal,gaurav.bansal3217@gmail.com,Howrah,2024-05-01
3808,Nisha Bhatt,nisha.bhatt3448@ymail.com,Coimbatore,2024-10-20
3809,Ansh Pathak,ansh.pathak1887@yahoo.com,Rajkot,2022-04-10
3810,Sahil Choudhary,sahil.choudhary2487@gmail.com,Indore,2022-11-19
3811,Ashish Chakraborty,ashish.chakraborty7543@outlook.com,Srinagar,2022-10-13
3812,Ananya Chawla,ananya.chawla9927@ymail.com,Raipur,2022-07-02
3813,Asha Chawla,asha.chawla6269@outlook.com,Pune,2022-09-23
3814,Yogesh Desai,yogesh.desai686@gmail.com,Gwalior,2022-03-07
3815,Neha Chopra,neha.chopra5619@ymail.com,Solapur,2024-12-19
3816,Sonal Malhotra,sonal.malhotra4075@yahoo.com,Gwalior,2023-03-15
3817,Amit Gupta,amit.gupta9370@yahoo.com,Vasai-Virar,2024-02-18
3818,Kunal Dubey,kunal.dubey8785@gmail.com,Madurai,2023-01-02
3819,Nikhil Reddy,nikhil.reddy4940@rediffmail.com,Pune,2022-11-03
3820,Sonal Trivedi,sonal.trivedi4622@yahoo.com,Pune,2022-07-04
3821,Kajal Ahuja,kajal.ahuja9149@ymail.com,Rajkot,2024-12-10
3822,Ayesha Banerjee,ayesha.banerjee5524@gmail.com,Howrah,2023-10-31
3823,Ayesha Choudhary,ayesha.choudhary9771@hotmail.com,Meerut,2022-09-21
3824,Ajay Yadav,ajay.yadav9690@yahoo.com,Kota,2024-01-22
3825,Lakshmi Singh,lakshmi.singh6235@gmail.com,Solapur,2022-01-03
3826,Suresh Banerjee,suresh.banerjee3517@ymail.com,Madurai,2023-12-09
3827,Ashok Tiwari,ashok.tiwari9560@outlook.com,Delhi,2022-07-19
3828,Hemant Mehta,hemant.mehta1944@yahoo.com,Pimpri-Chinchwad,2023-01-26
3829,Mohan Banerjee,mohan.banerjee5883@rediffmail.com,Ludhiana,2024-01-21
3830,Mahesh Iyer,mahesh.iyer2136@yahoo.com,Delhi,2023-06-16
3831,Ankita Mukherjee,ankita.mukherjee2559@gmail.com,Surat,2024-09-13
3832,Anand Bansal,anand.bansal6922@gmail.com,Faridabad,2022-11-28
3833,Nitesh Dutta,nitesh.dutta9135@outlook.com,Pimpri-Chinchwad,2022-05-04
3834,Deepika Pathak,deepika.pathak1008@outlook.com,Chandigarh,2022-06-24
3835,Mukesh Kumar,mukesh.kumar9680@gmail.com,Kalyan-Dombivali,2023-04-13
3836,Ashok Chopra,ashok.chopra4611@rediffmail.com,Jodhpur,2022-08-08
3837,Kunal Jain,kunal.jain4278@yahoo.com,Raipur,2022-01-16
3838,Heena Sharma,heena.sharma4677@gmail.com,Bhopal,2022-05-01
3839,Ashish Ahuja,ashish.ahuja5951@outlook.com,Dhanbad,2024-07-13
3840,Lokesh Kumar,lokesh.kumar5051@rediffmail.com,Chennai,2024-01-30
3841,Neeraj Patel,neeraj.patel5703@hotmail.com,Patna,2024-05-20
3842,Uday Desai,uday.desai4033@hotmail.com,Aurangabad,2022-08-06
3843,Ayesha Yadav,ayesha.yadav4115@outlook.com,Vasai-Virar,2022-01-06
3844,Asha Arora,asha.arora9093@gmail.com,Bareilly,2022-08-31
3845,Sunita Trivedi,sunita.trivedi8425@gmail.com,Bengaluru,2023-03-01
3846,Akash Varma,akash.varma6760@rediffmail.com,Thane,2022-07-25
3847,Neha Khanna,neha.khanna4525@gmail.com,Dhanbad,2022-11-28
3848,Mohan Nair,mohan.nair699@rediffmail.com,Mumbai,2024-11-24
3849,Arjun Varma,arjun.varma6001@outlook.com,Pune,2022-10-31
3850,Ravi Ahuja,ravi.ahuja1773@hotmail.com,Guwahati,2022-05-05
3851,Nilesh Bhatt,nilesh.bhatt3203@rediffmail.com,Bengaluru,2024-04-16
3852,Neha Chauhan,neha.chauhan4039@gmail.com,Srinagar,2023-04-15
3853,Krishna Bhatt,krishna.bhatt784@hotmail.com,Faridabad,2024-12-22
3854,Kabir Modi,kabir.modi4920@yahoo.com,Rajkot,2022-12-25
3855,Asha Shukla,asha.shukla3221@gmail.com,Delhi,2024-06-10
3856,Divya Joshi,divya.joshi8713@ymail.com,Nashik,2024-07-04
3857,Mohan Shukla,mohan.shukla7037@rediffmail.com,Visakhapatnam,2024-10-13
3858,Akash Dubey,akash.dubey1975@rediffmail.com,Mumbai,2023-11-15
3859,Geeta Saxena,geeta.saxena3283@rediffmail.com,Rajkot,2022-11-17
3860,Tanvi Varma,tanvi.varma7201@hotmail.com,Vasai-Virar,2024-03-17
3861,Mukesh Verma,mukesh.verma2440@gmail.com,Nashik,2022-05-12
3862,Pooja Garg,pooja.garg2265@ymail.com,Aurangabad,2022-02-08
3863,Amit Bansal,amit.bansal4359@outlook.com,Kalyan-Dombivali,2024-05-21
3864,Arjun Iyer,arjun.iyer5413@ymail.com,Coimbatore,2022-02-21
3865,Sneha Bhatia,sneha.bhatia1909@gmail.com,Varanasi,2024-09-21
3866,Santosh Mehta,santosh.mehta2037@hotmail.com,Bengaluru,2022-02-10
3867,Simran Reddy,simran.reddy4304@rediffmail.com,Bhopal,2022-05-20
3868,Tanvi Shukla,tanvi.shukla9223@ymail.com,Guwahati,2023-07-07
3869,Ram Agarwal,ram.agarwal5162@yahoo.com,Madurai,2022-05-15
3870,Kiran Trivedi,kiran.trivedi2821@gmail.com,Visakhapatnam,2024-10-24
3871,Amit Varma,amit.varma9661@hotmail.com,Jodhpur,2024-10-14
3872,Ritu Chatterjee,ritu.chatterjee6472@rediffmail.com,Navi Mumbai,2024-10-06
3873,Sahil Dutta,sahil.dutta1067@yahoo.com,Srinagar,2024-06-18
3874,Seema Chawla,seema.chawla6793@outlook.com,Jabalpur,2023-08-23
3875,Aryan Kulkarni,aryan.kulkarni6259@gmail.com,Surat,2023-03-19
3876,Nitika Gupta,nitika.gupta805@outlook.com,Aurangabad,2023-06-30
3877,Isha Dutta,isha.dutta2855@hotmail.com,Vasai-Virar,2023-01-10
3878,Girish Sinha,girish.sinha8445@ymail.com,Coimbatore,2023-08-16
3879,Ramesh Pande,ramesh.pande1867@rediffmail.com,Varanasi,2022-01-31
3880,Anjali Shukla,anjali.shukla4328@yahoo.com,Vasai-Virar,2022-10-13
3881,Akash Dubey,akash.dubey7656@gmail.com,Amritsar,2024-08-01
3882,Swati Sengupta,swati.sengupta8857@yahoo.com,Pune,2022-07-02
3883,Megha Bansal,megha.bansal2595@ymail.com,Madurai,2022-02-26
3884,Sachin Varma,sachin.varma4252@gmail.com,Allahabad,2022-06-21
3885,Ishaan Kapoor,ishaan.kapoor9365@rediffmail.com,Jabalpur,2024-10-30
3886,Vinod Tiwari,vinod.tiwari9580@outlook.com,Surat,2022-08-18
3887,Ankit Malhotra,ankit.malhotra368@ymail.com,Allahabad,2024-10-28
3888,Sachin Patel,sachin.patel4748@ymail.com,Amritsar,2022-03-04
3889,Swati Verma,swati.verma1157@rediffmail.com,Rajkot,2023-06-17
3890,Kavita Naik,kavita.naik2265@yahoo.com,Hubli,2022-09-04
3891,Neha Mukherjee,neha.mukherjee5834@rediffmail.com,Amritsar,2023-04-23
3892,Ram Malhotra,ram.malhotra8305@hotmail.com,Varanasi,2022-01-24
3893,Priya Desai,priya.desai1012@gmail.com,Visakhapatnam,2022-04-06
3894,Mihir Mishra,mihir.mishra5247@outlook.com,Madurai,2022-07-11
3895,Tarun Yadav,tarun.yadav2947@yahoo.com,Meerut,2022-06-24
3896,Kavita Pathak,kavita.pathak6607@gmail.com,Hubli,2022-06-22
3897,Anand Das,anand.das8371@outlook.com,Raipur,2023-07-08
3898,Sunil Das,sunil.das9829@ymail.com,Vasai-Virar,2024-10-30
3899,Chandra Mehta,chandra.mehta6425@rediffmail.com,Madurai,2024-09-04
3900,Santosh Rao,santosh.rao820@hotmail.com,Bengaluru,2023-12-28
3901,Hemant Shukla,hemant.shukla1932@hotmail.com,Kolkata,2024-05-17
3902,Asha Joshi,asha.joshi6999@gmail.com,Dhanbad,2023-05-24
3903,Dev Modi,dev.modi4655@ymail.com,Kota,2023-04-05
3904,Krishna Singh,krishna.singh6184@hotmail.com,Pune,2024-07-31
3905,Ramesh Varma,ramesh.varma6524@yahoo.com,Patna,2022-04-03
3906,Vinod Pathak,vinod.pathak6909@ymail.com,Vijayawada,2023-08-03
3907,Tarun Pillai,tarun.pillai6166@outlook.com,Allahabad,2023-05-25
3908,Shiv Ghosh,shiv.ghosh7034@gmail.com,Pimpri-Chinchwad,2024-07-16
3909,Parul Iyer,parul.iyer2486@gmail.com,Varanasi,2022-01-24
3910,Chandra Nanda,chandra.nanda5539@gmail.com,Meerut,2022-10-19
3911,Deepak Banerjee,deepak.banerjee5826@rediffmail.com,Hubli,2023-05-13
3912,Tanvi Rao,tanvi.rao6663@hotmail.com,Allahabad,2022-09-14
3913,Aarav Murthy,aarav.murthy9403@yahoo.com,Pimpri-Chinchwad,2024-12-30
3914,Meena Naik,meena.naik8222@yahoo.com,Gwalior,2022-03-26
3915,Vinay Kumar,vinay.kumar2253@hotmail.com,Rajkot,2024-09-09
3916,Chandra Srivastava,chandra.srivastava8638@outlook.com,Jabalpur,2022-05-20
3917,Mohan Ahuja,mohan.ahuja1039@gmail.com,Vadodara,2022-06-01
3918,Harish Yadav,harish.yadav1851@rediffmail.com,Hubli,2023-05-24
3919,Lalit Saxena,lalit.saxena9826@ymail.com,Lucknow,2023-02-23
3920,Shilpa Kulkarni,shilpa.kulkarni1769@yahoo.com,Indore,2024-08-31
3921,Shiv Kulkarni,shiv.kulkarni7@hotmail.com,Kanpur,2023-05-25
3922,Amitabh Chatterjee,amitabh.chatterjee4170@hotmail.com,Ranchi,2024-11-12
3923,Arjun Khanna,arjun.khanna5447@ymail.com,Delhi,2022-12-06
3924,Lata Chatterjee,lata.chatterjee4562@hotmail.com,Dhanbad,2022-10-24
3925,Jayesh Chawla,jayesh.chawla1596@outlook.com,Ludhiana,2022-03-06
3926,Vikram Deshpande,vikram.deshpande4738@hotmail.com,Delhi,2024-05-02
3927,Meena Bose,meena.bose1036@outlook.com,Hubli,2024-09-18
3928,Vivek Chatterjee,vivek.chatterjee1071@rediffmail.com,Jaipur,2023-06-14
3929,Reena Naik,reena.naik9392@rediffmail.com,Vijayawada,2022-03-27
3930,Priya Naik,priya.naik47@outlook.com,Srinagar,2022-10-25
3931,Arjun Goyal,arjun.goyal1305@outlook.com,Pimpri-Chinchwad,2024-04-27
3932,Pavan Bose,pavan.bose1714@yahoo.com,Ludhiana,2023-01-14
3933,Zara Khanna,zara.khanna6170@hotmail.com,Allahabad,2024-05-14
3934,Rohan Saxena,rohan.saxena8822@rediffmail.com,Bhopal,2024-03-21
3935,Shanti Pillai,shanti.pillai9004@outlook.com,Vadodara,2024-11-03
3936,Madhav Pande,madhav.pande5118@ymail.com,Kolkata,2023-11-02
3937,Kunal Patel,kunal.patel4280@hotmail.com,Madurai,2022-04-11
3938,Asha Chawla,asha.chawla2209@ymail.com,Jabalpur,2023-01-05
3939,Anil Bose,anil.bose7828@hotmail.com,Bhopal,2024-02-21
3940,Vinod Sharma,vinod.sharma729@hotmail.com,Ahmedabad,2022-05-25
3941,Nisha Bhatt,nisha.bhatt6922@ymail.com,Chandigarh,2022-05-07
3942,Hemant Yadav,hemant.yadav9765@rediffmail.com,Hubli,2024-03-19
3943,Girish Kulkarni,girish.kulkarni5151@yahoo.com,Kalyan-Dombivali,2022-09-15
3944,Arjun Murthy,arjun.murthy9491@hotmail.com,Ludhiana,2024-02-02
3945,Reena Bansal,reena.bansal6210@outlook.com,Mumbai,2022-04-11
3946,Akash Pathak,akash.pathak9379@hotmail.com,Jaipur,2023-09-04
3947,Pooja Patel,pooja.patel4100@yahoo.com,Hyderabad,2023-08-24
3948,Zara Kaur,zara.kaur6145@ymail.com,Pimpri-Chinchwad,2024-06-09
3949,Mukesh Modi,mukesh.modi6725@gmail.com,Ludhiana,2024-06-11
3950,Jayesh Das,jayesh.das236@hotmail.com,Ludhiana,2024-05-17
3951,Vikas Kapoor,vikas.kapoor8029@outlook.com,Agra,2022-03-01
3952,Ram Malhotra,ram.malhotra5055@hotmail.com,Thane,2023-01-29
3953,Sudhir Murthy,sudhir.murthy9972@gmail.com,Vasai-Virar,2022-09-25
3954,Isha Bose,isha.bose6055@hotmail.com,Rajkot,2024-02-20
3955,Sudhir Chopra,sudhir.chopra3020@outlook.com,Agra,2023-08-16
3956,Ananya Chauhan,ananya.chauhan6497@ymail.com,Agra,2023-12-12
3957,Hemant Banerjee,hemant.banerjee880@gmail.com,Kota,2024-05-21
3958,Deepak Bose,deepak.bose3060@gmail.com,Kanpur,2022-11-08
3959,Karan Desai,karan.desai7405@outlook.com,Aurangabad,2024-08-28
3960,Kedar Khanna,kedar.khanna2201@hotmail.com,Gwalior,2022-05-18
3961,Mahesh Ahuja,mahesh.ahuja1699@gmail.com,Kanpur,2023-07-30
3962,Shikha Chauhan,shikha.chauhan1513@hotmail.com,Amritsar,2023-05-30
3963,Pradeep Varma,pradeep.varma8472@ymail.com,Meerut,2022-05-03
3964,Aarav Srivastava,aarav.srivastava8796@gmail.com,Pune,2024-08-29
3965,Ravi Nair,ravi.nair6490@outlook.com,Guwahati,2024-10-09
3966,Rajesh Chopra,rajesh.chopra3210@gmail.com,Kanpur,2024-01-04
3967,Neeraj Banerjee,neeraj.banerjee224@hotmail.com,Varanasi,2022-10-04
3968,Shilpa Kulkarni,shilpa.kulkarni4311@yahoo.com,Vijayawada,2024-05-20
3969,Ankita Choudhary,ankita.choudhary1818@yahoo.com,Hyderabad,2023-02-22
3970,Pooja Ghosh,pooja.ghosh3749@ymail.com,Hubli,2024-09-07
3971,Kunal Dutta,kunal.dutta7047@hotmail.com,Kota,2024-03-01
3972,Vikas Srivastava,vikas.srivastava8722@gmail.com,Srinagar,2023-12-19
3973,Swati Rao,swati.rao2766@hotmail.com,Visakhapatnam,2024-11-18
3974,Dev Iyer,dev.iyer2096@gmail.com,Madurai,2023-04-22
3975,Paras Jain,paras.jain4149@hotmail.com,Hubli,2023-07-04
3976,Ananya Arora,ananya.arora7033@hotmail.com,Vadodara,2024-01-23
3977,Kajal Reddy,kajal.reddy7655@hotmail.com,Solapur,2022-10-26
3978,Vikram Deshpande,vikram.deshpande1257@gmail.com,Jaipur,2023-02-01
3979,Chandra Banerjee,chandra.banerjee7332@hotmail.com,Bareilly,2024-10-03
3980,Seema Pillai,seema.pillai1391@outlook.com,Varanasi,2024-03-26
3981,Sonal Dubey,sonal.dubey3980@ymail.com,Patna,2022-12-07
3982,Nitika Das,nitika.das504@yahoo.com,Ranchi,2024-02-17
3983,Seema Das,seema.das1193@outlook.com,Nashik,2022-01-26
3984,Sanjay Naik,sanjay.naik996@gmail.com,Jabalpur,2024-03-03
3985,Isha Verma,isha.verma684@hotmail.com,Agra,2023-02-03
3986,Amit Kaur,amit.kaur9976@yahoo.com,Ludhiana,2024-10-27
3987,Tarun Choudhary,tarun.choudhary4371@rediffmail.com,Thane,2023-11-09
3988,Uma Dutta,uma.dutta5007@gmail.com,Bengaluru,2022-08-01
3989,Parul Bhatia,parul.bhatia6494@outlook.com,Aurangabad,2024-10-31
3990,Kajal Murthy,kajal.murthy1098@outlook.com,Nashik,2022-12-19
3991,Kabir Ghosh,kabir.ghosh4168@ymail.com,Faridabad,2023-06-20
3992,Jayesh Kumar,jayesh.kumar877@rediffmail.com,Indore,2024-12-31
3993,Vinay Kapoor,vinay.kapoor1081@outlook.com,Jabalpur,2023-03-22
3994,Neha Shukla,neha.shukla9052@gmail.com,Mumbai,2023-10-19
3995,Ishaan Reddy,ishaan.reddy9761@gmail.com,Surat,2024-07-23
3996,Paras Murthy,paras.murthy4186@rediffmail.com,Solapur,2024-03-01
3997,Sunita Pillai,sunita.pillai9305@rediffmail.com,Vasai-Virar,2024-12-16
3998,Parul Tiwari,parul.tiwari2540@ymail.com,Jabalpur,2022-05-05
3999,Kedar Jain,kedar.jain7885@rediffmail.com,Kota,2022-09-30
4000,Uday Mishra,uday.mishra1715@hotmail.com,Varanasi,2022-10-09
4001,Jatin Kaur,jatin.kaur3811@gmail.com,Kolkata,2024-02-20
4002,Shikha Ghosh,shikha.ghosh2868@hotmail.com,Jaipur,2023-02-22
4003,Tarun Nanda,tarun.nanda3710@rediffmail.com,Varanasi,2022-11-30
4004,Pavan Garg,pavan.garg3904@rediffmail.com,Pune,2022-11-06
4005,Asha Reddy,asha.reddy9007@outlook.com,Delhi,2024-03-13
4006,Zara Verma,zara.verma2575@rediffmail.com,Indore,2022-12-20
4007,Pavan Chakraborty,pavan.chakraborty8433@gmail.com,Guwahati,2023-03-11
4008,Deepika Choudhary,deepika.choudhary1985@gmail.com,Ahmedabad,2022-01-31
4009,Divya Dutta,divya.dutta2880@gmail.com,Delhi,2022-05-10
4010,Shailesh Nair,shailesh.nair6324@outlook.com,Vasai-Virar,2024-02-17
4011,Asha Arora,asha.arora489@rediffmail.com,Vijayawada,2024-09-11
4012,Shilpa Kaur,shilpa.kaur1994@gmail.com,Ranchi,2022-06-21
4013,Swati Gupta,swati.gupta3103@hotmail.com,Meerut,2022-07-10
4014,Kajal Bansal,kajal.bansal3855@rediffmail.com,Patna,2023-10-16
4015,Sanjay Garg,sanjay.garg1394@rediffmail.com,Amritsar,2022-04-08
4016,Sudhir Mishra,sudhir.mishra4528@outlook.com,Hubli,2022-10-11
4017,Gaurav Jain,gaurav.jain5069@outlook.com,Coimbatore,2023-10-10
4018,Tarun Shah,tarun.shah1601@gmail.com,Mumbai,2023-02-11
4019,Shruti Tiwari,shruti.tiwari277@outlook.com,Hubli,2024-04-07
4020,Zara Desai,zara.desai58@hotmail.com,Pimpri-Chinchwad,2023-11-06
4021,Simran Patel,simran.patel6213@outlook.com,Chennai,2023-11-10
4022,Ajay Sengupta,ajay.sengupta755@outlook.com,Vasai-Virar,2024-03-09
4023,Mohan Goyal,mohan.goyal1508@gmail.com,Mumbai,2024-03-15
4024,Zara Kapoor,zara.kapoor4901@gmail.com,Guwahati,2022-07-04
4025,Shikha Yadav,shikha.yadav3684@hotmail.com,Mumbai,2024-07-04
4026,Priya Jain,priya.jain1648@outlook.com,Gwalior,2023-07-05
4027,Sonali Pillai,sonali.pillai7692@gmail.com,Navi Mumbai,2022-01-31
4028,Lokesh Tiwari,lokesh.tiwari9203@yahoo.com,Vasai-Virar,2024-05-09
4029,Rahul Deshpande,rahul.deshpande4821@rediffmail.com,Surat,2024-02-13
4030,Pradeep Singh,pradeep.singh9298@rediffmail.com,Gwalior,2024-04-09
4031,Deepak Kaur,deepak.kaur9944@outlook.com,Mumbai,2024-12-17
4032,Hemant Naik,hemant.naik7102@rediffmail.com,Ranchi,2024-12-01
4033,Vivek Rao,vivek.rao9270@gmail.com,Aurangabad,2024-12-19
4034,Seema Saxena,seema.saxena7952@rediffmail.com,Chennai,2024-01-16
4035,Akash Kapoor,akash.kapoor9689@outlook.com,Kanpur,2024-01-14
4036,Nikhil Bose,nikhil.bose1271@rediffmail.com,Srinagar,2024-02-12
4037,Ajay Sharma,ajay.sharma9744@yahoo.com,Jaipur,2022-02-15
4038,Ansh Chopra,ansh.chopra7072@ymail.com,Hubli,2024-01-05
4039,Nikhil Bose,nikhil.bose8553@rediffmail.com,Ranchi,2023-01-18
4040,Madhav Agarwal,madhav.agarwal4960@gmail.com,Ranchi,2022-01-12
4041,Sonal Sengupta,sonal.sengupta9366@hotmail.com,Jaipur,2022-05-30
4042,Sudhir Mehta,sudhir.mehta5919@hotmail.com,Amritsar,2023-10-06
4043,Ashish Mehta,ashish.mehta7974@outlook.com,Patna,2022-07-04
4044,Santosh Sinha,santosh.sinha2261@outlook.com,Patna,2024-02-28
4045,Ritesh Desai,ritesh.desai1223@gmail.com,Allahabad,2022-10-24
4046,Kabir Bhatt,kabir.bhatt9971@ymail.com,Coimbatore,2024-04-04
4047,Ayesha Kumar,ayesha.kumar4363@yahoo.com,Lucknow,2022-10-16
4048,Ritesh Mishra,ritesh.mishra5477@rediffmail.com,Coimbatore,2022-06-02
4049,Neha Bansal,neha.bansal4331@ymail.com,Chandigarh,2024-01-21
4050,Jyoti Chatterjee,jyoti.chatterjee2161@gmail.com,Ranchi,2023-12-11
4051,Seema Gupta,seema.gupta6109@outlook.com,Bengaluru,2023-10-16
4052,Mukesh Tiwari,mukesh.tiwari8287@yahoo.com,Mumbai,2022-10-17
4053,Ashok Bose,ashok.bose6016@outlook.com,Mumbai,2022-02-06
4054,Shruti Bansal,shruti.bansal1039@ymail.com,Rajkot,2023-03-26
4055,Ritu Shukla,ritu.shukla5607@outlook.com,Pimpri-Chinchwad,2022-04-19
4056,Nikhil Das,nikhil.das3462@yahoo.com,Pimpri-Chinchwad,2024-08-20
4057,Dev Murthy,dev.murthy2670@rediffmail.com,Gwalior,2023-11-03
4058,Vinod Singh,vinod.singh4588@gmail.com,Hyderabad,2022-07-02
4059,Nitika Nair,nitika.nair8466@yahoo.com,Lucknow,2023-06-21
4060,Shilpa Malhotra,shilpa.malhotra3939@gmail.com,Jaipur,2024-05-09
4061,Ankita Kaur,ankita.kaur8885@hotmail.com,Mumbai,2024-09-13
4062,Anjali Bansal,anjali.bansal5758@rediffmail.com,Jodhpur,2022-05-01
4063,Ansh Chawla,ansh.chawla9411@hotmail.com,Mumbai,2022-12-31
4064,Uma Mehta,uma.mehta1790@ymail.com,Kolkata,2023-10-08
4065,Divya Kumar,divya.kumar1325@ymail.com,Bengaluru,2024-01-13
4066,Hemant Verma,hemant.verma7219@gmail.com,Howrah,2022-10-06
4067,Geeta Arora,geeta.arora538@outlook.com,Chennai,2024-05-31
4068,Ravi Jain,ravi.jain241@gmail.com,Aurangabad,2023-06-10
4069,Yash Sharma,yash.sharma1420@rediffmail.com,Howrah,2023-10-02
4070,Rajesh Shukla,rajesh.shukla5362@ymail.com,Patna,2023-04-10
4071,Suresh Reddy,suresh.reddy2308@rediffmail.com,Navi Mumbai,2024-08-17
4072,Megha Patel,megha.patel9099@rediffmail.com,Indore,2024-04-24
4073,Lakshmi Chopra,lakshmi.chopra9752@hotmail.com,Pimpri-Chinchwad,2024-08-25
4074,Sonali Chawla,sonali.chawla6774@ymail.com,Kolkata,2024-11-20
4075,Ritu Choudhary,ritu.choudhary7769@yahoo.com,Vadodara,2022-06-19
4076,Harish Sengupta,harish.sengupta1159@gmail.com,Visakhapatnam,2023-11-12
4077,Amitabh Choudhary,amitabh.choudhary5764@rediffmail.com,Madurai,2024-04-05
4078,Heena Shah,heena.shah3002@gmail.com,Srinagar,2023-08-31
4079,Harish Mukherjee,harish.mukherjee5898@outlook.com,Visakhapatnam,2024-12-09
4080,Sonal Mukherjee,sonal.mukherjee3965@hotmail.com,Surat,2024-05-11
4081,Pooja Bansal,pooja.bansal6646@hotmail.com,Allahabad,2024-06-10
4082,Amit Sinha,amit.sinha7034@outlook.com,Nagpur,2023-03-25
4083,Shilpa Ghosh,shilpa.ghosh4909@rediffmail.com,Amritsar,2023-02-04
4084,Rahul Iyer,rahul.iyer2898@hotmail.com,Thane,2024-02-23
4085,Zara Varma,zara.varma4882@outlook.com,Jaipur,2022-04-08
4086,Krishna Jha,krishna.jha870@outlook.com,Varanasi,2023-07-21
4087,Shikha Bansal,shikha.bansal6447@hotmail.com,Varanasi,2023-11-19
4088,Lalit Bhatt,lalit.bhatt5968@outlook.com,Lucknow,2023-02-26
4089,Rakesh Desai,rakesh.desai160@rediffmail.com,Bengaluru,2023-11-14
4090,Yash Tiwari,yash.tiwari5318@gmail.com,Bengaluru,2024-10-07
4091,Sachin Sharma,sachin.sharma5071@ymail.com,Delhi,2022-07-28
4092,Vinod Dutta,vinod.dutta1634@gmail.com,Pune,2024-08-05
4093,Sonu Murthy,sonu.murthy6356@gmail.com,Jabalpur,2022-02-09
4094,Bhaskar Jha,bhaskar.jha4833@ymail.com,Varanasi,2024-03-07
4095,Ananya Shah,ananya.shah2903@yahoo.com,Vijayawada,2022-02-18
4096,Meena Shukla,meena.shukla6078@yahoo.com,Ludhiana,2023-07-03
4097,Shanti Bhatt,shanti.bhatt2903@gmail.com,Kolkata,2022-10-04
4098,Divya Malhotra,divya.malhotra5141@rediffmail.com,Nashik,2022-05-02
4099,Aditya Das,aditya.das6844@ymail.com,Hyderabad,2022-06-11
4100,Kiran Chawla,kiran.chawla5526@yahoo.com,Chandigarh,2023-01-10
4101,Yogesh Mukherjee,yogesh.mukherjee5686@ymail.com,Raipur,2023-06-16
4102,Neeraj Rao,neeraj.rao5568@gmail.com,Varanasi,2023-08-02
4103,Amitabh Yadav,amitabh.yadav8067@gmail.com,Hubli,2024-06-26
4104,Shikha Deshpande,shikha.deshpande2116@outlook.com,Jabalpur,2022-04-12
4105,Anand Joshi,anand.joshi9665@ymail.com,Faridabad,2022-02-27
4106,Yogesh Dutta,yogesh.dutta1078@gmail.com,Mumbai,2024-03-15
4107,Kajal Shah,kajal.shah3543@hotmail.com,Bareilly,2022-01-25
4108,Girish Sharma,girish.sharma9486@gmail.com,Mumbai,2023-07-23
4109,Lakshmi Chopra,lakshmi.chopra515@yahoo.com,Vasai-Virar,2022-04-04
4110,Paras Pillai,paras.pillai4657@gmail.com,Chennai,2023-09-07
4111,Sachin Pillai,sachin.pillai1537@yahoo.com,Jodhpur,2023-11-21
4112,Vinay Pillai,vinay.pillai2856@rediffmail.com,Nashik,2023-12-10
4113,Sonal Srivastava,sonal.srivastava3992@hotmail.com,Raipur,2023-11-29
4114,Bhaskar Arora,bhaskar.arora5921@outlook.com,Chennai,2022-03-10
4115,Anil Kulkarni,anil.kulkarni7978@rediffmail.com,Howrah,2022-01-27
4116,Sandeep Ahuja,sandeep.ahuja6518@rediffmail.com,Vasai-Virar,2022-05-01
4117,Ankita Naik,ankita.naik6339@ymail.com,Varanasi,2024-09-04
4118,Jayesh Arora,jayesh.arora3959@outlook.com,Amritsar,2023-07-01
4119,Shailesh Shah,shailesh.shah2054@ymail.com,Indore,2023-02-01
4120,Rakesh Bose,rakesh.bose4735@hotmail.com,Coimbatore,2024-02-07
4121,Vikas Dutta,vikas.dutta337@gmail.com,Rajkot,2024-10-02
4122,Nikhil Kaur,nikhil.kaur2576@hotmail.com,Ludhiana,2022-01-17
4123,Harish Das,harish.das5701@gmail.com,Chennai,2024-10-07
4124,Harish Kaur,harish.kaur5130@hotmail.com,Jaipur,2024-03-12
4125,Divya Gupta,divya.gupta1733@outlook.com,Allahabad,2023-06-06
4126,Divya Patel,divya.patel1002@ymail.com,Kanpur,2022-11-03
4127,Heena Trivedi,heena.trivedi3627@hotmail.com,Agra,2022-07-15
4128,Anjali Agarwal,anjali.agarwal524@rediffmail.com,Bengaluru,2024-05-13
4129,Uday Shah,uday.shah761@hotmail.com,Bhopal,2022-01-12
4130,Sahil Srivastava,sahil.srivastava8864@rediffmail.com,Kalyan-Dombivali,2024-11-11
4131,Jatin Garg,jatin.garg229@yahoo.com,Ahmedabad,2022-07-01
4132,Mahesh Khanna,mahesh.khanna7276@yahoo.com,Jaipur,2022-01-14
4133,Kajal Sengupta,kajal.sengupta5481@outlook.com,Agra,2024-07-12
4134,Komal Bose,komal.bose9267@yahoo.com,Kolkata,2022-12-17
4135,Ravi Sinha,ravi.sinha9726@outlook.com,Vadodara,2022-12-10
4136,Manish Arora,manish.arora3784@yahoo.com,Kalyan-Dombivali,2023-01-02
4137,Sunita Agarwal,sunita.agarwal2318@outlook.com,Faridabad,2023-12-26
4138,Pavan Desai,pavan.desai1274@hotmail.com,Srinagar,2024-08-06
4139,Vinod Ahuja,vinod.ahuja9763@yahoo.com,Mumbai,2024-06-30
4140,Asha Bhatt,asha.bhatt5641@yahoo.com,Thane,2022-01-13
4141,Divya Deshpande,divya.deshpande7069@ymail.com,Lucknow,2022-07-22
4142,Sandeep Trivedi,sandeep.trivedi9962@ymail.com,Madurai,2022-12-17
4143,Anjali Joshi,anjali.joshi8593@gmail.com,Navi Mumbai,2024-09-28
4144,Shiv Agarwal,shiv.agarwal5998@rediffmail.com,Pune,2024-06-07
4145,Aryan Tiwari,aryan.tiwari1837@rediffmail.com,Vasai-Virar,2023-03-10
4146,Pradeep Kapoor,pradeep.kapoor5445@rediffmail.com,Ranchi,2022-06-17
4147,Shruti Patel,shruti.patel5128@rediffmail.com,Solapur,2024-08-07
4148,Shailesh Mishra,shailesh.mishra2744@ymail.com,Kota,2022-07-12
4149,Madhav Nanda,madhav.nanda8467@gmail.com,Guwahati,2022-04-14
4150,Sneha Tiwari,sneha.tiwari5566@yahoo.com,Aurangabad,2024-12-31
4151,Sonal Varma,sonal.varma9894@yahoo.com,Chennai,2024-02-08
4152,Ritesh Choudhary,ritesh.choudhary8332@rediffmail.com,Aurangabad,2022-12-20
4153,Sunita Murthy,sunita.murthy4524@hotmail.com,Vadodara,2022-04-20
4154,Sanjeev Chauhan,sanjeev.chauhan8420@yahoo.com,Lucknow,2024-09-03
4155,Deepak Agarwal,deepak.agarwal885@yahoo.com,Ranchi,2023-03-14
4156,Rohan Gupta,rohan.gupta8793@yahoo.com,Vijayawada,2023-04-14
4157,Ayesha Saxena,ayesha.saxena2548@gmail.com,Visakhapatnam,2022-07-01
4158,Kabir Goyal,kabir.goyal7984@hotmail.com,Jodhpur,2023-03-09
4159,Shruti Chopra,shruti.chopra8600@ymail.com,Ahmedabad,2022-05-16
4160,Mihir Kapoor,mihir.kapoor9459@rediffmail.com,Guwahati,2023-02-06
4161,Shanti Agarwal,shanti.agarwal2074@ymail.com,Vijayawada,2022-01-27
4162,Ashok Arora,ashok.arora3406@gmail.com,Pimpri-Chinchwad,2022-11-02
4163,Heena Bose,heena.bose2150@yahoo.com,Guwahati,2024-06-17
4164,Om Joshi,om.joshi2084@ymail.com,Pune,2023-05-15
4165,Lokesh Shukla,lokesh.shukla3178@gmail.com,Bareilly,2022-09-25
4166,Paras Bhatt,paras.bhatt6848@hotmail.com,Hyderabad,2024-04-13
4167,Jatin Khanna,jatin.khanna3229@gmail.com,Raipur,2022-04-28
4168,Lakshmi Shukla,lakshmi.shukla9747@yahoo.com,Varanasi,2024-07-24
4169,Nikhil Joshi,nikhil.joshi6519@rediffmail.com,Pune,2023-04-05
4170,Ashok Tiwari,ashok.tiwari1164@ymail.com,Delhi,2022-11-28
4171,Reena Bhatt,reena.bhatt6812@ymail.com,Raipur,2022-06-01
4172,Nisha Iyer,nisha.iyer6196@rediffmail.com,Bengaluru,2022-11-22
4173,Ramesh Sinha,ramesh.sinha8699@yahoo.com,Ahmedabad,2022-03-01
4174,Jayesh Garg,jayesh.garg8868@hotmail.com,Chennai,2024-03-03
4175,Manish Das,manish.das2472@rediffmail.com,Kolkata,2023-02-20
4176,Ashish Kulkarni,ashish.kulkarni7977@gmail.com,Amritsar,2022-04-25
4177,Lata Khanna,lata.khanna9129@hotmail.com,Kalyan-Dombivali,2024-03-16
4178,Nikhil Srivastava,nikhil.srivastava665@outlook.com,Thane,2024-03-17
4179,Anand Choudhary,anand.choudhary1379@rediffmail.com,Amritsar,2024-03-17
4180,Lata Kapoor,lata.kapoor991@hotmail.com,Coimbatore,2023-08-11
4181,Sonu Srivastava,sonu.srivastava4174@hotmail.com,Jodhpur,2022-03-16
4182,Neeraj Kumar,neeraj.kumar6415@yahoo.com,Raipur,2023-09-20
4183,Ritesh Tiwari,ritesh.tiwari3090@ymail.com,Thane,2024-05-03
4184,Lakshmi Agarwal,lakshmi.agarwal4953@ymail.com,Jabalpur,2024-02-11
4185,Deepika Mehta,deepika.mehta3110@yahoo.com,Lucknow,2024-02-29
4186,Ayesha Kumar,ayesha.kumar1925@gmail.com,Patna,2022-10-28
4187,Jatin Dubey,jatin.dubey6733@ymail.com,Jaipur,2023-12-05
4188,Sanjay Nanda,sanjay.nanda5253@hotmail.com,Raipur,2022-11-06
4189,Arjun Shah,arjun.shah8433@rediffmail.com,Vijayawada,2022-03-22
4190,Pradeep Sinha,pradeep.sinha8078@rediffmail.com,Raipur,2022-07-20
4191,Shyam Pillai,shyam.pillai6678@yahoo.com,Vijayawada,2023-05-07
4192,Shiv Iyer,shiv.iyer1387@ymail.com,Jabalpur,2024-02-18
4193,Jayesh Dutta,jayesh.dutta3294@rediffmail.com,Agra,2023-05-06
4194,Vinod Chopra,vinod.chopra4616@outlook.com,Kanpur,2024-01-19
4195,Santosh Bansal,santosh.bansal5975@rediffmail.com,Bhopal,2023-04-06
4196,Isha Ghosh,isha.ghosh3315@gmail.com,Kota,2023-05-09
4197,Ankita Bhatt,ankita.bhatt5994@ymail.com,Navi Mumbai,2024-10-19
4198,Meena Ahuja,meena.ahuja6126@ymail.com,Pimpri-Chinchwad,2024-01-28
4199,Vikas Mehta,vikas.mehta6397@ymail.com,Howrah,2023-07-05
4200,Om Jha,om.jha7431@outlook.com,Coimbatore,2023-07-04
4201,Shiv Tiwari,shiv.tiwari5497@yahoo.com,Faridabad,2023-05-07
4202,Mukesh Kapoor,mukesh.kapoor9246@outlook.com,Pimpri-Chinchwad,2024-03-15
4203,Mahesh Banerjee,mahesh.banerjee9743@rediffmail.com,Meerut,2022-05-11
4204,Mukesh Dubey,mukesh.dubey4594@yahoo.com,Kolkata,2022-12-29
4205,Kunal Gupta,kunal.gupta6062@gmail.com,Allahabad,2022-01-17
4206,Ram Jha,ram.jha5020@rediffmail.com,Kolkata,2023-12-01
4207,Divya Srivastava,divya.srivastava6539@rediffmail.com,Surat,2023-10-24
4208,Sudhir Kapoor,sudhir.kapoor9433@outlook.com,Rajkot,2023-09-11
4209,Uma Malhotra,uma.malhotra2978@gmail.com,Bhopal,2022-01-28
4210,Nikhil Chakraborty,nikhil.chakraborty4525@yahoo.com,Bhopal,2024-01-24
4211,Sonu Shukla,sonu.shukla9643@gmail.com,Pimpri-Chinchwad,2023-01-07
4212,Mahesh Chawla,mahesh.chawla4685@gmail.com,Madurai,2023-06-27
4213,Sanjay Naik,sanjay.naik9561@yahoo.com,Bhopal,2022-11-19
4214,Mihir Verma,mihir.verma1907@hotmail.com,Bareilly,2023-10-11
4215,Vinod Iyer,vinod.iyer3498@ymail.com,Hyderabad,2024-07-16
4216,Rakesh Kulkarni,rakesh.kulkarni3605@ymail.com,Bareilly,2024-07-26
4217,Heena Chauhan,heena.chauhan297@gmail.com,Allahabad,2022-09-07
4218,Om Nair,om.nair5838@yahoo.com,Surat,2022-09-04
4219,Ankit Kapoor,ankit.kapoor8995@outlook.com,Kolkata,2023-07-30
4220,Kiran Das,kiran.das3427@hotmail.com,Madurai,2023-07-27
4221,Shyam Sengupta,shyam.sengupta2888@outlook.com,Amritsar,2024-08-01
4222,Jayesh Goyal,jayesh.goyal8161@gmail.com,Ahmedabad,2024-10-15
4223,Gaurav Reddy,gaurav.reddy2681@ymail.com,Raipur,2022-02-21
4224,Shailesh Nair,shailesh.nair6733@hotmail.com,Solapur,2022-10-30
4225,Heena Sengupta,heena.sengupta7287@outlook.com,Varanasi,2022-09-28
4226,Ram Kumar,ram.kumar6559@ymail.com,Ludhiana,2024-04-12
4227,Gaurav Deshpande,gaurav.deshpande7669@gmail.com,Ahmedabad,2023-07-25
4228,Yogesh Bansal,yogesh.bansal765@ymail.com,Kota,2024-01-02
4229,Swati Choudhary,swati.choudhary7198@rediffmail.com,Chennai,2022-02-20
4230,Ritu Banerjee,ritu.banerjee6021@hotmail.com,Jodhpur,2024-11-29
4231,Sanjeev Arora,sanjeev.arora596@gmail.com,Surat,2024-09-17
4232,Varun Shah,varun.shah2920@ymail.com,Jaipur,2022-05-15
4233,Kedar Desai,kedar.desai5240@outlook.com,Madurai,2023-02-04
4234,Ashish Kumar,ashish.kumar434@rediffmail.com,Vadodara,2023-04-10
4235,Ram Sharma,ram.sharma2023@yahoo.com,Hubli,2024-03-26
4236,Pooja Varma,pooja.varma1423@outlook.com,Lucknow,2022-03-13
4237,Geeta Chawla,geeta.chawla3246@outlook.com,Gwalior,2023-12-10
4238,Lakshmi Shukla,lakshmi.shukla2526@rediffmail.com,Bareilly,2024-03-11
4239,Dev Chatterjee,dev.chatterjee439@rediffmail.com,Jodhpur,2023-01-17
4240,Ram Singh,ram.singh7941@yahoo.com,Nashik,2022-09-19
4241,Shiv Kapoor,shiv.kapoor5772@ymail.com,Raipur,2023-03-13
4242,Yogesh Garg,yogesh.garg2431@yahoo.com,Surat,2024-06-25
4243,Hemant Sharma,hemant.sharma3115@rediffmail.com,Jabalpur,2022-12-23
4244,Aarav Gupta,aarav.gupta5958@outlook.com,Kota,2023-03-31
4245,Sudhir Joshi,sudhir.joshi3695@yahoo.com,Thane,2024-05-16
4246,Mohan Bhatt,mohan.bhatt8312@hotmail.com,Bengaluru,2024-08-19
4247,Manish Bhatt,manish.bhatt803@rediffmail.com,Srinagar,2022-04-04
4248,Parul Desai,parul.desai6375@rediffmail.com,Dhanbad,2022-09-05
4249,Sonal Murthy,sonal.murthy2596@yahoo.com,Meerut,2022-03-21
4250,Arjun Agarwal,arjun.agarwal8051@gmail.com,Surat,2024-03-22
4251,Arjun Joshi,arjun.joshi9071@yahoo.com,Ranchi,2023-01-10
4252,Shikha Bhatt,shikha.bhatt8078@ymail.com,Vijayawada,2024-06-09
4253,Ritu Shukla,ritu.shukla4295@rediffmail.com,Visakhapatnam,2024-04-04
4254,Nitesh Deshpande,nitesh.deshpande5314@outlook.com,Hubli,2023-06-22
4255,Ashok Choudhary,ashok.choudhary3438@yahoo.com,Kota,2022-11-09
4256,Bhaskar Das,bhaskar.das8329@gmail.com,Vijayawada,2022-08-06
4257,Sneha Pathak,sneha.pathak4785@hotmail.com,Surat,2023-12-10
4258,Rajesh Saxena,rajesh.saxena9275@yahoo.com,Guwahati,2023-01-13
4259,Dev Singh,dev.singh5796@outlook.com,Hyderabad,2024-02-12
4260,Divya Verma,divya.verma5531@yahoo.com,Faridabad,2022-04-11
4261,Yash Kaur,yash.kaur3969@ymail.com,Chandigarh,2024-09-07
4262,Vikas Varma,vikas.varma4009@gmail.com,Jodhpur,2022-08-23
4263,Pradeep Bansal,pradeep.bansal4450@outlook.com,Raipur,2024-10-04
4264,Kabir Chauhan,kabir.chauhan3872@gmail.com,Dhanbad,2023-10-08
4265,Hemant Bose,hemant.bose9157@hotmail.com,Bareilly,2022-09-07
4266,Sanjay Nanda,sanjay.nanda5308@yahoo.com,Mumbai,2022-05-27
4267,Heena Tiwari,heena.tiwari6314@yahoo.com,Rajkot,2022-04-28
4268,Parul Trivedi,parul.trivedi4700@ymail.com,Rajkot,2023-04-15
4269,Ram Yadav,ram.yadav7759@ymail.com,Faridabad,2024-03-01
4270,Anjali Jain,anjali.jain4536@outlook.com,Bengaluru,2024-01-11
4271,Kiran Ghosh,kiran.ghosh9318@gmail.com,Kanpur,2022-05-18
4272,Lokesh Bhatt,lokesh.bhatt7015@ymail.com,Pimpri-Chinchwad,2022-05-28
4273,Ankita Pande,ankita.pande5607@hotmail.com,Vasai-Virar,2023-07-11
4274,Ajay Pande,ajay.pande1497@rediffmail.com,Chandigarh,2024-02-09
4275,Ravi Dubey,ravi.dubey9682@hotmail.com,Varanasi,2024-10-14
4276,Lalit Varma,lalit.varma3029@gmail.com,Aurangabad,2022-01-02
4277,Suresh Chopra,suresh.chopra298@hotmail.com,Lucknow,2024-06-09
4278,Deepak Saxena,deepak.saxena245@gmail.com,Gwalior,2024-10-13
4279,Arjun Chopra,arjun.chopra1472@yahoo.com,Vadodara,2022-05-31
4280,Geeta Pande,geeta.pande3992@ymail.com,Vasai-Virar,2024-04-06
4281,Nilesh Naik,nilesh.naik9283@ymail.com,Srinagar,2024-04-11
4282,Amit Pande,amit.pande8573@outlook.com,Indore,2022-06-01
4283,Deepika Kumar,deepika.kumar8038@outlook.com,Thane,2022-06-13
4284,Sunita Pathak,sunita.pathak3038@yahoo.com,Varanasi,2024-03-08
4285,Sapna Srivastava,sapna.srivastava464@outlook.com,Agra,2024-12-22
4286,Pradeep Pillai,pradeep.pillai7785@ymail.com,Allahabad,2024-05-10
4287,Lalit Garg,lalit.garg3408@ymail.com,Raipur,2023-09-25
4288,Geeta Chawla,geeta.chawla9874@gmail.com,Vijayawada,2024-02-22
4289,Krishna Iyer,krishna.iyer3087@gmail.com,Amritsar,2023-11-17
4290,Divya Dutta,divya.dutta2043@yahoo.com,Bengaluru,2022-11-21
4291,Ashish Patel,ashish.patel1135@hotmail.com,Delhi,2023-12-16
4292,Nitika Varma,nitika.varma6196@hotmail.com,Patna,2024-07-23
4293,Sunita Chatterjee,sunita.chatterjee4655@outlook.com,Mumbai,2022-04-13
4294,Aarav Chopra,aarav.chopra6896@rediffmail.com,Srinagar,2024-03-21
4295,Kedar Iyer,kedar.iyer8926@ymail.com,Hubli,2024-06-10
4296,Om Khanna,om.khanna4879@rediffmail.com,Varanasi,2024-07-10
4297,Ritu Iyer,ritu.iyer1459@outlook.com,Nagpur,2024-02-29
4298,Vinod Joshi,vinod.joshi6990@ymail.com,Bengaluru,2023-06-11
4299,Varun Jha,varun.jha542@gmail.com,Kalyan-Dombivali,2023-05-16
4300,Lalit Jain,lalit.jain3615@outlook.com,Nagpur,2022-03-19
4301,Ravi Sinha,ravi.sinha6327@hotmail.com,Howrah,2024-05-23
4302,Rohan Desai,rohan.desai7609@outlook.com,Kolkata,2022-08-14
4303,Vinay Rao,vinay.rao9265@ymail.com,Nashik,2022-10-09
4304,Rakesh Sharma,rakesh.sharma6229@yahoo.com,Ludhiana,2023-02-26
4305,Ananya Sharma,ananya.sharma6078@rediffmail.com,Srinagar,2022-01-17
4306,Dev Kapoor,dev.kapoor5731@gmail.com,Lucknow,2024-12-19
4307,Deepak Mehta,deepak.mehta6776@ymail.com,Indore,2024-05-23
4308,Kavita Garg,kavita.garg1284@hotmail.com,Gwalior,2023-08-17
4309,Zara Nair,zara.nair9169@rediffmail.com,Hubli,2023-11-18
4310,Rohan Khanna,rohan.khanna5713@hotmail.com,Kalyan-Dombivali,2024-06-09
4311,Isha Iyer,isha.iyer5414@hotmail.com,Patna,2023-03-30
4312,Kedar Shukla,kedar.shukla4218@gmail.com,Vadodara,2022-09-06
4313,Manish Pande,manish.pande9888@rediffmail.com,Bhopal,2023-05-12
4314,Tarun Shukla,tarun.shukla4235@hotmail.com,Coimbatore,2024-07-12
4315,Kajal Dutta,kajal.dutta9420@hotmail.com,Kalyan-Dombivali,2023-06-25
4316,Ajay Nair,ajay.nair9198@yahoo.com,Surat,2023-04-05
4317,Ananya Patel,ananya.patel5378@rediffmail.com,Kalyan-Dombivali,2022-09-20
4318,Ritesh Singh,ritesh.singh7816@ymail.com,Indore,2024-12-27
4319,Sandeep Tiwari,sandeep.tiwari8559@rediffmail.com,Pimpri-Chinchwad,2022-07-24
4320,Isha Das,isha.das1698@gmail.com,Hubli,2024-07-01
4321,Ashok Bansal,ashok.bansal2840@gmail.com,Aurangabad,2022-03-30
4322,Nitesh Jain,nitesh.jain4938@rediffmail.com,Nashik,2023-01-30
4323,Kajal Rao,kajal.rao6764@hotmail.com,Agra,2024-08-25
4324,Sunita Patel,sunita.patel2162@yahoo.com,Bengaluru,2023-05-16
4325,Aditya Arora,aditya.arora4945@hotmail.com,Howrah,2024-06-05
4326,Uma Iyer,uma.iyer6251@gmail.com,Surat,2023-04-03
4327,Rakesh Bansal,rakesh.bansal449@yahoo.com,Solapur,2023-12-30
4328,Aryan Chopra,aryan.chopra1881@yahoo.com,Chandigarh,2024-08-03
4329,Krishna Bose,krishna.bose6447@hotmail.com,Navi Mumbai,2024-03-13
4330,Gaurav Jha,gaurav.jha9542@hotmail.com,Vijayawada,2024-08-23
4331,Aarav Nanda,aarav.nanda7050@gmail.com,Howrah,2023-03-24
4332,Anjali Ghosh,anjali.ghosh5907@rediffmail.com,Vadodara,2023-01-23
4333,Jayesh Sharma,jayesh.sharma5362@outlook.com,Meerut,2023-03-30
4334,Ankit Bhatia,ankit.bhatia3651@rediffmail.com,Ranchi,2024-01-30
4335,Ananya Mukherjee,ananya.mukherjee3354@hotmail.com,Kanpur,2023-01-26
4336,Tarun Kulkarni,tarun.kulkarni2582@ymail.com,Solapur,2022-10-05
4337,Amit Bose,amit.bose4075@yahoo.com,Vadodara,2024-07-25
4338,Karan Desai,karan.desai4344@outlook.com,Indore,2022-08-09
4339,Ajay Iyer,ajay.iyer3801@ymail.com,Varanasi,2024-05-01
4340,Paras Sinha,paras.sinha6493@rediffmail.com,Delhi,2022-03-08
4341,Rahul Trivedi,rahul.trivedi5142@ymail.com,Guwahati,2022-10-16
4342,Rakesh Chakraborty,rakesh.chakraborty4598@outlook.com,Hubli,2022-04-13
4343,Chandra Mukherjee,chandra.mukherjee1470@ymail.com,Madurai,2024-09-24
4344,Neeraj Mukherjee,neeraj.mukherjee4687@gmail.com,Srinagar,2023-06-24
4345,Gaurav Arora,gaurav.arora4950@yahoo.com,Ludhiana,2022-04-30
4346,Chandra Dutta,chandra.dutta8792@hotmail.com,Hyderabad,2022-12-01
4347,Deepak Verma,deepak.verma9161@rediffmail.com,Pimpri-Chinchwad,2024-05-14
4348,Manish Jha,manish.jha2969@outlook.com,Hubli,2023-11-21
4349,Shruti Chakraborty,shruti.chakraborty2613@yahoo.com,Nagpur,2022-10-01
4350,Pavan Choudhary,pavan.choudhary3831@gmail.com,Jaipur,2022-02-03
4351,Ayesha Jha,ayesha.jha6575@rediffmail.com,Pune,2023-03-18
4352,Girish Mukherjee,girish.mukherjee164@yahoo.com,Delhi,2023-03-26
4353,Geeta Ghosh,geeta.ghosh6690@outlook.com,Varanasi,2022-05-19
4354,Shruti Sharma,shruti.sharma2013@ymail.com,Vasai-Virar,2024-07-23
4355,Lata Banerjee,lata.banerjee176@outlook.com,Vasai-Virar,2022-10-18
4356,Sonu Mishra,sonu.mishra9989@rediffmail.com,Nashik,2023-10-08
4357,Isha Sengupta,isha.sengupta929@yahoo.com,Pimpri-Chinchwad,2024-01-29
4358,Girish Bansal,girish.bansal1282@yahoo.com,Thane,2023-06-14
4359,Swati Modi,swati.modi2796@yahoo.com,Delhi,2023-03-20
4360,Jyoti Shukla,jyoti.shukla2160@gmail.com,Jaipur,2023-08-30
4361,Nikhil Bhatia,nikhil.bhatia9528@ymail.com,Bareilly,2022-02-03
4362,Ansh Mehta,ansh.mehta2672@yahoo.com,Madurai,2022-09-29
4363,Karan Bansal,karan.bansal6117@gmail.com,Varanasi,2024-04-27
4364,Zara Yadav,zara.yadav4243@ymail.com,Allahabad,2024-08-05
4365,Shruti Tiwari,shruti.tiwari1665@outlook.com,Jodhpur,2024-10-11
4366,Komal Verma,komal.verma4268@outlook.com,Pune,2023-01-10
4367,Ritu Ghosh,ritu.ghosh820@outlook.com,Faridabad,2023-04-11
4368,Pradeep Chakraborty,pradeep.chakraborty7221@yahoo.com,Raipur,2024-08-18
4369,Sachin Choudhary,sachin.choudhary5563@rediffmail.com,Chennai,2023-01-04
4370,Chandra Jain,chandra.jain9811@gmail.com,Coimbatore,2023-12-04
4371,Mahesh Khanna,mahesh.khanna8746@hotmail.com,Guwahati,2023-06-06
4372,Zara Murthy,zara.murthy2416@yahoo.com,Dhanbad,2023-05-26
4373,Sachin Deshpande,sachin.deshpande7396@rediffmail.com,Bareilly,2022-06-06
4374,Sunil Desai,sunil.desai1634@yahoo.com,Kolkata,2022-06-26
4375,Ananya Chawla,ananya.chawla8699@outlook.com,Amritsar,2022-03-27
4376,Ishaan Sharma,ishaan.sharma5680@ymail.com,Ranchi,2024-05-01
4377,Suresh Chatterjee,suresh.chatterjee820@ymail.com,Chennai,2024-07-19
4378,Varun Bansal,varun.bansal7942@hotmail.com,Kota,2022-03-15
4379,Sunita Rao,sunita.rao3696@rediffmail.com,Surat,2023-12-23
4380,Aryan Patel,aryan.patel4126@ymail.com,Nashik,2022-12-31
4381,Reena Jain,reena.jain1793@outlook.com,Pune,2022-12-20
4382,Dev Choudhary,dev.choudhary8065@outlook.com,Solapur,2023-06-06
4383,Isha Dutta,isha.dutta9136@outlook.com,Kanpur,2022-12-01
4384,Ajay Kapoor,ajay.kapoor4740@yahoo.com,Surat,2022-08-20
4385,Madhav Desai,madhav.desai6175@ymail.com,Ludhiana,2023-06-18
4386,Ravi Mukherjee,ravi.mukherjee6267@yahoo.com,Nagpur,2022-01-04
4387,Shailesh Naik,shailesh.naik3204@yahoo.com,Patna,2023-08-26
4388,Kavita Malhotra,kavita.malhotra304@hotmail.com,Amritsar,2024-11-28
4389,Om Murthy,om.murthy9818@rediffmail.com,Agra,2022-01-25
4390,Jyoti Mehta,jyoti.mehta341@yahoo.com,Mumbai,2024-02-06
4391,Rohan Shah,rohan.shah6186@rediffmail.com,Raipur,2023-12-17
4392,Ankita Pillai,ankita.pillai5132@yahoo.com,Raipur,2024-07-06
4393,Om Ghosh,om.ghosh2977@outlook.com,Vasai-Virar,2023-03-05
4394,Deepak Mukherjee,deepak.mukherjee9794@ymail.com,Ludhiana,2024-04-28
4395,Hemant Goyal,hemant.goyal3031@outlook.com,Dhanbad,2024-08-29
4396,Kiran Trivedi,kiran.trivedi2794@yahoo.com,Nashik,2022-11-11
4397,Ajay Kulkarni,ajay.kulkarni1320@outlook.com,Nashik,2022-06-21
4398,Bhaskar Varma,bhaskar.varma9906@yahoo.com,Delhi,2024-01-26
4399,Ram Singh,ram.singh2584@yahoo.com,Coimbatore,2023-08-09
4400,Asha Bhatia,asha.bhatia5286@outlook.com,Indore,2022-03-28
4401,Chandra Patel,chandra.patel5206@hotmail.com,Hubli,2024-04-03
4402,Hemant Kumar,hemant.kumar4004@outlook.com,Madurai,2022-11-12
4403,Sandeep Kulkarni,sandeep.kulkarni2824@rediffmail.com,Chandigarh,2023-08-31
4404,Santosh Srivastava,santosh.srivastava2948@gmail.com,Vasai-Virar,2024-02-12
4405,Ankita Jha,ankita.jha4247@rediffmail.com,Amritsar,2022-02-25
4406,Sandeep Saxena,sandeep.saxena9032@hotmail.com,Pune,2023-02-03
4407,Girish Singh,girish.singh1753@yahoo.com,Jodhpur,2022-03-24
4408,Amitabh Goyal,amitabh.goyal9403@rediffmail.com,Thane,2022-11-18
4409,Anjali Verma,anjali.verma1372@yahoo.com,Surat,2022-07-13
4410,Tarun Desai,tarun.desai1250@hotmail.com,Solapur,2023-08-30
4411,Parul Saxena,parul.saxena1846@ymail.com,Faridabad,2022-11-11
4412,Vikram Kumar,vikram.kumar8904@outlook.com,Allahabad,2024-10-19
4413,Meena Iyer,meena.iyer139@gmail.com,Hubli,2022-08-13
4414,Pooja Jain,pooja.jain4295@rediffmail.com,Allahabad,2022-04-30
4415,Mahesh Iyer,mahesh.iyer5007@yahoo.com,Raipur,2022-01-02
4416,Amitabh Trivedi,amitabh.trivedi6362@yahoo.com,Howrah,2024-10-26
4417,Zara Banerjee,zara.banerjee8157@outlook.com,Vijayawada,2024-12-10
4418,Nitesh Garg,nitesh.garg5140@rediffmail.com,Ludhiana,2024-03-05
4419,Sahil Khanna,sahil.khanna4617@outlook.com,Solapur,2023-09-29
4420,Sonu Sinha,sonu.sinha1946@rediffmail.com,Vasai-Virar,2022-09-22
4421,Harish Gupta,harish.gupta2954@gmail.com,Gwalior,2022-10-16
4422,Shilpa Banerjee,shilpa.banerjee7146@yahoo.com,Kanpur,2022-06-03
4423,Gaurav Desai,gaurav.desai281@hotmail.com,Kota,2022-05-11
4424,Amitabh Gupta,amitabh.gupta2673@rediffmail.com,Visakhapatnam,2024-12-25
4425,Harish Trivedi,harish.trivedi1848@hotmail.com,Chandigarh,2024-09-21
4426,Parul Chatterjee,parul.chatterjee9312@ymail.com,Ahmedabad,2022-07-04
4427,Nisha Chakraborty,nisha.chakraborty7316@yahoo.com,Hubli,2024-04-12
4428,Ravi Pillai,ravi.pillai9734@rediffmail.com,Pimpri-Chinchwad,2024-12-14
4429,Arjun Reddy,arjun.reddy2636@rediffmail.com,Kota,2023-02-12
4430,Asha Sinha,asha.sinha9004@gmail.com,Hyderabad,2023-03-26
4431,Vinay Kumar,vinay.kumar6919@outlook.com,Delhi,2022-12-11
4432,Shikha Agarwal,shikha.agarwal1023@gmail.com,Nashik,2023-02-07
4433,Simran Das,simran.das8835@hotmail.com,Nagpur,2024-03-22
4434,Gaurav Chakraborty,gaurav.chakraborty1579@gmail.com,Ludhiana,2022-04-06
4435,Komal Varma,komal.varma2941@hotmail.com,Bhopal,2024-12-20
4436,Yash Garg,yash.garg9009@ymail.com,Mumbai,2023-12-29
4437,Rahul Sharma,rahul.sharma2652@outlook.com,Gwalior,2022-12-17
4438,Sanjeev Tiwari,sanjeev.tiwari9250@rediffmail.com,Hyderabad,2022-05-03
4439,Neha Khanna,neha.khanna8749@ymail.com,Vasai-Virar,2022-12-02
4440,Tanvi Mehta,tanvi.mehta7146@yahoo.com,Thane,2022-12-30
4441,Uma Nanda,uma.nanda3389@rediffmail.com,Gwalior,2024-02-29
4442,Sapna Trivedi,sapna.trivedi3340@yahoo.com,Aurangabad,2024-04-14
4443,Yash Sinha,yash.sinha1365@rediffmail.com,Agra,2022-08-22
4444,Vinod Rao,vinod.rao8886@outlook.com,Kanpur,2024-03-25
4445,Nikhil Chauhan,nikhil.chauhan4061@outlook.com,Ranchi,2023-09-17
4446,Sonu Chauhan,sonu.chauhan14@gmail.com,Nagpur,2022-11-14
4447,Sanjeev Murthy,sanjeev.murthy2570@yahoo.com,Thane,2022-11-09
4448,Arjun Shah,arjun.shah8857@rediffmail.com,Chandigarh,2023-04-04
4449,Lakshmi Sengupta,lakshmi.sengupta3062@outlook.com,Solapur,2022-05-10
4450,Pooja Mishra,pooja.mishra5331@ymail.com,Hubli,2022-02-10
4451,Meena Sengupta,meena.sengupta7902@outlook.com,Meerut,2022-07-14
4452,Sanjay Arora,sanjay.arora6923@ymail.com,Chandigarh,2024-01-29
4453,Tanvi Patel,tanvi.patel2737@gmail.com,Vijayawada,2024-12-06
4454,Arjun Bose,arjun.bose4365@yahoo.com,Bareilly,2022-06-03
4455,Rohini Chopra,rohini.chopra7653@rediffmail.com,Varanasi,2024-04-19
4456,Asha Mehta,asha.mehta8244@ymail.com,Ahmedabad,2023-12-23
4457,Ravi Kulkarni,ravi.kulkarni9496@rediffmail.com,Jodhpur,2023-05-21
4458,Priya Sharma,priya.sharma4898@hotmail.com,Madurai,2024-10-15
4459,Dev Sinha,dev.sinha273@ymail.com,Chandigarh,2022-11-05
4460,Shanti Khanna,shanti.khanna6175@hotmail.com,Kota,2024-03-28
4461,Pradeep Kaur,pradeep.kaur2799@rediffmail.com,Nashik,2022-07-12
4462,Ayesha Jain,ayesha.jain7344@yahoo.com,Vadodara,2024-11-04
4463,Ravi Pande,ravi.pande2663@hotmail.com,Ludhiana,2023-04-03
4464,Ritesh Goyal,ritesh.goyal7130@ymail.com,Vijayawada,2022-01-19
4465,Sonal Malhotra,sonal.malhotra4881@yahoo.com,Coimbatore,2022-02-16
4466,Neeraj Goyal,neeraj.goyal7786@yahoo.com,Hubli,2024-04-23
4467,Mohan Patel,mohan.patel4990@gmail.com,Hubli,2024-06-15
4468,Ram Pillai,ram.pillai6494@outlook.com,Delhi,2022-01-08
4469,Rahul Trivedi,rahul.trivedi9754@outlook.com,Vadodara,2024-10-16
4470,Jatin Nanda,jatin.nanda5767@ymail.com,Gwalior,2023-08-06
4471,Meena Goyal,meena.goyal1234@rediffmail.com,Nagpur,2024-10-29
4472,Uma Iyer,uma.iyer1844@outlook.com,Srinagar,2023-05-12
4473,Kajal Yadav,kajal.yadav7510@rediffmail.com,Vijayawada,2023-12-05
4474,Girish Khanna,girish.khanna9528@rediffmail.com,Allahabad,2022-08-07
4475,Madhav Gupta,madhav.gupta9573@rediffmail.com,Delhi,2023-06-28
4476,Karan Jain,karan.jain162@rediffmail.com,Lucknow,2024-11-20
4477,Suresh Khanna,suresh.khanna163@hotmail.com,Lucknow,2022-08-31
4478,Tarun Mukherjee,tarun.mukherjee515@yahoo.com,Rajkot,2022-10-13
4479,Nikhil Arora,nikhil.arora6500@outlook.com,Patna,2022-05-06
4480,Ajay Yadav,ajay.yadav8919@yahoo.com,Pimpri-Chinchwad,2024-12-30
4481,Tarun Ghosh,tarun.ghosh5875@rediffmail.com,Pune,2023-03-30
4482,Aarav Nanda,aarav.nanda8842@rediffmail.com,Ranchi,2023-01-25
4483,Vikram Saxena,vikram.saxena675@hotmail.com,Aurangabad,2023-09-17
4484,Santosh Verma,santosh.verma8862@rediffmail.com,Bhopal,2024-08-28
4485,Jayesh Yadav,jayesh.yadav1737@rediffmail.com,Nashik,2024-05-01
4486,Vikas Garg,vikas.garg239@yahoo.com,Varanasi,2024-01-29
4487,Zara Agarwal,zara.agarwal775@gmail.com,Indore,2022-04-05
4488,Sapna Joshi,sapna.joshi6396@ymail.com,Rajkot,2022-07-28
4489,Ravi Mukherjee,ravi.mukherjee9773@hotmail.com,Jodhpur,2023-02-21
4490,Ajay Chatterjee,ajay.chatterjee5857@outlook.com,Patna,2022-07-18
4491,Rajesh Ghosh,rajesh.ghosh9263@yahoo.com,Varanasi,2023-08-26
4492,Mukesh Malhotra,mukesh.malhotra9331@gmail.com,Amritsar,2024-09-09
4493,Yogesh Singh,yogesh.singh320@ymail.com,Ahmedabad,2024-12-23
4494,Nisha Das,nisha.das6791@ymail.com,Bengaluru,2022-03-05
4495,Asha Rao,asha.rao3344@outlook.com,Faridabad,2022-09-09
4496,Ananya Dutta,ananya.dutta4447@hotmail.com,Vadodara,2023-06-01
4497,Ashok Pathak,ashok.pathak9754@gmail.com,Rajkot,2024-09-18
4498,Kabir Saxena,kabir.saxena5619@outlook.com,Ranchi,2024-03-31
4499,Swati Chatterjee,swati.chatterjee6132@yahoo.com,Vadodara,2022-03-21
4500,Madhav Choudhary,madhav.choudhary2066@gmail.com,Ludhiana,2023-12-06
4501,Rohan Pathak,rohan.pathak7147@outlook.com,Jaipur,2023-10-08
4502,Anand Kumar,anand.kumar2921@yahoo.com,Kanpur,2022-09-13
4503,Ritesh Agarwal,ritesh.agarwal5436@yahoo.com,Indore,2023-08-27
4504,Neeraj Trivedi,neeraj.trivedi482@hotmail.com,Dhanbad,2023-09-22
4505,Nitesh Sengupta,nitesh.sengupta6371@hotmail.com,Allahabad,2023-08-14
4506,Seema Trivedi,seema.trivedi5336@hotmail.com,Jabalpur,2023-04-02
4507,Reena Kumar,reena.kumar5346@yahoo.com,Pune,2023-04-20
4508,Pradeep Dutta,pradeep.dutta5121@gmail.com,Dhanbad,2022-06-17
4509,Ayesha Gupta,ayesha.gupta5457@ymail.com,Nashik,2023-03-23
4510,Aryan Das,aryan.das9764@gmail.com,Mumbai,2023-05-26
4511,Manish Chopra,manish.chopra3029@gmail.com,Chennai,2024-08-25
4512,Ishaan Banerjee,ishaan.banerjee2346@ymail.com,Srinagar,2024-10-10
4513,Deepak Kumar,deepak.kumar4436@rediffmail.com,Jodhpur,2023-05-20
4514,Rohini Joshi,rohini.joshi9105@hotmail.com,Guwahati,2023-10-20
4515,Rahul Jain,rahul.jain2802@yahoo.com,Coimbatore,2023-09-18
4516,Deepika Shah,deepika.shah5674@yahoo.com,Guwahati,2023-10-03
4517,Arjun Khanna,arjun.khanna1895@rediffmail.com,Ludhiana,2024-09-28
4518,Lokesh Pillai,lokesh.pillai1377@outlook.com,Chennai,2022-04-23
4519,Kunal Chatterjee,kunal.chatterjee856@rediffmail.com,Vijayawada,2022-04-07
4520,Lata Iyer,lata.iyer9819@gmail.com,Visakhapatnam,2024-07-06
4521,Nikhil Iyer,nikhil.iyer4412@outlook.com,Thane,2024-01-20
4522,Sahil Dubey,sahil.dubey5843@yahoo.com,Vadodara,2024-06-16
4523,Vikram Nair,vikram.nair4847@gmail.com,Srinagar,2022-09-01
4524,Lalit Patel,lalit.patel4920@ymail.com,Howrah,2024-07-29
4525,Geeta Ghosh,geeta.ghosh4742@rediffmail.com,Indore,2022-03-17
4526,Krishna Dutta,krishna.dutta8001@rediffmail.com,Allahabad,2022-03-04
4527,Heena Deshpande,heena.deshpande2045@rediffmail.com,Indore,2024-05-12
4528,Ankit Chakraborty,ankit.chakraborty1125@ymail.com,Nagpur,2023-05-06
4529,Tanvi Reddy,tanvi.reddy8539@rediffmail.com,Kanpur,2024-05-24
4530,Anand Arora,anand.arora8405@outlook.com,Amritsar,2024-12-31
4531,Vinod Desai,vinod.desai9123@gmail.com,Nashik,2022-12-23
4532,Nitesh Naik,nitesh.naik7786@yahoo.com,Mumbai,2023-08-08
4533,Tanvi Nanda,tanvi.nanda7124@yahoo.com,Ludhiana,2022-05-09
4534,Kiran Desai,kiran.desai2003@outlook.com,Kota,2023-09-19
4535,Megha Jain,megha.jain3485@hotmail.com,Chandigarh,2023-04-09
4536,Nitesh Varma,nitesh.varma8387@gmail.com,Pune,2024-11-14
4537,Rakesh Chakraborty,rakesh.chakraborty1760@hotmail.com,Vasai-Virar,2024-09-06
4538,Gaurav Gupta,gaurav.gupta4575@outlook.com,Dhanbad,2022-06-29
4539,Shyam Mishra,shyam.mishra7254@ymail.com,Meerut,2022-11-29
4540,Ravi Varma,ravi.varma6513@rediffmail.com,Chennai,2023-09-28
4541,Heena Dubey,heena.dubey6489@yahoo.com,Coimbatore,2023-06-11
4542,Vinod Kaur,vinod.kaur7046@hotmail.com,Agra,2022-04-18
4543,Rohan Patel,rohan.patel9423@rediffmail.com,Delhi,2022-03-17
4544,Asha Bansal,asha.bansal8721@rediffmail.com,Ranchi,2023-11-28
4545,Nitesh Dutta,nitesh.dutta9461@gmail.com,Allahabad,2023-04-25
4546,Tarun Banerjee,tarun.banerjee5577@yahoo.com,Pune,2022-06-24
4547,Priya Pathak,priya.pathak6711@ymail.com,Navi Mumbai,2023-08-18
4548,Yash Gupta,yash.gupta2789@ymail.com,Patna,2024-03-09
4549,Kabir Sinha,kabir.sinha8432@rediffmail.com,Vadodara,2024-07-26
4550,Ramesh Kapoor,ramesh.kapoor7177@yahoo.com,Ranchi,2024-01-30
4551,Tanvi Tiwari,tanvi.tiwari8033@hotmail.com,Vijayawada,2023-12-15
4552,Sneha Nair,sneha.nair2072@rediffmail.com,Solapur,2022-08-16
4553,Uday Patel,uday.patel842@yahoo.com,Surat,2022-05-27
4554,Neeraj Sinha,neeraj.sinha9566@outlook.com,Chandigarh,2022-06-01
4555,Swati Chopra,swati.chopra4903@rediffmail.com,Allahabad,2023-01-20
4556,Sahil Pathak,sahil.pathak7404@gmail.com,Srinagar,2022-01-30
4557,Ritu Jha,ritu.jha9513@rediffmail.com,Vadodara,2023-06-22
4558,Ritu Jha,ritu.jha1621@hotmail.com,Indore,2024-05-21
4559,Om Srivastava,om.srivastava2620@rediffmail.com,Rajkot,2024-12-07
4560,Aryan Bhatt,aryan.bhatt2986@ymail.com,Indore,2022-03-02
4561,Girish Nair,girish.nair8238@hotmail.com,Hubli,2024-06-08
4562,Uma Naik,uma.naik1870@gmail.com,Howrah,2023-05-19
4563,Rohan Modi,rohan.modi8828@gmail.com,Pimpri-Chinchwad,2023-11-21
4564,Ram Agarwal,ram.agarwal372@ymail.com,Gwalior,2022-12-08
4565,Tarun Chauhan,tarun.chauhan7296@outlook.com,Howrah,2022-04-07
4566,Lokesh Jain,lokesh.jain2422@rediffmail.com,Vasai-Virar,2024-05-16
4567,Ramesh Dubey,ramesh.dubey3622@hotmail.com,Kolkata,2023-10-04
4568,Simran Murthy,simran.murthy8823@gmail.com,Hubli,2024-08-09
4569,Simran Agarwal,simran.agarwal5217@yahoo.com,Jaipur,2024-03-19
4570,Ajay Sinha,ajay.sinha1992@gmail.com,Howrah,2023-05-09
4571,Sudhir Patel,sudhir.patel1308@gmail.com,Bhopal,2024-12-26
4572,Ashok Bose,ashok.bose9397@outlook.com,Vadodara,2022-10-03
4573,Sandeep Chakraborty,sandeep.chakraborty5164@hotmail.com,Ahmedabad,2023-05-14
4574,Shiv Kumar,shiv.kumar693@rediffmail.com,Hyderabad,2024-12-23
4575,Komal Verma,komal.verma8766@gmail.com,Amritsar,2022-09-09
4576,Amitabh Gupta,amitabh.gupta5370@gmail.com,Jaipur,2023-09-06
4577,Harish Shukla,harish.shukla7554@yahoo.com,Rajkot,2022-05-23
4578,Yash Jha,yash.jha8699@outlook.com,Indore,2024-02-16
4579,Sneha Khanna,sneha.khanna2292@outlook.com,Kolkata,2023-03-21
4580,Shailesh Joshi,shailesh.joshi8351@ymail.com,Jabalpur,2024-04-01
4581,Rakesh Garg,rakesh.garg3425@hotmail.com,Bhopal,2022-05-04
4582,Shikha Agarwal,shikha.agarwal5471@rediffmail.com,Ludhiana,2024-05-31
4583,Ansh Kapoor,ansh.kapoor4783@outlook.com,Madurai,2023-05-20
4584,Ansh Reddy,ansh.reddy5478@outlook.com,Meerut,2023-05-06
4585,Ramesh Modi,ramesh.modi9308@yahoo.com,Nashik,2023-12-12
4586,Sunil Mukherjee,sunil.mukherjee1896@gmail.com,Meerut,2023-08-18
4587,Isha Khanna,isha.khanna698@ymail.com,Jaipur,2024-11-06
4588,Yogesh Garg,yogesh.garg7726@outlook.com,Kanpur,2024-07-24
4589,Akash Bose,akash.bose2596@rediffmail.com,Jabalpur,2024-05-13
4590,Sonali Reddy,sonali.reddy6197@outlook.com,Mumbai,2023-12-04
4591,Zara Garg,zara.garg4834@yahoo.com,Navi Mumbai,2022-06-18
4592,Madhav Varma,madhav.varma4177@hotmail.com,Chennai,2024-04-24
4593,Ankita Arora,ankita.arora1718@rediffmail.com,Kota,2024-08-03
4594,Komal Rao,komal.rao3355@hotmail.com,Allahabad,2023-09-06
4595,Megha Yadav,megha.yadav4352@gmail.com,Faridabad,2022-09-12
4596,Amit Deshpande,amit.deshpande9179@rediffmail.com,Mumbai,2022-10-05
4597,Nitika Dubey,nitika.dubey136@hotmail.com,Surat,2024-09-23
4598,Mihir Dubey,mihir.dubey6918@yahoo.com,Amritsar,2022-07-29
4599,Jayesh Rao,jayesh.rao4247@ymail.com,Pimpri-Chinchwad,2024-07-17
4600,Asha Nair,asha.nair9487@yahoo.com,Coimbatore,2023-10-12
4601,Sunil Dubey,sunil.dubey355@rediffmail.com,Kalyan-Dombivali,2022-04-02
4602,Mihir Modi,mihir.modi6589@hotmail.com,Kota,2022-01-08
4603,Rakesh Desai,rakesh.desai2837@rediffmail.com,Allahabad,2023-07-24
4604,Rohan Murthy,rohan.murthy7444@hotmail.com,Ludhiana,2023-12-20
4605,Asha Bose,asha.bose3886@hotmail.com,Allahabad,2024-07-18
4606,Ayesha Bose,ayesha.bose8044@gmail.com,Srinagar,2023-06-29
4607,Vinod Deshpande,vinod.deshpande349@ymail.com,Vasai-Virar,2022-09-03
4608,Sudhir Chauhan,sudhir.chauhan6288@hotmail.com,Bareilly,2022-03-13
4609,Geeta Iyer,geeta.iyer3413@rediffmail.com,Amritsar,2024-12-06
4610,Yash Bhatia,yash.bhatia8311@outlook.com,Indore,2024-08-20
4611,Neeraj Reddy,neeraj.reddy5885@rediffmail.com,Thane,2023-04-25
4612,Harish Khanna,harish.khanna4653@outlook.com,Varanasi,2022-01-29
4613,Tarun Ghosh,tarun.ghosh1545@yahoo.com,Guwahati,2022-01-18
4614,Ritesh Agarwal,ritesh.agarwal1847@hotmail.com,Nagpur,2024-11-15
4615,Tanvi Rao,tanvi.rao6868@gmail.com,Kanpur,2022-09-19
4616,Manish Chopra,manish.chopra5713@hotmail.com,Lucknow,2022-03-22
4617,Ritu Ghosh,ritu.ghosh1112@ymail.com,Lucknow,2023-04-22
4618,Vivek Bhatt,vivek.bhatt571@ymail.com,Jodhpur,2023-12-31
4619,Neha Mehta,neha.mehta2195@gmail.com,Pimpri-Chinchwad,2023-07-27
4620,Anjali Ahuja,anjali.ahuja928@ymail.com,Kota,2024-10-10
4621,Shailesh Patel,shailesh.patel4459@gmail.com,Howrah,2023-03-17
4622,Deepak Goyal,deepak.goyal6083@yahoo.com,Ranchi,2022-06-04
4623,Anil Pillai,anil.pillai7909@ymail.com,Gwalior,2023-09-26
4624,Arjun Rao,arjun.rao2367@yahoo.com,Hubli,2023-07-22
4625,Priya Mehta,priya.mehta462@rediffmail.com,Chandigarh,2024-08-30
4626,Chandra Sinha,chandra.sinha6387@hotmail.com,Howrah,2024-04-13
4627,Girish Desai,girish.desai2908@hotmail.com,Kolkata,2024-10-12
4628,Uday Iyer,uday.iyer2362@yahoo.com,Patna,2022-01-29
4629,Jayesh Yadav,jayesh.yadav3506@yahoo.com,Kalyan-Dombivali,2022-07-24
4630,Aryan Naik,aryan.naik846@gmail.com,Nagpur,2023-09-18
4631,Madhav Nair,madhav.nair7072@gmail.com,Kota,2024-02-21
4632,Harish Bansal,harish.bansal7781@gmail.com,Surat,2024-03-28
4633,Neha Sharma,neha.sharma2783@gmail.com,Surat,2022-03-13
4634,Amit Pathak,amit.pathak5493@yahoo.com,Rajkot,2024-04-28
4635,Shiv Chopra,shiv.chopra1149@rediffmail.com,Faridabad,2023-02-07
4636,Megha Naik,megha.naik9559@gmail.com,Mumbai,2023-11-26
4637,Nilesh Mishra,nilesh.mishra9911@hotmail.com,Delhi,2022-05-03
4638,Arjun Modi,arjun.modi3988@yahoo.com,Agra,2022-01-26
4639,Akash Varma,akash.varma7560@yahoo.com,Gwalior,2024-08-03
4640,Ansh Deshpande,ansh.deshpande568@ymail.com,Varanasi,2022-12-18
4641,Deepak Bhatt,deepak.bhatt1789@yahoo.com,Allahabad,2024-02-19
4642,Rakesh Arora,rakesh.arora8345@outlook.com,Chennai,2024-03-09
4643,Om Choudhary,om.choudhary3042@gmail.com,Delhi,2023-06-04
4644,Kiran Chakraborty,kiran.chakraborty4577@ymail.com,Kalyan-Dombivali,2022-08-18
4645,Om Chawla,om.chawla9331@yahoo.com,Ranchi,2022-05-21
4646,Nisha Yadav,nisha.yadav104@outlook.com,Visakhapatnam,2023-09-20
4647,Isha Kulkarni,isha.kulkarni882@yahoo.com,Thane,2023-09-10
4648,Karan Bose,karan.bose2159@yahoo.com,Faridabad,2022-10-23
4649,Ansh Reddy,ansh.reddy6510@gmail.com,Surat,2023-12-03
4650,Divya Dubey,divya.dubey9630@hotmail.com,Hubli,2022-06-18
4651,Bhaskar Singh,bhaskar.singh279@rediffmail.com,Pimpri-Chinchwad,2023-09-17
4652,Shyam Verma,shyam.verma7309@outlook.com,Kanpur,2024-02-09
4653,Rohan Ahuja,rohan.ahuja3412@ymail.com,Kanpur,2024-05-11
4654,Sandeep Rao,sandeep.rao5786@hotmail.com,Pune,2023-04-06
4655,Ritu Chopra,ritu.chopra7706@outlook.com,Kolkata,2024-08-11
4656,Ritesh Verma,ritesh.verma4917@ymail.com,Ranchi,2022-02-19
4657,Sapna Chopra,sapna.chopra4430@hotmail.com,Kota,2024-01-06
4658,Ramesh Naik,ramesh.naik5747@gmail.com,Meerut,2022-03-17
4659,Ashok Chauhan,ashok.chauhan1742@rediffmail.com,Madurai,2022-08-15
4660,Kiran Banerjee,kiran.banerjee8799@rediffmail.com,Kolkata,2022-12-16
4661,Suresh Kumar,suresh.kumar8856@outlook.com,Hubli,2023-08-08
4662,Shruti Pathak,shruti.pathak8780@outlook.com,Visakhapatnam,2024-09-07
4663,Rajesh Kumar,rajesh.kumar8417@ymail.com,Kalyan-Dombivali,2022-09-17
4664,Harish Mehta,harish.mehta6216@gmail.com,Mumbai,2024-10-21
4665,Pooja Goyal,pooja.goyal5112@outlook.com,Visakhapatnam,2022-02-18
4666,Parul Sinha,parul.sinha3781@outlook.com,Madurai,2022-07-01
4667,Rakesh Chawla,rakesh.chawla9370@gmail.com,Dhanbad,2023-08-21
4668,Rohini Bose,rohini.bose9294@yahoo.com,Kolkata,2024-06-14
4669,Kavita Arora,kavita.arora825@outlook.com,Howrah,2024-12-19
4670,Anand Verma,anand.verma3304@outlook.com,Jabalpur,2022-09-19
4671,Tarun Deshpande,tarun.deshpande5342@yahoo.com,Pimpri-Chinchwad,2023-07-05
4672,Parul Kumar,parul.kumar4431@outlook.com,Bengaluru,2024-10-29
4673,Deepak Chawla,deepak.chawla3671@rediffmail.com,Navi Mumbai,2024-04-20
4674,Kiran Goyal,kiran.goyal7073@yahoo.com,Surat,2022-01-20
4675,Deepika Bhatia,deepika.bhatia2728@yahoo.com,Solapur,2024-10-03
4676,Seema Sinha,seema.sinha2432@gmail.com,Nashik,2023-11-05
4677,Aarav Mukherjee,aarav.mukherjee3411@yahoo.com,Mumbai,2022-05-05
4678,Ajay Ahuja,ajay.ahuja8988@rediffmail.com,Meerut,2023-05-25
4679,Sunil Gupta,sunil.gupta6608@outlook.com,Bhopal,2022-08-16
4680,Rohan Agarwal,rohan.agarwal56@rediffmail.com,Navi Mumbai,2022-07-04
4681,Ashish Ghosh,ashish.ghosh1952@outlook.com,Mumbai,2022-02-17
4682,Ramesh Bose,ramesh.bose1513@outlook.com,Howrah,2022-11-08
4683,Tanvi Garg,tanvi.garg2276@ymail.com,Dhanbad,2023-02-17
4684,Anand Mehta,anand.mehta9536@ymail.com,Allahabad,2024-07-30
4685,Shyam Shukla,shyam.shukla733@outlook.com,Mumbai,2023-11-21
4686,Kavita Naik,kavita.naik1347@rediffmail.com,Vasai-Virar,2024-09-10
4687,Jayesh Kaur,jayesh.kaur4014@gmail.com,Hyderabad,2022-02-17
4688,Zara Pathak,zara.pathak9659@rediffmail.com,Pimpri-Chinchwad,2023-03-25
4689,Isha Kumar,isha.kumar1946@gmail.com,Chandigarh,2023-05-16
4690,Neha Bhatt,neha.bhatt1575@rediffmail.com,Kolkata,2023-10-14
4691,Ansh Saxena,ansh.saxena9899@rediffmail.com,Jodhpur,2024-01-27
4692,Shailesh Ghosh,shailesh.ghosh5403@rediffmail.com,Surat,2023-09-25
4693,Chandra Ahuja,chandra.ahuja3099@ymail.com,Visakhapatnam,2022-01-25
4694,Anjali Kapoor,anjali.kapoor3334@hotmail.com,Hubli,2023-05-05
4695,Kabir Kulkarni,kabir.kulkarni6736@gmail.com,Varanasi,2023-10-21
4696,Madhav Pande,madhav.pande9949@rediffmail.com,Visakhapatnam,2023-08-04
4697,Ramesh Mukherjee,ramesh.mukherjee4479@outlook.com,Vasai-Virar,2024-06-23
4698,Bhaskar Shukla,bhaskar.shukla880@gmail.com,Hyderabad,2022-10-10
4699,Jyoti Mukherjee,jyoti.mukherjee263@yahoo.com,Guwahati,2022-07-07
4700,Shailesh Murthy,shailesh.murthy2494@yahoo.com,Jodhpur,2023-04-01
4701,Parul Malhotra,parul.malhotra9773@hotmail.com,Mumbai,2022-11-02
4702,Vivek Khanna,vivek.khanna2306@gmail.com,Navi Mumbai,2023-12-11
4703,Paras Mukherjee,paras.mukherjee1148@outlook.com,Visakhapatnam,2023-10-28
4704,Yash Chopra,yash.chopra7661@yahoo.com,Nashik,2023-01-30
4705,Megha Iyer,megha.iyer2618@yahoo.com,Nashik,2024-07-19
4706,Ajay Agarwal,ajay.agarwal4828@gmail.com,Lucknow,2022-07-13
4707,Sonali Nanda,sonali.nanda2286@rediffmail.com,Kota,2023-11-11
4708,Aryan Nanda,aryan.nanda1904@ymail.com,Kalyan-Dombivali,2022-05-23
4709,Sachin Desai,sachin.desai5364@hotmail.com,Howrah,2022-02-06
4710,Kajal Saxena,kajal.saxena6514@gmail.com,Bengaluru,2022-05-05
4711,Nilesh Pathak,nilesh.pathak2833@yahoo.com,Hyderabad,2023-06-26
4712,Mohan Kulkarni,mohan.kulkarni386@gmail.com,Kolkata,2022-09-19
4713,Rajesh Garg,rajesh.garg8559@yahoo.com,Srinagar,2022-06-27
4714,Akash Bhatt,akash.bhatt2880@yahoo.com,Jaipur,2024-05-24
4715,Anjali Joshi,anjali.joshi1468@yahoo.com,Delhi,2023-06-26
4716,Pradeep Shukla,pradeep.shukla6132@gmail.com,Dhanbad,2024-05-29
4717,Mukesh Srivastava,mukesh.srivastava5327@yahoo.com,Bareilly,2023-06-14
4718,Kedar Kaur,kedar.kaur754@hotmail.com,Jodhpur,2022-12-30
4719,Vivek Choudhary,vivek.choudhary7206@outlook.com,Thane,2023-09-07
4720,Mahesh Verma,mahesh.verma413@gmail.com,Gwalior,2022-06-30
4721,Krishna Garg,krishna.garg113@hotmail.com,Dhanbad,2023-02-24
4722,Shruti Iyer,shruti.iyer8058@yahoo.com,Visakhapatnam,2023-04-27
4723,Lakshmi Nanda,lakshmi.nanda6912@gmail.com,Dhanbad,2024-04-19
4724,Pradeep Das,pradeep.das2674@hotmail.com,Hubli,2022-07-27
4725,Simran Shah,simran.shah2068@outlook.com,Madurai,2023-01-11
4726,Manish Malhotra,manish.malhotra63@rediffmail.com,Rajkot,2024-05-06
4727,Shikha Varma,shikha.varma6348@hotmail.com,Kota,2024-03-30
4728,Chandra Bose,chandra.bose2131@hotmail.com,Chennai,2024-06-24
4729,Vinod Kulkarni,vinod.kulkarni8943@outlook.com,Amritsar,2023-07-07
4730,Sunil Pillai,sunil.pillai4808@outlook.com,Srinagar,2022-06-14
4731,Sanjeev Das,sanjeev.das9473@gmail.com,Vijayawada,2023-03-02
4732,Lata Agarwal,lata.agarwal599@outlook.com,Pune,2024-11-11
4733,Kavita Murthy,kavita.murthy9268@outlook.com,Vadodara,2022-10-26
4734,Ashok Garg,ashok.garg5132@hotmail.com,Indore,2023-09-22
4735,Ananya Iyer,ananya.iyer6870@ymail.com,Hubli,2024-02-14
4736,Rahul Choudhary,rahul.choudhary1810@yahoo.com,Kolkata,2023-11-20
4737,Sunil Rao,sunil.rao7092@hotmail.com,Jabalpur,2023-12-31
4738,Deepak Joshi,deepak.joshi4208@rediffmail.com,Kanpur,2022-02-05
4739,Meena Saxena,meena.saxena4529@hotmail.com,Jodhpur,2022-06-30
4740,Sonali Chawla,sonali.chawla1657@ymail.com,Guwahati,2024-10-06
4741,Sonu Deshpande,sonu.deshpande8958@rediffmail.com,Kolkata,2024-12-23
4742,Bhaskar Mehta,bhaskar.mehta4081@gmail.com,Madurai,2024-05-28
4743,Hemant Iyer,hemant.iyer3693@hotmail.com,Raipur,2023-08-12
4744,Paras Chakraborty,paras.chakraborty8237@yahoo.com,Chandigarh,2022-05-13
4745,Pooja Nair,pooja.nair4543@rediffmail.com,Kalyan-Dombivali,2022-02-17
4746,Meena Khanna,meena.khanna4255@gmail.com,Nashik,2022-07-21
4747,Swati Chauhan,swati.chauhan717@yahoo.com,Kolkata,2022-11-26
4748,Swati Mukherjee,swati.mukherjee6080@hotmail.com,Nagpur,2023-07-26
4749,Ankit Varma,ankit.varma3056@yahoo.com,Delhi,2022-08-31
4750,Shikha Khanna,shikha.khanna835@hotmail.com,Gwalior,2024-12-17
4751,Mohan Agarwal,mohan.agarwal3928@outlook.com,Surat,2022-07-25
4752,Shilpa Singh,shilpa.singh8278@outlook.com,Hyderabad,2022-04-30
4753,Geeta Das,geeta.das1024@ymail.com,Nagpur,2022-08-04
4754,Reena Malhotra,reena.malhotra9024@rediffmail.com,Gwalior,2022-04-12
4755,Ankit Bhatt,ankit.bhatt4523@gmail.com,Mumbai,2023-03-06
4756,Kavita Chatterjee,kavita.chatterjee7780@gmail.com,Bhopal,2022-08-08
4757,Sneha Sharma,sneha.sharma8133@ymail.com,Pune,2024-08-13
4758,Sonal Reddy,sonal.reddy9090@outlook.com,Bengaluru,2022-08-03
4759,Vinod Rao,vinod.rao6357@yahoo.com,Hubli,2023-12-28
4760,Seema Shukla,seema.shukla835@ymail.com,Amritsar,2023-06-14
4761,Arjun Patel,arjun.patel4668@ymail.com,Srinagar,2024-12-08
4762,Krishna Chakraborty,krishna.chakraborty5975@gmail.com,Vijayawada,2022-09-04
4763,Ankita Dubey,ankita.dubey7169@hotmail.com,Thane,2023-11-23
4764,Pooja Das,pooja.das1956@gmail.com,Aurangabad,2022-12-07
4765,Rajesh Nair,rajesh.nair7269@rediffmail.com,Solapur,2022-01-08
4766,Nisha Chopra,nisha.chopra7668@rediffmail.com,Hubli,2022-04-26
4767,Shilpa Dutta,shilpa.dutta7667@gmail.com,Kalyan-Dombivali,2022-08-05
4768,Mohan Ahuja,mohan.ahuja9053@ymail.com,Amritsar,2022-08-16
4769,Sonu Pillai,sonu.pillai7701@yahoo.com,Jaipur,2023-02-20
4770,Sapna Pathak,sapna.pathak9636@ymail.com,Meerut,2023-05-30
4771,Nitesh Modi,nitesh.modi1977@rediffmail.com,Nagpur,2024-09-20
4772,Kunal Yadav,kunal.yadav3715@gmail.com,Varanasi,2024-05-08
4773,Rajesh Chakraborty,rajesh.chakraborty1738@gmail.com,Kanpur,2023-08-11
4774,Rahul Agarwal,rahul.agarwal8996@hotmail.com,Nashik,2024-08-11
4775,Vikas Murthy,vikas.murthy516@gmail.com,Lucknow,2023-06-11
4776,Santosh Chakraborty,santosh.chakraborty4804@yahoo.com,Bareilly,2022-10-04
4777,Harish Mukherjee,harish.mukherjee6476@yahoo.com,Lucknow,2022-09-06
4778,Manish Patel,manish.patel624@outlook.com,Jabalpur,2024-02-23
4779,Rahul Joshi,rahul.joshi7470@hotmail.com,Rajkot,2024-08-24
4780,Ajay Kaur,ajay.kaur7250@ymail.com,Raipur,2024-01-01
4781,Anjali Kumar,anjali.kumar1940@yahoo.com,Howrah,2024-01-17
4782,Shanti Sinha,shanti.sinha2328@gmail.com,Ludhiana,2022-04-23
4783,Shyam Chawla,shyam.chawla6662@hotmail.com,Surat,2024-03-06
4784,Ankita Agarwal,ankita.agarwal7870@gmail.com,Indore,2023-02-09
4785,Lata Arora,lata.arora8564@hotmail.com,Lucknow,2023-08-01
4786,Uma Dubey,uma.dubey1844@rediffmail.com,Allahabad,2023-03-31
4787,Ram Chopra,ram.chopra4728@rediffmail.com,Patna,2024-10-27
4788,Anjali Dutta,anjali.dutta387@gmail.com,Vadodara,2022-08-08
4789,Shyam Kumar,shyam.kumar9842@gmail.com,Mumbai,2023-10-10
4790,Varun Dutta,varun.dutta768@yahoo.com,Pune,2024-01-25
4791,Yogesh Bhatia,yogesh.bhatia6178@outlook.com,Chandigarh,2024-01-17
4792,Sonal Varma,sonal.varma9013@outlook.com,Kota,2023-08-19
4793,Meena Shukla,meena.shukla4016@yahoo.com,Madurai,2023-11-07
4794,Hemant Iyer,hemant.iyer9011@gmail.com,Kolkata,2022-01-07
4795,Komal Ahuja,komal.ahuja1942@hotmail.com,Dhanbad,2024-05-11
4796,Jayesh Tiwari,jayesh.tiwari2548@outlook.com,Amritsar,2024-05-19
4797,Varun Chawla,varun.chawla5244@outlook.com,Bhopal,2023-11-22
4798,Komal Sinha,komal.sinha1822@yahoo.com,Allahabad,2022-06-06
4799,Yash Malhotra,yash.malhotra8073@hotmail.com,Pune,2022-10-02
4800,Hemant Patel,hemant.patel6097@rediffmail.com,Dhanbad,2024-11-03
4801,Arjun Jha,arjun.jha5936@hotmail.com,Surat,2024-02-10
4802,Varun Rao,varun.rao748@ymail.com,Jabalpur,2024-08-03
4803,Deepak Dutta,deepak.dutta6281@gmail.com,Surat,2023-08-29
4804,Sudhir Gupta,sudhir.gupta7130@ymail.com,Faridabad,2023-07-28
4805,Mohan Tiwari,mohan.tiwari7579@outlook.com,Surat,2022-03-17
4806,Lalit Bhatia,lalit.bhatia7235@gmail.com,Delhi,2024-08-01
4807,Girish Bansal,girish.bansal8193@outlook.com,Ahmedabad,2024-01-11
4808,Mahesh Varma,mahesh.varma4319@ymail.com,Aurangabad,2024-12-24
4809,Sandeep Srivastava,sandeep.srivastava3767@outlook.com,Madurai,2022-05-06
4810,Harish Chauhan,harish.chauhan7974@hotmail.com,Vadodara,2023-04-13
4811,Pooja Ahuja,pooja.ahuja3043@outlook.com,Patna,2022-05-30
4812,Uday Iyer,uday.iyer8246@hotmail.com,Guwahati,2024-07-29
4813,Santosh Desai,santosh.desai6281@gmail.com,Lucknow,2022-12-20
4814,Krishna Ghosh,krishna.ghosh6463@ymail.com,Navi Mumbai,2024-04-04
4815,Bhaskar Sengupta,bhaskar.sengupta7388@yahoo.com,Ranchi,2024-11-23
4816,Tarun Iyer,tarun.iyer749@outlook.com,Kalyan-Dombivali,2024-05-27
4817,Jatin Chopra,jatin.chopra169@outlook.com,Jodhpur,2024-02-12
4818,Seema Dubey,seema.dubey2357@outlook.com,Chennai,2023-02-27
4819,Kunal Dubey,kunal.dubey8987@outlook.com,Aurangabad,2024-05-05
4820,Shailesh Chopra,shailesh.chopra5868@rediffmail.com,Jaipur,2023-03-23
4821,Vivek Nair,vivek.nair7066@ymail.com,Amritsar,2024-08-31
4822,Ritesh Bansal,ritesh.bansal6660@ymail.com,Kota,2022-03-03
4823,Sunita Ghosh,sunita.ghosh8471@rediffmail.com,Rajkot,2023-04-24
4824,Dev Bansal,dev.bansal5483@hotmail.com,Bareilly,2023-04-27
4825,Jayesh Agarwal,jayesh.agarwal5683@gmail.com,Raipur,2024-12-10
4826,Tarun Pathak,tarun.pathak2373@outlook.com,Nagpur,2024-05-06
4827,Simran Bhatt,simran.bhatt5364@rediffmail.com,Varanasi,2024-05-28
4828,Jatin Tiwari,jatin.tiwari145@hotmail.com,Nagpur,2023-10-21
4829,Megha Malhotra,megha.malhotra947@ymail.com,Aurangabad,2024-10-21
4830,Reena Mukherjee,reena.mukherjee7592@outlook.com,Guwahati,2023-11-26
4831,Lakshmi Ghosh,lakshmi.ghosh2602@outlook.com,Chennai,2022-02-26
4832,Ishaan Yadav,ishaan.yadav8634@hotmail.com,Surat,2023-01-06
4833,Nitesh Dubey,nitesh.dubey6594@ymail.com,Jaipur,2024-07-21
4834,Shruti Dubey,shruti.dubey2954@gmail.com,Guwahati,2022-12-27
4835,Dev Reddy,dev.reddy2413@outlook.com,Pune,2022-08-06
4836,Sonal Bhatia,sonal.bhatia7616@hotmail.com,Jodhpur,2024-09-30
4837,Mohan Pathak,mohan.pathak1978@outlook.com,Pune,2024-05-16
4838,Deepika Bansal,deepika.bansal4826@yahoo.com,Gwalior,2024-02-01
4839,Asha Gupta,asha.gupta4395@rediffmail.com,Rajkot,2023-04-22
4840,Amit Kapoor,amit.kapoor2880@gmail.com,Vasai-Virar,2022-01-17
4841,Girish Patel,girish.patel2936@yahoo.com,Delhi,2023-01-05
4842,Simran Kulkarni,simran.kulkarni9317@rediffmail.com,Mumbai,2022-07-15
4843,Vinod Goyal,vinod.goyal3021@ymail.com,Rajkot,2023-07-05
4844,Om Yadav,om.yadav1269@gmail.com,Vasai-Virar,2022-02-21
4845,Vikram Bhatia,vikram.bhatia7383@outlook.com,Hubli,2022-02-09
4846,Zara Dubey,zara.dubey1318@outlook.com,Nagpur,2024-07-01
4847,Vinod Tiwari,vinod.tiwari645@hotmail.com,Raipur,2022-01-23
4848,Amit Gupta,amit.gupta9557@yahoo.com,Indore,2023-01-14
4849,Megha Yadav,megha.yadav7518@yahoo.com,Visakhapatnam,2023-07-27
4850,Madhav Pande,madhav.pande3668@gmail.com,Varanasi,2022-11-24
4851,Rakesh Goyal,rakesh.goyal7268@outlook.com,Bhopal,2022-01-11
4852,Priya Dutta,priya.dutta9222@gmail.com,Solapur,2024-03-25
4853,Sneha Banerjee,sneha.banerjee5327@hotmail.com,Hyderabad,2022-11-17
4854,Vinay Joshi,vinay.joshi9012@hotmail.com,Pune,2023-03-25
4855,Shyam Pathak,shyam.pathak3685@yahoo.com,Srinagar,2022-11-20
4856,Sonal Modi,sonal.modi2953@rediffmail.com,Kolkata,2022-11-24
4857,Vivek Pande,vivek.pande1932@outlook.com,Thane,2023-12-14
4858,Sanjay Bansal,sanjay.bansal4891@rediffmail.com,Vasai-Virar,2022-05-02
4859,Ashok Yadav,ashok.yadav7053@ymail.com,Kalyan-Dombivali,2024-07-15
4860,Manish Reddy,manish.reddy5426@yahoo.com,Srinagar,2022-12-07
4861,Rahul Reddy,rahul.reddy4977@hotmail.com,Indore,2024-09-28
4862,Jayesh Pillai,jayesh.pillai9608@hotmail.com,Delhi,2024-07-16
4863,Shiv Agarwal,shiv.agarwal8285@rediffmail.com,Vasai-Virar,2023-09-10
4864,Swati Agarwal,swati.agarwal6860@ymail.com,Dhanbad,2024-01-15
4865,Sneha Kulkarni,sneha.kulkarni356@yahoo.com,Bengaluru,2022-01-21
4866,Santosh Shukla,santosh.shukla1693@rediffmail.com,Lucknow,2022-04-06
4867,Deepika Desai,deepika.desai1274@hotmail.com,Bareilly,2023-09-05
4868,Vinay Verma,vinay.verma3903@rediffmail.com,Bengaluru,2023-07-27
4869,Jayesh Naik,jayesh.naik9379@gmail.com,Coimbatore,2023-04-07
4870,Dev Sengupta,dev.sengupta2571@hotmail.com,Nagpur,2023-05-22
4871,Girish Desai,girish.desai108@yahoo.com,Bhopal,2024-01-03
4872,Anjali Arora,anjali.arora2523@hotmail.com,Jodhpur,2023-11-10
4873,Lakshmi Bose,lakshmi.bose973@gmail.com,Gwalior,2023-04-09
4874,Kunal Gupta,kunal.gupta5384@ymail.com,Raipur,2022-03-10
4875,Heena Bose,heena.bose6633@rediffmail.com,Amritsar,2023-08-07
4876,Shailesh Trivedi,shailesh.trivedi3411@rediffmail.com,Nagpur,2023-05-18
4877,Gaurav Mukherjee,gaurav.mukherjee2658@hotmail.com,Bhopal,2024-03-18
4878,Zara Das,zara.das9701@outlook.com,Jaipur,2022-01-15
4879,Suresh Naik,suresh.naik437@hotmail.com,Howrah,2023-04-18
4880,Ashish Chopra,ashish.chopra4415@hotmail.com,Kolkata,2022-11-28
4881,Vinay Patel,vinay.patel943@outlook.com,Bareilly,2023-11-14
4882,Sneha Pathak,sneha.pathak6436@hotmail.com,Gwalior,2022-10-02
4883,Anil Chawla,anil.chawla2338@yahoo.com,Dhanbad,2024-04-02
4884,Geeta Bhatia,geeta.bhatia7883@outlook.com,Vadodara,2024-02-01
4885,Kabir Das,kabir.das1075@gmail.com,Meerut,2023-01-09
4886,Reena Tiwari,reena.tiwari4395@ymail.com,Kolkata,2023-02-21
4887,Yash Malhotra,yash.malhotra5602@rediffmail.com,Pune,2022-09-29
4888,Divya Khanna,divya.khanna7313@gmail.com,Kota,2023-04-15
4889,Arjun Mishra,arjun.mishra6102@yahoo.com,Chandigarh,2024-03-31
4890,Ashok Kumar,ashok.kumar4491@outlook.com,Ludhiana,2022-11-06
4891,Santosh Bose,santosh.bose8335@ymail.com,Rajkot,2023-05-31
4892,Mahesh Chauhan,mahesh.chauhan2325@ymail.com,Delhi,2024-05-21
4893,Ashish Malhotra,ashish.malhotra3745@gmail.com,Mumbai,2022-11-21
4894,Sanjeev Sinha,sanjeev.sinha8734@hotmail.com,Ludhiana,2022-10-09
4895,Jyoti Bansal,jyoti.bansal3131@yahoo.com,Guwahati,2022-08-05
4896,Anjali Joshi,anjali.joshi3773@hotmail.com,Nashik,2022-01-21
4897,Kiran Chauhan,kiran.chauhan4439@yahoo.com,Chandigarh,2022-10-13
4898,Arjun Patel,arjun.patel1722@hotmail.com,Bhopal,2022-04-12
4899,Pavan Bose,pavan.bose7236@outlook.com,Coimbatore,2024-08-02
4900,Sahil Chopra,sahil.chopra4276@outlook.com,Jabalpur,2022-09-17
4901,Lokesh Sharma,lokesh.sharma4118@yahoo.com,Surat,2022-07-11
4902,Paras Naik,paras.naik3871@ymail.com,Visakhapatnam,2023-10-21
4903,Shanti Banerjee,shanti.banerjee8843@gmail.com,Coimbatore,2023-01-05
4904,Shyam Banerjee,shyam.banerjee122@hotmail.com,Bareilly,2024-09-16
4905,Om Arora,om.arora7069@outlook.com,Vijayawada,2024-02-22
4906,Tarun Pande,tarun.pande3249@yahoo.com,Bhopal,2022-12-15
4907,Ravi Patel,ravi.patel9146@outlook.com,Nashik,2022-07-15
4908,Lalit Chakraborty,lalit.chakraborty937@yahoo.com,Agra,2024-08-14
4909,Shilpa Naik,shilpa.naik4749@outlook.com,Pimpri-Chinchwad,2022-04-28
4910,Vinod Nair,vinod.nair5465@ymail.com,Amritsar,2024-01-06
4911,Shyam Nair,shyam.nair8691@yahoo.com,Solapur,2022-12-18
4912,Sonu Jain,sonu.jain7164@ymail.com,Aurangabad,2022-10-04
4913,Meena Trivedi,meena.trivedi2817@gmail.com,Solapur,2024-11-06
4914,Jyoti Khanna,jyoti.khanna7902@yahoo.com,Madurai,2022-12-11
4915,Lata Iyer,lata.iyer3551@ymail.com,Ludhiana,2024-02-04
4916,Ankit Trivedi,ankit.trivedi9595@outlook.com,Lucknow,2022-11-22
4917,Dev Desai,dev.desai5741@gmail.com,Hubli,2022-08-06
4918,Pradeep Desai,pradeep.desai5779@ymail.com,Madurai,2024-04-10
4919,Deepika Srivastava,deepika.srivastava4914@outlook.com,Kanpur,2024-04-22
4920,Gaurav Patel,gaurav.patel4128@yahoo.com,Jodhpur,2022-01-27
4921,Ansh Bose,ansh.bose2778@yahoo.com,Bhopal,2023-07-15
4922,Ansh Gupta,ansh.gupta9335@rediffmail.com,Kanpur,2022-01-24
4923,Sudhir Agarwal,sudhir.agarwal9921@ymail.com,Jodhpur,2024-05-05
4924,Manish Das,manish.das7265@gmail.com,Jaipur,2024-04-19
4925,Meena Agarwal,meena.agarwal4298@hotmail.com,Hyderabad,2024-01-10
4926,Mukesh Deshpande,mukesh.deshpande3033@gmail.com,Aurangabad,2023-08-07
4927,Sandeep Arora,sandeep.arora308@ymail.com,Thane,2022-06-03
4928,Ananya Sinha,ananya.sinha1383@rediffmail.com,Thane,2023-05-19
4929,Lokesh Srivastava,lokesh.srivastava3290@rediffmail.com,Gwalior,2022-12-30
4930,Ayesha Das,ayesha.das4881@outlook.com,Kolkata,2022-06-27
4931,Ravi Dutta,ravi.dutta6264@gmail.com,Kota,2022-04-06
4932,Mihir Ahuja,mihir.ahuja8666@yahoo.com,Srinagar,2024-09-22
4933,Sanjeev Arora,sanjeev.arora5249@outlook.com,Pimpri-Chinchwad,2024-03-30
4934,Asha Banerjee,asha.banerjee6849@gmail.com,Aurangabad,2024-06-11
4935,Vikram Chopra,vikram.chopra6405@hotmail.com,Indore,2024-12-12
4936,Shilpa Joshi,shilpa.joshi170@gmail.com,Howrah,2023-10-29
4937,Hemant Mehta,hemant.mehta2843@yahoo.com,Pimpri-Chinchwad,2024-05-17
4938,Ansh Malhotra,ansh.malhotra6974@ymail.com,Surat,2023-04-02
4939,Sapna Chawla,sapna.chawla3369@yahoo.com,Kalyan-Dombivali,2022-08-23
4940,Aditya Reddy,aditya.reddy4244@hotmail.com,Guwahati,2022-07-10
4941,Mukesh Iyer,mukesh.iyer2249@yahoo.com,Guwahati,2022-07-23
4942,Mahesh Joshi,mahesh.joshi4523@hotmail.com,Ahmedabad,2023-02-07
4943,Nikhil Desai,nikhil.desai7601@outlook.com,Madurai,2024-03-06
4944,Pavan Kapoor,pavan.kapoor7809@outlook.com,Hubli,2022-03-06
4945,Mohan Bose,mohan.bose3415@hotmail.com,Jabalpur,2023-08-22
4946,Divya Pillai,divya.pillai738@hotmail.com,Vasai-Virar,2022-05-23
4947,Nisha Jain,nisha.jain5574@gmail.com,Amritsar,2024-06-22
4948,Ajay Bhatt,ajay.bhatt8101@rediffmail.com,Gwalior,2023-01-22
4949,Dev Iyer,dev.iyer2995@gmail.com,Lucknow,2023-08-11
4950,Rajesh Dutta,rajesh.dutta7296@hotmail.com,Pimpri-Chinchwad,2023-07-02
4951,Ankita Tiwari,ankita.tiwari8130@yahoo.com,Thane,2023-07-05
4952,Lakshmi Kumar,lakshmi.kumar5493@yahoo.com,Amritsar,2024-03-07
4953,Ram Ghosh,ram.ghosh7351@rediffmail.com,Hubli,2022-01-23
4954,Deepika Joshi,deepika.joshi4808@rediffmail.com,Faridabad,2023-04-07
4955,Madhav Yadav,madhav.yadav2242@outlook.com,Ranchi,2022-03-26
4956,Kabir Sharma,kabir.sharma7662@yahoo.com,Nagpur,2024-11-22
4957,Mukesh Singh,mukesh.singh4362@gmail.com,Jodhpur,2022-01-25
4958,Aarav Pathak,aarav.pathak5553@yahoo.com,Amritsar,2023-11-22
4959,Sachin Mukherjee,sachin.mukherjee5128@outlook.com,Solapur,2023-07-03
4960,Dev Bhatt,dev.bhatt6404@ymail.com,Pimpri-Chinchwad,2023-04-26
4961,Komal Tiwari,komal.tiwari9667@rediffmail.com,Delhi,2022-03-08
4962,Ramesh Tiwari,ramesh.tiwari3611@outlook.com,Allahabad,2022-06-09
4963,Jayesh Shah,jayesh.shah7002@gmail.com,Vadodara,2024-09-27
4964,Uma Reddy,uma.reddy6727@ymail.com,Pune,2023-08-25
4965,Heena Mehta,heena.mehta8278@rediffmail.com,Visakhapatnam,2023-07-19
4966,Harish Mehta,harish.mehta840@outlook.com,Chandigarh,2024-02-08
4967,Ankit Naik,ankit.naik7396@ymail.com,Nashik,2024-05-01
4968,Jatin Sengupta,jatin.sengupta6785@outlook.com,Jaipur,2024-03-05
4969,Sneha Dutta,sneha.dutta6622@rediffmail.com,Chennai,2024-01-24
4970,Sanjeev Iyer,sanjeev.iyer1428@rediffmail.com,Faridabad,2024-11-25
4971,Simran Pathak,simran.pathak9360@gmail.com,Hyderabad,2022-11-02
4972,Neha Mishra,neha.mishra2736@rediffmail.com,Ahmedabad,2022-01-23
4973,Sonu Nair,sonu.nair5048@hotmail.com,Bengaluru,2024-07-19
4974,Sanjay Yadav,sanjay.yadav9210@outlook.com,Delhi,2023-08-18
4975,Ishaan Kapoor,ishaan.kapoor6749@outlook.com,Bengaluru,2023-11-23
4976,Yash Arora,yash.arora3734@ymail.com,Bhopal,2024-06-28
4977,Jyoti Chatterjee,jyoti.chatterjee6961@rediffmail.com,Amritsar,2023-05-19
4978,Harish Ahuja,harish.ahuja6494@outlook.com,Jodhpur,2024-06-20
4979,Santosh Dubey,santosh.dubey365@outlook.com,Aurangabad,2022-09-04
4980,Rahul Banerjee,rahul.banerjee2223@yahoo.com,Solapur,2023-01-11
4981,Mihir Kulkarni,mihir.kulkarni7789@rediffmail.com,Jodhpur,2023-07-30
4982,Sonu Bhatt,sonu.bhatt265@rediffmail.com,Varanasi,2024-11-06
4983,Sandeep Murthy,sandeep.murthy7060@hotmail.com,Indore,2024-10-25
4984,Sonal Jha,sonal.jha9795@gmail.com,Meerut,2024-08-22
4985,Sneha Dubey,sneha.dubey9383@outlook.com,Indore,2023-09-16
4986,Seema Verma,seema.verma2772@ymail.com,Amritsar,2024-10-28
4987,Sneha Mishra,sneha.mishra6551@gmail.com,Solapur,2023-10-07
4988,Sunita Rao,sunita.rao5287@gmail.com,Madurai,2023-09-12
4989,Ram Chopra,ram.chopra2278@gmail.com,Kota,2024-07-21
4990,Anil Ghosh,anil.ghosh9192@outlook.com,Hubli,2022-06-09
4991,Priya Chakraborty,priya.chakraborty6578@ymail.com,Chandigarh,2024-06-25
4992,Akash Kulkarni,akash.kulkarni6403@yahoo.com,Kanpur,2022-05-06
4993,Sonal Bhatia,sonal.bhatia6590@yahoo.com,Howrah,2022-01-31
4994,Nisha Deshpande,nisha.deshpande9507@rediffmail.com,Kanpur,2024-11-08
4995,Uday Pillai,uday.pillai1313@ymail.com,Howrah,2022-11-24
4996,Nitika Chawla,nitika.chawla9206@yahoo.com,Kalyan-Dombivali,2023-10-24
4997,Vinod Tiwari,vinod.tiwari3344@yahoo.com,Srinagar,2022-07-05
4998,Nikhil Sinha,nikhil.sinha100@rediffmail.com,Vasai-Virar,2023-09-23
4999,Rohan Ghosh,rohan.ghosh2812@outlook.com,Coimbatore,2023-08-21
5000,Deepak Ahuja,deepak.ahuja3380@ymail.com,Kota,2025-01-01
5001,Seema Saxena,seema.saxena3841@gmail.com,Raipur,2023-05-02
5002,Komal Iyer,komal.iyer9856@ymail.com,Delhi,2022-08-20
5003,Kajal Joshi,kajal.joshi9267@rediffmail.com,Kalyan-Dombivali,2024-07-09
5004,Akash Kaur,akash.kaur9811@yahoo.com,Chennai,2023-11-28
5005,Swati Naik,swati.naik7196@yahoo.com,Mumbai,2024-01-24
5006,Jayesh Pathak,jayesh.pathak8692@yahoo.com,Pimpri-Chinchwad,2023-04-21
5007,Rajesh Chatterjee,rajesh.chatterjee8399@ymail.com,Bareilly,2023-07-24
5008,Sanjeev Trivedi,sanjeev.trivedi4020@gmail.com,Kota,2022-10-28
5009,Sudhir Chakraborty,sudhir.chakraborty1235@outlook.com,Chandigarh,2022-08-17
5010,Mihir Mishra,mihir.mishra8225@gmail.com,Meerut,2024-02-11
5011,Sandeep Goyal,sandeep.goyal3634@ymail.com,Ahmedabad,2023-12-05
5012,Vinod Reddy,vinod.reddy8646@rediffmail.com,Hubli,2022-04-17
5013,Aryan Kaur,aryan.kaur4139@rediffmail.com,Chandigarh,2022-10-18
5014,Yash Bose,yash.bose8373@gmail.com,Agra,2022-01-04
5015,Geeta Malhotra,geeta.malhotra760@gmail.com,Aurangabad,2022-04-22
5016,Anand Pathak,anand.pathak2558@outlook.com,Vijayawada,2023-09-04
5017,Amitabh Malhotra,amitabh.malhotra786@yahoo.com,Delhi,2024-11-16
5018,Sachin Naik,sachin.naik516@rediffmail.com,Vijayawada,2022-05-15
5019,Nikhil Das,nikhil.das6589@yahoo.com,Navi Mumbai,2022-12-06
5020,Reena Kulkarni,reena.kulkarni9016@yahoo.com,Jodhpur,2023-08-30
5021,Tarun Iyer,tarun.iyer8628@hotmail.com,Hubli,2022-03-03
5022,Sanjeev Bose,sanjeev.bose316@outlook.com,Surat,2024-11-23
5023,Paras Saxena,paras.saxena9494@hotmail.com,Howrah,2023-01-12
5024,Sandeep Reddy,sandeep.reddy7651@ymail.com,Pimpri-Chinchwad,2022-07-01
5025,Ankita Kulkarni,ankita.kulkarni8845@gmail.com,Vasai-Virar,2022-08-19
5026,Shiv Pathak,shiv.pathak6306@gmail.com,Lucknow,2024-08-25
5027,Meena Khanna,meena.khanna2170@gmail.com,Ranchi,2022-03-09
5028,Pooja Chopra,pooja.chopra275@yahoo.com,Gwalior,2022-09-03
5029,Nikhil Bansal,nikhil.bansal2871@outlook.com,Nagpur,2023-06-26
5030,Kabir Goyal,kabir.goyal3578@hotmail.com,Jabalpur,2024-02-21
5031,Sachin Reddy,sachin.reddy3013@ymail.com,Visakhapatnam,2023-11-16
5032,Pavan Shah,pavan.shah7939@gmail.com,Kolkata,2023-01-01
5033,Aditya Sinha,aditya.sinha4838@ymail.com,Madurai,2022-10-20
5034,Kavita Das,kavita.das6127@yahoo.com,Kalyan-Dombivali,2022-02-08
5035,Ramesh Bhatt,ramesh.bhatt2560@yahoo.com,Srinagar,2024-01-16
5036,Isha Agarwal,isha.agarwal2993@rediffmail.com,Pimpri-Chinchwad,2024-07-13
5037,Meena Verma,meena.verma964@yahoo.com,Gwalior,2024-02-11
5038,Sanjay Srivastava,sanjay.srivastava7355@gmail.com,Jaipur,2023-08-25
5039,Isha Kaur,isha.kaur5215@yahoo.com,Hubli,2023-09-24
5040,Amitabh Joshi,amitabh.joshi5815@yahoo.com,Kota,2024-05-20
5041,Jatin Murthy,jatin.murthy1297@ymail.com,Allahabad,2024-06-19
5042,Sunil Kapoor,sunil.kapoor4562@ymail.com,Delhi,2023-05-13
5043,Vikram Khanna,vikram.khanna4457@rediffmail.com,Allahabad,2022-10-28
5044,Ashish Joshi,ashish.joshi9339@outlook.com,Dhanbad,2023-05-25
5045,Pavan Kapoor,pavan.kapoor4530@ymail.com,Rajkot,2024-04-21
5046,Chandra Deshpande,chandra.deshpande2084@yahoo.com,Vasai-Virar,2022-03-20
5047,Madhav Khanna,madhav.khanna7596@rediffmail.com,Bareilly,2024-12-19
5048,Megha Gupta,megha.gupta9590@gmail.com,Jaipur,2024-02-03
5049,Ramesh Iyer,ramesh.iyer9289@outlook.com,Madurai,2022-12-23
5050,Ayesha Sinha,ayesha.sinha828@hotmail.com,Kanpur,2024-12-10
5051,Mahesh Desai,mahesh.desai2717@outlook.com,Howrah,2022-09-21
5052,Aditya Kaur,aditya.kaur6832@outlook.com,Chennai,2024-07-18
5053,Anand Pande,anand.pande9559@outlook.com,Kanpur,2023-01-23
5054,Vivek Joshi,vivek.joshi6177@rediffmail.com,Coimbatore,2022-11-13
5055,Ravi Chatterjee,ravi.chatterjee9883@ymail.com,Ranchi,2023-05-23
5056,Harish Jain,harish.jain9058@ymail.com,Aurangabad,2024-03-29
5057,Rajesh Murthy,rajesh.murthy7603@ymail.com,Dhanbad,2024-07-12
5058,Rohan Desai,rohan.desai6098@outlook.com,Mumbai,2023-09-09
5059,Ashish Garg,ashish.garg4175@rediffmail.com,Kanpur,2022-04-11
5060,Pavan Chakraborty,pavan.chakraborty4121@rediffmail.com,Bhopal,2022-07-15
5061,Komal Deshpande,komal.deshpande9882@rediffmail.com,Solapur,2023-01-24
5062,Sonal Pathak,sonal.pathak1387@yahoo.com,Jaipur,2024-04-04
5063,Aditya Ahuja,aditya.ahuja73@gmail.com,Patna,2023-09-02
5064,Ananya Reddy,ananya.reddy7642@outlook.com,Surat,2022-05-18
5065,Sunil Iyer,sunil.iyer3717@gmail.com,Patna,2022-05-25
5066,Harish Iyer,harish.iyer1937@gmail.com,Indore,2024-11-23
5067,Suresh Pande,suresh.pande8122@hotmail.com,Surat,2024-08-20
5068,Ashok Arora,ashok.arora9691@rediffmail.com,Allahabad,2024-06-09
5069,Sandeep Jain,sandeep.jain6288@hotmail.com,Lucknow,2022-10-05
5070,Karan Chatterjee,karan.chatterjee187@hotmail.com,Gwalior,2022-11-06
5071,Anil Nair,anil.nair2993@yahoo.com,Agra,2023-04-21
5072,Akash Pande,akash.pande7938@outlook.com,Vasai-Virar,2022-07-29
5073,Rohini Ghosh,rohini.ghosh9154@rediffmail.com,Rajkot,2022-09-14
5074,Zara Pande,zara.pande8933@gmail.com,Jodhpur,2024-01-28
5075,Meena Naik,meena.naik2158@gmail.com,Kolkata,2024-08-28
5076,Sanjeev Kapoor,sanjeev.kapoor4031@ymail.com,Mumbai,2024-07-07
5077,Rohan Kulkarni,rohan.kulkarni6702@gmail.com,Navi Mumbai,2024-05-31
5078,Ram Jha,ram.jha7870@yahoo.com,Hubli,2023-08-18
5079,Uma Bose,uma.bose111@hotmail.com,Bhopal,2023-09-22
5080,Nitika Ghosh,nitika.ghosh1975@ymail.com,Lucknow,2023-10-14
5081,Heena Bhatia,heena.bhatia3182@outlook.com,Madurai,2023-10-09
5082,Uma Khanna,uma.khanna1589@gmail.com,Hyderabad,2024-10-13
5083,Nitika Modi,nitika.modi3219@ymail.com,Lucknow,2022-05-31
5084,Om Joshi,om.joshi1018@yahoo.com,Kalyan-Dombivali,2022-06-26
5085,Sneha Pande,sneha.pande2939@gmail.com,Surat,2023-11-15
5086,Tarun Pillai,tarun.pillai9566@rediffmail.com,Chandigarh,2022-05-26
5087,Ravi Deshpande,ravi.deshpande8449@outlook.com,Nagpur,2023-03-07
5088,Nikhil Arora,nikhil.arora3111@hotmail.com,Chandigarh,2023-01-12
5089,Suresh Gupta,suresh.gupta5088@hotmail.com,Varanasi,2023-08-10
5090,Rahul Pathak,rahul.pathak2@hotmail.com,Dhanbad,2024-06-02
5091,Akash Malhotra,akash.malhotra8758@outlook.com,Jaipur,2023-04-07
5092,Kiran Bhatia,kiran.bhatia85@ymail.com,Aurangabad,2024-04-26
5093,Komal Bhatia,komal.bhatia9967@gmail.com,Aurangabad,2022-03-11
5094,Zara Sharma,zara.sharma9132@hotmail.com,Kolkata,2024-09-16
5095,Shailesh Garg,shailesh.garg2728@rediffmail.com,Coimbatore,2023-12-12
5096,Ankit Goyal,ankit.goyal5762@outlook.com,Nagpur,2023-06-08
5097,Amit Pathak,amit.pathak1203@rediffmail.com,Nashik,2024-11-08
5098,Aarav Joshi,aarav.joshi5675@rediffmail.com,Solapur,2022-06-11
5099,Shruti Sinha,shruti.sinha1564@hotmail.com,Varanasi,2023-06-18
5100,Jyoti Shukla,jyoti.shukla6430@ymail.com,Faridabad,2023-05-25
5101,Ritesh Saxena,ritesh.saxena1917@outlook.com,Hyderabad,2024-10-04
5102,Tanvi Mishra,tanvi.mishra45@gmail.com,Patna,2022-01-24
5103,Ravi Garg,ravi.garg207@ymail.com,Vadodara,2023-10-16
5104,Vivek Iyer,vivek.iyer1921@rediffmail.com,Pimpri-Chinchwad,2022-02-07
5105,Sonal Garg,sonal.garg9900@ymail.com,Allahabad,2022-11-03
5106,Dev Bhatt,dev.bhatt8842@gmail.com,Raipur,2023-03-05
5107,Ravi Kaur,ravi.kaur6450@yahoo.com,Bareilly,2022-03-23
5108,Ishaan Murthy,ishaan.murthy6091@rediffmail.com,Ranchi,2024-03-28
5109,Seema Goyal,seema.goyal345@ymail.com,Varanasi,2024-12-29
5110,Priya Agarwal,priya.agarwal2484@outlook.com,Ludhiana,2022-11-19
5111,Ritesh Sharma,ritesh.sharma5537@gmail.com,Meerut,2023-08-02
5112,Shailesh Kumar,shailesh.kumar9836@yahoo.com,Indore,2023-04-30
5113,Kunal Singh,kunal.singh6841@yahoo.com,Nagpur,2022-04-24
5114,Anand Deshpande,anand.deshpande9911@outlook.com,Vadodara,2023-06-24
5115,Uma Ahuja,uma.ahuja8244@rediffmail.com,Hyderabad,2024-06-03
5116,Nitika Arora,nitika.arora8284@ymail.com,Jabalpur,2024-09-16
5117,Amitabh Pathak,amitabh.pathak2756@gmail.com,Raipur,2022-08-29
5118,Reena Sharma,reena.sharma1519@rediffmail.com,Chandigarh,2023-08-01
5119,Vikas Dutta,vikas.dutta1293@gmail.com,Nagpur,2022-10-25
5120,Suresh Kaur,suresh.kaur6203@gmail.com,Pune,2023-11-18
5121,Pradeep Goyal,pradeep.goyal9070@hotmail.com,Ranchi,2022-04-07
5122,Kunal Das,kunal.das6543@yahoo.com,Kanpur,2022-09-02
5123,Asha Pathak,asha.pathak6608@gmail.com,Patna,2024-07-20
5124,Sunita Shah,sunita.shah2604@yahoo.com,Delhi,2023-10-05
5125,Heena Pathak,heena.pathak7707@ymail.com,Mumbai,2024-09-01
5126,Nitesh Goyal,nitesh.goyal5954@ymail.com,Pimpri-Chinchwad,2023-08-30
5127,Nitesh Singh,nitesh.singh930@rediffmail.com,Raipur,2022-10-09
5128,Zara Rao,zara.rao3223@gmail.com,Varanasi,2022-05-11
5129,Karan Kaur,karan.kaur1204@rediffmail.com,Howrah,2023-11-26
5130,Shruti Garg,shruti.garg9447@hotmail.com,Kalyan-Dombivali,2024-09-22
5131,Sunita Kaur,sunita.kaur6688@yahoo.com,Kalyan-Dombivali,2023-01-04
5132,Isha Jain,isha.jain9441@outlook.com,Mumbai,2024-01-15
5133,Hemant Agarwal,hemant.agarwal2259@ymail.com,Meerut,2022-05-31
5134,Shyam Naik,shyam.naik4935@gmail.com,Jaipur,2024-02-05
5135,Nitika Verma,nitika.verma9102@outlook.com,Mumbai,2023-03-19
5136,Yogesh Kaur,yogesh.kaur8470@outlook.com,Hyderabad,2023-11-09
5137,Ritu Verma,ritu.verma850@outlook.com,Bhopal,2022-03-27
5138,Manish Khanna,manish.khanna3911@outlook.com,Mumbai,2024-01-30
5139,Amitabh Chopra,amitabh.chopra8699@ymail.com,Kolkata,2024-05-28
5140,Jyoti Yadav,jyoti.yadav132@rediffmail.com,Allahabad,2022-09-05
5141,Aditya Chakraborty,aditya.chakraborty3545@rediffmail.com,Bengaluru,2022-08-31
5142,Deepika Bansal,deepika.bansal3888@ymail.com,Delhi,2022-10-21
5143,Lata Chopra,lata.chopra382@rediffmail.com,Visakhapatnam,2023-11-26
5144,Deepak Sharma,deepak.sharma3278@outlook.com,Hubli,2024-01-30
5145,Rakesh Mehta,rakesh.mehta9789@hotmail.com,Thane,2022-08-18
5146,Ram Reddy,ram.reddy3059@outlook.com,Bengaluru,2022-04-12
5147,Rohini Shukla,rohini.shukla8740@outlook.com,Bengaluru,2022-09-30
5148,Vikas Mehta,vikas.mehta5716@outlook.com,Patna,2023-10-21
5149,Jatin Varma,jatin.varma4479@ymail.com,Coimbatore,2022-10-08
5150,Amitabh Jain,amitabh.jain4684@ymail.com,Ranchi,2023-07-31
5151,Shailesh Gupta,shailesh.gupta5397@yahoo.com,Amritsar,2022-07-05
5152,Ashish Nanda,ashish.nanda267@ymail.com,Ranchi,2022-09-05
5153,Shilpa Nanda,shilpa.nanda9753@outlook.com,Nashik,2023-12-19
5154,Pooja Dubey,pooja.dubey4644@hotmail.com,Hubli,2023-11-08
5155,Manish Khanna,manish.khanna2571@yahoo.com,Jabalpur,2024-01-30
5156,Chandra Chawla,chandra.chawla8083@rediffmail.com,Dhanbad,2022-04-18
5157,Kiran Sharma,kiran.sharma6675@outlook.com,Mumbai,2023-04-26
5158,Suresh Kulkarni,suresh.kulkarni1681@outlook.com,Jaipur,2023-09-27
5159,Priya Kumar,priya.kumar500@outlook.com,Mumbai,2023-08-30
5160,Neha Chakraborty,neha.chakraborty2528@outlook.com,Rajkot,2022-02-02
5161,Ashok Deshpande,ashok.deshpande5789@gmail.com,Faridabad,2024-10-29
5162,Lata Ahuja,lata.ahuja1164@hotmail.com,Nagpur,2022-01-09
5163,Anjali Malhotra,anjali.malhotra3775@ymail.com,Chandigarh,2022-07-04
5164,Mohan Modi,mohan.modi1539@hotmail.com,Vasai-Virar,2022-04-21
5165,Lakshmi Nair,lakshmi.nair7210@rediffmail.com,Hyderabad,2024-02-04
5166,Ashok Desai,ashok.desai4189@hotmail.com,Chennai,2023-03-05
5167,Isha Patel,isha.patel5348@hotmail.com,Varanasi,2023-06-28
5168,Anil Shukla,anil.shukla6151@hotmail.com,Chandigarh,2024-01-19
5169,Harish Chauhan,harish.chauhan5241@ymail.com,Srinagar,2022-04-22
5170,Kiran Singh,kiran.singh7541@gmail.com,Howrah,2022-06-13
5171,Sonal Reddy,sonal.reddy8597@ymail.com,Howrah,2024-12-24
5172,Manish Kumar,manish.kumar4921@ymail.com,Rajkot,2023-03-16
5173,Mohan Jha,mohan.jha6363@gmail.com,Ranchi,2023-04-27
5174,Gaurav Mukherjee,gaurav.mukherjee5281@ymail.com,Jabalpur,2024-10-10
5175,Jayesh Rao,jayesh.rao9168@outlook.com,Rajkot,2022-01-15
5176,Lokesh Shah,lokesh.shah7680@gmail.com,Bareilly,2023-01-16
5177,Isha Sinha,isha.sinha7836@outlook.com,Chandigarh,2022-07-01
5178,Priya Ghosh,priya.ghosh4004@gmail.com,Jodhpur,2022-07-25
5179,Rakesh Desai,rakesh.desai2687@gmail.com,Jabalpur,2024-01-08
5180,Mukesh Modi,mukesh.modi3964@yahoo.com,Nagpur,2022-10-22
5181,Shailesh Shukla,shailesh.shukla9892@ymail.com,Aurangabad,2023-03-12
5182,Sudhir Shah,sudhir.shah2184@yahoo.com,Howrah,2024-04-09
5183,Karan Ghosh,karan.ghosh655@yahoo.com,Ranchi,2022-10-01
5184,Komal Garg,komal.garg2685@outlook.com,Srinagar,2024-02-10
5185,Rohini Chakraborty,rohini.chakraborty9728@ymail.com,Kanpur,2023-06-13
5186,Deepika Malhotra,deepika.malhotra7757@yahoo.com,Gwalior,2022-11-23
5187,Heena Singh,heena.singh8765@hotmail.com,Jodhpur,2022-10-16
5188,Amitabh Chopra,amitabh.chopra3905@ymail.com,Kanpur,2022-02-14
5189,Ram Chauhan,ram.chauhan4119@ymail.com,Mumbai,2022-05-14
5190,Mohan Pillai,mohan.pillai3095@yahoo.com,Hubli,2022-12-25
5191,Pavan Goyal,pavan.goyal4807@yahoo.com,Indore,2023-09-01
5192,Om Saxena,om.saxena1157@rediffmail.com,Coimbatore,2024-12-11
5193,Chandra Mukherjee,chandra.mukherjee9964@gmail.com,Raipur,2024-09-16
5194,Krishna Verma,krishna.verma5261@gmail.com,Agra,2023-07-05
5195,Shailesh Jha,shailesh.jha2079@outlook.com,Hyderabad,2024-06-25
5196,Komal Kumar,komal.kumar9313@ymail.com,Jabalpur,2022-05-23
5197,Geeta Nanda,geeta.nanda3624@gmail.com,Delhi,2022-01-08
5198,Shilpa Yadav,shilpa.yadav6445@hotmail.com,Bhopal,2023-03-14
5199,Sapna Choudhary,sapna.choudhary3020@outlook.com,Vijayawada,2022-11-05
5200,Yogesh Chopra,yogesh.chopra8074@outlook.com,Srinagar,2024-08-14
5201,Harish Dubey,harish.dubey1236@outlook.com,Chandigarh,2024-11-02
5202,Shanti Arora,shanti.arora6528@outlook.com,Vadodara,2024-09-06
5203,Akash Banerjee,akash.banerjee7258@gmail.com,Indore,2024-01-11
5204,Ananya Garg,ananya.garg6201@gmail.com,Agra,2023-10-04
5205,Deepika Pillai,deepika.pillai8249@hotmail.com,Jaipur,2023-08-13
5206,Ankit Singh,ankit.singh616@ymail.com,Aurangabad,2023-09-02
5207,Shruti Bansal,shruti.bansal2168@outlook.com,Pimpri-Chinchwad,2022-02-07
5208,Sapna Reddy,sapna.reddy7117@outlook.com,Hubli,2024-01-22
5209,Paras Das,paras.das7013@outlook.com,Kalyan-Dombivali,2022-10-10
5210,Lokesh Pande,lokesh.pande40@outlook.com,Lucknow,2022-01-29
5211,Uday Arora,uday.arora4016@ymail.com,Rajkot,2023-01-26
5212,Suresh Murthy,suresh.murthy5847@ymail.com,Rajkot,2023-06-22
5213,Megha Singh,megha.singh1163@hotmail.com,Howrah,2024-07-06
5214,Jyoti Jain,jyoti.jain9749@outlook.com,Jodhpur,2023-03-04
5215,Aryan Nair,aryan.nair3565@rediffmail.com,Kota,2024-09-19
5216,Simran Pande,simran.pande8875@ymail.com,Pimpri-Chinchwad,2022-06-08
5217,Jatin Pathak,jatin.pathak8292@outlook.com,Bengaluru,2023-10-08
5218,Swati Jain,swati.jain233@hotmail.com,Jabalpur,2023-03-02
5219,Bhaskar Verma,bhaskar.verma6832@outlook.com,Patna,2023-03-20
5220,Ashok Chopra,ashok.chopra3645@rediffmail.com,Visakhapatnam,2024-02-20
5221,Arjun Chopra,arjun.chopra1653@yahoo.com,Guwahati,2024-12-28
5222,Suresh Reddy,suresh.reddy1223@ymail.com,Pune,2023-11-06
5223,Rohan Gupta,rohan.gupta9215@hotmail.com,Thane,2023-05-31
5224,Ajay Agarwal,ajay.agarwal1200@yahoo.com,Raipur,2024-07-11
5225,Mukesh Sinha,mukesh.sinha2677@yahoo.com,Nagpur,2024-12-23
5226,Shikha Chatterjee,shikha.chatterjee4984@outlook.com,Vadodara,2022-12-20
5227,Tanvi Mukherjee,tanvi.mukherjee2648@hotmail.com,Rajkot,2024-08-02
5228,Simran Murthy,simran.murthy8056@gmail.com,Amritsar,2024-10-23
5229,Pooja Choudhary,pooja.choudhary2110@yahoo.com,Varanasi,2024-12-12
5230,Sandeep Naik,sandeep.naik7915@gmail.com,Agra,2023-08-18
5231,Anjali Kaur,anjali.kaur8556@gmail.com,Meerut,2022-06-07
5232,Shruti Deshpande,shruti.deshpande4185@rediffmail.com,Jodhpur,2024-01-28
5233,Meena Iyer,meena.iyer7661@ymail.com,Howrah,2023-07-10
5234,Manish Ahuja,manish.ahuja5318@rediffmail.com,Vasai-Virar,2024-06-27
5235,Rohini Goyal,rohini.goyal9296@outlook.com,Nagpur,2023-05-10
5236,Aarav Bose,aarav.bose7288@yahoo.com,Nagpur,2024-03-19
5237,Sunita Chawla,sunita.chawla831@rediffmail.com,Hyderabad,2022-10-16
5238,Mihir Bhatt,mihir.bhatt6295@outlook.com,Jaipur,2022-01-16
5239,Arjun Kulkarni,arjun.kulkarni5287@hotmail.com,Ludhiana,2024-07-09
5240,Seema Murthy,seema.murthy6658@hotmail.com,Agra,2024-10-19
5241,Santosh Banerjee,santosh.banerjee8565@outlook.com,Ludhiana,2023-11-03
5242,Sneha Srivastava,sneha.srivastava5874@outlook.com,Nashik,2022-07-24
5243,Dev Ghosh,dev.ghosh7705@outlook.com,Pimpri-Chinchwad,2022-01-12
5244,Aarav Bansal,aarav.bansal6332@rediffmail.com,Varanasi,2023-11-23
5245,Pavan Trivedi,pavan.trivedi6799@rediffmail.com,Jaipur,2023-08-20
5246,Seema Bansal,seema.bansal5856@gmail.com,Kalyan-Dombivali,2024-02-23
5247,Lalit Ghosh,lalit.ghosh5327@gmail.com,Surat,2022-12-25
5248,Vivek Ghosh,vivek.ghosh4957@hotmail.com,Chennai,2024-11-15
5249,Ravi Pillai,ravi.pillai7739@hotmail.com,Mumbai,2022-10-22
5250,Sunita Bose,sunita.bose3305@yahoo.com,Navi Mumbai,2024-04-12
5251,Yogesh Naik,yogesh.naik6977@gmail.com,Amritsar,2023-04-23
5252,Uday Jain,uday.jain7700@gmail.com,Chandigarh,2022-05-11
5253,Neha Ahuja,neha.ahuja4017@outlook.com,Nagpur,2022-04-04
5254,Vinay Pillai,vinay.pillai4888@hotmail.com,Surat,2023-03-11
5255,Parul Reddy,parul.reddy6738@gmail.com,Kanpur,2022-04-03
5256,Sunita Sharma,sunita.sharma5453@ymail.com,Hyderabad,2024-12-31
5257,Heena Ahuja,heena.ahuja9974@hotmail.com,Solapur,2022-05-22
5258,Harish Goyal,harish.goyal9477@gmail.com,Coimbatore,2024-06-06
5259,Sahil Bhatia,sahil.bhatia9952@outlook.com,Jabalpur,2024-09-19
5260,Vikram Bose,vikram.bose9435@outlook.com,Jaipur,2023-07-13
5261,Kunal Choudhary,kunal.choudhary9098@hotmail.com,Ahmedabad,2023-03-06
5262,Lata Kaur,lata.kaur9985@hotmail.com,Navi Mumbai,2022-01-27
5263,Kavita Jain,kavita.jain693@outlook.com,Indore,2023-12-26
5264,Sneha Tiwari,sneha.tiwari6188@ymail.com,Dhanbad,2023-09-05
5265,Parul Agarwal,parul.agarwal9389@hotmail.com,Dhanbad,2023-04-02
5266,Ram Ghosh,ram.ghosh309@hotmail.com,Coimbatore,2022-04-03
5267,Ayesha Saxena,ayesha.saxena7082@gmail.com,Lucknow,2023-05-29
5268,Jyoti Choudhary,jyoti.choudhary726@yahoo.com,Kolkata,2023-12-26
5269,Yogesh Nair,yogesh.nair9839@yahoo.com,Agra,2024-12-02
5270,Kabir Pillai,kabir.pillai288@outlook.com,Nagpur,2023-10-02
5271,Chandra Arora,chandra.arora3726@gmail.com,Howrah,2024-06-20
5272,Santosh Mehta,santosh.mehta7720@hotmail.com,Allahabad,2024-06-13
5273,Nikhil Kapoor,nikhil.kapoor9989@hotmail.com,Ahmedabad,2023-09-25
5274,Anjali Murthy,anjali.murthy6970@ymail.com,Pimpri-Chinchwad,2024-12-06
5275,Shiv Das,shiv.das3301@gmail.com,Amritsar,2024-12-05
5276,Sneha Singh,sneha.singh2116@rediffmail.com,Ludhiana,2024-11-30
5277,Vikram Khanna,vikram.khanna8427@hotmail.com,Pune,2024-05-10
5278,Deepak Garg,deepak.garg3601@yahoo.com,Vasai-Virar,2022-03-05
5279,Shyam Reddy,shyam.reddy5908@ymail.com,Ranchi,2024-02-11
5280,Shilpa Pillai,shilpa.pillai4587@yahoo.com,Srinagar,2024-05-10
5281,Uday Mishra,uday.mishra4793@rediffmail.com,Indore,2022-07-22
5282,Uma Malhotra,uma.malhotra3154@ymail.com,Mumbai,2024-02-26
5283,Meena Desai,meena.desai9673@yahoo.com,Madurai,2022-06-27
5284,Lokesh Bhatt,lokesh.bhatt8678@gmail.com,Srinagar,2024-10-22
5285,Chandra Gupta,chandra.gupta2404@outlook.com,Faridabad,2023-11-28
5286,Rakesh Iyer,rakesh.iyer6789@rediffmail.com,Ranchi,2022-02-17
5287,Anand Kulkarni,anand.kulkarni2503@yahoo.com,Jaipur,2024-07-31
5288,Shiv Choudhary,shiv.choudhary3606@ymail.com,Aurangabad,2022-09-01
5289,Neha Pillai,neha.pillai8235@rediffmail.com,Delhi,2022-11-07
5290,Vinod Das,vinod.das3736@outlook.com,Raipur,2022-04-26
5291,Amit Shukla,amit.shukla7020@hotmail.com,Pimpri-Chinchwad,2024-07-06
5292,Anil Saxena,anil.saxena9048@hotmail.com,Srinagar,2024-07-03
5293,Ramesh Jain,ramesh.jain4252@gmail.com,Vijayawada,2024-06-30
5294,Mihir Modi,mihir.modi5144@hotmail.com,Nagpur,2024-12-10
5295,Ankita Verma,ankita.verma8924@rediffmail.com,Gwalior,2022-03-23
5296,Uday Malhotra,uday.malhotra3443@outlook.com,Amritsar,2022-05-16
5297,Lalit Patel,lalit.patel1062@hotmail.com,Dhanbad,2022-04-29
5298,Rajesh Patel,rajesh.patel4957@hotmail.com,Amritsar,2024-03-10
5299,Deepika Khanna,deepika.khanna9011@yahoo.com,Amritsar,2023-06-24
5300,Rahul Murthy,rahul.murthy7263@outlook.com,Indore,2024-12-11
5301,Ajay Chakraborty,ajay.chakraborty2549@gmail.com,Raipur,2024-09-07
5302,Meena Bhatt,meena.bhatt2473@yahoo.com,Coimbatore,2024-03-28
5303,Seema Chauhan,seema.chauhan2956@gmail.com,Vijayawada,2022-02-27
5304,Sachin Bose,sachin.bose5468@ymail.com,Kolkata,2022-07-24
5305,Chandra Banerjee,chandra.banerjee9291@ymail.com,Allahabad,2024-12-07
5306,Sandeep Kaur,sandeep.kaur1611@rediffmail.com,Bareilly,2022-10-02
5307,Swati Varma,swati.varma436@ymail.com,Dhanbad,2022-01-15
5308,Zara Khanna,zara.khanna6358@ymail.com,Hubli,2022-03-17
5309,Vikram Chawla,vikram.chawla772@outlook.com,Coimbatore,2022-09-28
5310,Heena Mishra,heena.mishra2405@rediffmail.com,Ranchi,2022-10-22
5311,Mahesh Nanda,mahesh.nanda9941@yahoo.com,Thane,2023-07-17
5312,Yash Shukla,yash.shukla8379@ymail.com,Vasai-Virar,2023-09-15
5313,Ritesh Sengupta,ritesh.sengupta7441@gmail.com,Bhopal,2023-10-10
5314,Amitabh Kulkarni,amitabh.kulkarni8042@hotmail.com,Srinagar,2024-11-12
5315,Rohan Kulkarni,rohan.kulkarni8497@ymail.com,Thane,2023-01-27
5316,Kunal Joshi,kunal.joshi7309@gmail.com,Dhanbad,2024-06-24
5317,Ishaan Sinha,ishaan.sinha1664@yahoo.com,Madurai,2023-03-23
5318,Arjun Jain,arjun.jain5395@hotmail.com,Vijayawada,2022-03-29
5319,Seema Bose,seema.bose5215@outlook.com,Raipur,2022-03-09
5320,Lalit Chopra,lalit.chopra1534@rediffmail.com,Aurangabad,2023-04-01
5321,Pavan Goyal,pavan.goyal4591@hotmail.com,Bengaluru,2023-09-30
5322,Lokesh Murthy,lokesh.murthy8805@yahoo.com,Pune,2022-06-06
5323,Kedar Bhatia,kedar.bhatia5056@outlook.com,Hyderabad,2022-07-29
5324,Sneha Choudhary,sneha.choudhary3717@ymail.com,Ludhiana,2022-04-11
5325,Geeta Khanna,geeta.khanna8778@outlook.com,Ahmedabad,2023-10-27
5326,Sachin Srivastava,sachin.srivastava6448@rediffmail.com,Jabalpur,2022-06-02
5327,Simran Arora,simran.arora9549@ymail.com,Varanasi,2024-07-11
5328,Rohini Malhotra,rohini.malhotra8811@gmail.com,Surat,2023-04-21
5329,Sahil Iyer,sahil.iyer4375@hotmail.com,Vasai-Virar,2024-11-15
5330,Karan Ghosh,karan.ghosh6751@outlook.com,Howrah,2023-08-24
5331,Akash Chatterjee,akash.chatterjee3800@outlook.com,Chandigarh,2024-05-25
5332,Kavita Verma,kavita.verma355@gmail.com,Vasai-Virar,2023-03-23
5333,Ayesha Pillai,ayesha.pillai5232@outlook.com,Indore,2024-10-18
5334,Paras Saxena,paras.saxena3413@gmail.com,Nashik,2024-10-17
5335,Lata Malhotra,lata.malhotra2625@rediffmail.com,Guwahati,2022-10-29
5336,Sanjeev Malhotra,sanjeev.malhotra3827@gmail.com,Amritsar,2024-03-16
5337,Rajesh Tiwari,rajesh.tiwari3415@ymail.com,Bengaluru,2022-10-07
5338,Rakesh Yadav,rakesh.yadav1454@hotmail.com,Ranchi,2024-01-25
5339,Zara Shukla,zara.shukla4986@ymail.com,Lucknow,2023-04-10
5340,Hemant Desai,hemant.desai4917@gmail.com,Meerut,2024-02-03
5341,Anjali Nanda,anjali.nanda5685@ymail.com,Solapur,2023-06-05
5342,Pradeep Garg,pradeep.garg9554@outlook.com,Meerut,2022-02-19
5343,Nilesh Chatterjee,nilesh.chatterjee3397@hotmail.com,Patna,2024-02-27
5344,Uma Mishra,uma.mishra4172@outlook.com,Kanpur,2022-09-08
5345,Lakshmi Sinha,lakshmi.sinha9377@hotmail.com,Allahabad,2023-08-04
5346,Sanjay Bhatt,sanjay.bhatt7980@hotmail.com,Solapur,2022-08-24
5347,Mohan Bhatia,mohan.bhatia7241@gmail.com,Agra,2022-01-27
5348,Deepak Sengupta,deepak.sengupta2713@gmail.com,Amritsar,2022-07-12
5349,Meena Pande,meena.pande9041@gmail.com,Jodhpur,2023-08-11
5350,Vivek Chauhan,vivek.chauhan3735@hotmail.com,Pimpri-Chinchwad,2024-09-09
5351,Mahesh Sharma,mahesh.sharma960@ymail.com,Coimbatore,2023-06-07
5352,Swati Nanda,swati.nanda3333@ymail.com,Dhanbad,2024-07-10
5353,Kajal Ahuja,kajal.ahuja2105@rediffmail.com,Chandigarh,2022-09-14
5354,Pradeep Khanna,pradeep.khanna4729@ymail.com,Vijayawada,2023-05-10
5355,Geeta Tiwari,geeta.tiwari470@yahoo.com,Vasai-Virar,2023-12-14
5356,Anand Sinha,anand.sinha485@rediffmail.com,Chandigarh,2024-02-27
5357,Shikha Verma,shikha.verma3067@gmail.com,Ranchi,2023-01-22
5358,Mihir Kaur,mihir.kaur7413@outlook.com,Ahmedabad,2024-02-13
5359,Mihir Kulkarni,mihir.kulkarni7136@gmail.com,Mumbai,2022-10-13
5360,Kiran Sinha,kiran.sinha6458@yahoo.com,Pimpri-Chinchwad,2022-12-23
5361,Suresh Chatterjee,suresh.chatterjee526@yahoo.com,Jaipur,2022-10-01
5362,Seema Sharma,seema.sharma3608@hotmail.com,Gwalior,2022-03-23
5363,Ankita Sengupta,ankita.sengupta3421@ymail.com,Varanasi,2024-05-17
5364,Rahul Dutta,rahul.dutta6898@outlook.com,Nashik,2022-02-03
5365,Arjun Mishra,arjun.mishra7412@rediffmail.com,Chennai,2023-11-02
5366,Chandra Rao,chandra.rao4988@hotmail.com,Rajkot,2022-09-04
5367,Kabir Gupta,kabir.gupta441@rediffmail.com,Lucknow,2023-03-09
5368,Isha Tiwari,isha.tiwari5742@gmail.com,Srinagar,2023-09-15
5369,Uma Khanna,uma.khanna5907@outlook.com,Vadodara,2022-10-14
5370,Vikram Varma,vikram.varma6176@gmail.com,Ahmedabad,2024-02-25
5371,Isha Modi,isha.modi2102@outlook.com,Indore,2022-05-17
5372,Rakesh Patel,rakesh.patel5845@ymail.com,Jodhpur,2024-02-21
5373,Vivek Pillai,vivek.pillai5487@hotmail.com,Coimbatore,2022-11-20
5374,Sahil Desai,sahil.desai7963@ymail.com,Varanasi,2024-02-09
5375,Uma Mukherjee,uma.mukherjee4305@gmail.com,Vadodara,2022-04-03
5376,Akash Dubey,akash.dubey8972@hotmail.com,Mumbai,2023-01-02
5377,Simran Varma,simran.varma5481@hotmail.com,Chennai,2023-03-03
5378,Tarun Banerjee,tarun.banerjee4442@hotmail.com,Raipur,2023-06-08
5379,Vinay Nanda,vinay.nanda6543@outlook.com,Surat,2023-01-05
5380,Pradeep Chatterjee,pradeep.chatterjee8781@yahoo.com,Howrah,2022-01-02
5381,Kavita Mishra,kavita.mishra3952@yahoo.com,Chennai,2023-06-02
5382,Ritu Kapoor,ritu.kapoor4522@outlook.com,Chandigarh,2022-06-21
5383,Lokesh Shah,lokesh.shah7901@hotmail.com,Coimbatore,2023-02-10
5384,Chandra Joshi,chandra.joshi1521@gmail.com,Visakhapatnam,2024-07-26
5385,Pooja Nair,pooja.nair7645@rediffmail.com,Ludhiana,2023-03-14
5386,Anjali Chopra,anjali.chopra133@hotmail.com,Mumbai,2023-10-22
5387,Kajal Garg,kajal.garg7223@outlook.com,Jodhpur,2024-06-10
5388,Mohan Chauhan,mohan.chauhan8419@yahoo.com,Hyderabad,2024-12-18
5389,Sunita Kapoor,sunita.kapoor8226@gmail.com,Hyderabad,2022-07-24
5390,Shiv Sharma,shiv.sharma8781@outlook.com,Bhopal,2022-06-25
5391,Kedar Dubey,kedar.dubey9541@gmail.com,Ludhiana,2022-07-08
5392,Anjali Ghosh,anjali.ghosh3750@outlook.com,Aurangabad,2024-12-31
5393,Megha Das,megha.das1703@gmail.com,Dhanbad,2022-06-08
5394,Rahul Mehta,rahul.mehta1595@gmail.com,Gwalior,2024-04-10
5395,Sachin Nair,sachin.nair5245@outlook.com,Vadodara,2022-09-21
5396,Krishna Srivastava,krishna.srivastava7441@gmail.com,Kalyan-Dombivali,2022-01-05
5397,Bhaskar Chakraborty,bhaskar.chakraborty7010@rediffmail.com,Madurai,2023-02-10
5398,Isha Banerjee,isha.banerjee1182@hotmail.com,Visakhapatnam,2023-01-03
5399,Shikha Sinha,shikha.sinha3215@gmail.com,Rajkot,2022-03-10
5400,Ananya Desai,ananya.desai3199@gmail.com,Kanpur,2024-10-25
5401,Mukesh Chakraborty,mukesh.chakraborty5493@ymail.com,Kota,2023-11-18
5402,Yogesh Sharma,yogesh.sharma310@ymail.com,Ludhiana,2022-10-10
5403,Deepika Gupta,deepika.gupta1566@gmail.com,Patna,2022-11-11
5404,Akash Khanna,akash.khanna6699@outlook.com,Bengaluru,2022-07-31
5405,Kiran Bhatia,kiran.bhatia4196@hotmail.com,Solapur,2022-10-18
5406,Ajay Chauhan,ajay.chauhan6584@outlook.com,Bhopal,2023-02-26
5407,Uma Sinha,uma.sinha8509@yahoo.com,Jaipur,2022-10-05
5408,Varun Chopra,varun.chopra4553@gmail.com,Bengaluru,2023-10-17
5409,Hemant Chakraborty,hemant.chakraborty9620@yahoo.com,Kanpur,2022-12-27
5410,Ananya Kapoor,ananya.kapoor6190@yahoo.com,Jodhpur,2022-02-26
5411,Arjun Saxena,arjun.saxena760@gmail.com,Ahmedabad,2023-03-02
5412,Jatin Naik,jatin.naik5026@yahoo.com,Thane,2022-07-26
5413,Gaurav Dutta,gaurav.dutta2856@hotmail.com,Kanpur,2024-11-24
5414,Madhav Chawla,madhav.chawla3518@yahoo.com,Bhopal,2023-06-05
5415,Krishna Yadav,krishna.yadav6746@ymail.com,Patna,2023-11-14
5416,Ashok Dubey,ashok.dubey4986@yahoo.com,Amritsar,2024-03-29
5417,Kavita Tiwari,kavita.tiwari4882@rediffmail.com,Varanasi,2024-05-26
5418,Sunil Agarwal,sunil.agarwal2839@hotmail.com,Coimbatore,2024-11-14
5419,Mukesh Kumar,mukesh.kumar3168@hotmail.com,Kanpur,2022-04-22
5420,Shruti Varma,shruti.varma9558@hotmail.com,Bhopal,2024-06-14
5421,Sneha Mehta,sneha.mehta7759@ymail.com,Bhopal,2023-07-21
5422,Sanjeev Pande,sanjeev.pande9014@ymail.com,Vijayawada,2024-01-09
5423,Dev Pillai,dev.pillai7732@yahoo.com,Nashik,2024-04-08
5424,Tarun Tiwari,tarun.tiwari1510@hotmail.com,Kota,2022-12-30
5425,Mahesh Khanna,mahesh.khanna6078@hotmail.com,Howrah,2022-05-16
5426,Jyoti Modi,jyoti.modi6392@yahoo.com,Faridabad,2023-05-20
5427,Vikram Rao,vikram.rao8371@gmail.com,Gwalior,2024-05-03
5428,Mihir Iyer,mihir.iyer1725@hotmail.com,Aurangabad,2024-01-27
5429,Heena Garg,heena.garg6625@rediffmail.com,Kota,2024-01-30
5430,Deepak Gupta,deepak.gupta7235@hotmail.com,Hubli,2024-03-17
5431,Mukesh Singh,mukesh.singh5207@ymail.com,Thane,2023-11-24
5432,Girish Nanda,girish.nanda9512@ymail.com,Kota,2024-04-15
5433,Ashok Srivastava,ashok.srivastava9447@rediffmail.com,Agra,2023-05-27
5434,Chandra Gupta,chandra.gupta3319@ymail.com,Hubli,2024-03-06
5435,Om Banerjee,om.banerjee9706@yahoo.com,Vadodara,2022-07-31
5436,Kunal Mishra,kunal.mishra1341@yahoo.com,Jodhpur,2024-07-26
5437,Vikas Reddy,vikas.reddy6855@yahoo.com,Solapur,2023-04-05
5438,Komal Goyal,komal.goyal3482@ymail.com,Patna,2024-04-21
5439,Rahul Jha,rahul.jha8196@ymail.com,Vasai-Virar,2023-05-20
5440,Santosh Pande,santosh.pande429@outlook.com,Pune,2024-03-16
5441,Shruti Naik,shruti.naik2411@hotmail.com,Howrah,2024-08-21
5442,Ravi Rao,ravi.rao3873@rediffmail.com,Jabalpur,2022-06-08
5443,Mihir Chauhan,mihir.chauhan5808@yahoo.com,Raipur,2024-10-21
5444,Ankit Chauhan,ankit.chauhan6450@rediffmail.com,Jodhpur,2023-02-07
5445,Shailesh Mehta,shailesh.mehta1449@gmail.com,Bhopal,2022-02-17
5446,Om Varma,om.varma3412@outlook.com,Jaipur,2024-02-17
5447,Anil Mishra,anil.mishra2721@gmail.com,Pune,2023-07-15
5448,Pradeep Pillai,pradeep.pillai6941@outlook.com,Ranchi,2022-02-09
5449,Rajesh Sengupta,rajesh.sengupta2293@outlook.com,Chandigarh,2023-07-18
5450,Ram Dubey,ram.dubey1931@yahoo.com,Ahmedabad,2023-08-08
5451,Manish Trivedi,manish.trivedi3219@rediffmail.com,Bareilly,2023-09-02
5452,Sudhir Tiwari,sudhir.tiwari7243@outlook.com,Kanpur,2023-10-25
5453,Sandeep Goyal,sandeep.goyal2362@ymail.com,Coimbatore,2022-12-03
5454,Mahesh Yadav,mahesh.yadav4859@hotmail.com,Hubli,2024-04-10
5455,Girish Chatterjee,girish.chatterjee3134@rediffmail.com,Pune,2024-07-31
5456,Ayesha Sinha,ayesha.sinha9586@rediffmail.com,Vijayawada,2023-09-08
5457,Aditya Dubey,aditya.dubey6479@rediffmail.com,Visakhapatnam,2024-11-01
5458,Uma Saxena,uma.saxena1310@ymail.com,Ahmedabad,2023-01-07
5459,Sandeep Kulkarni,sandeep.kulkarni6280@ymail.com,Patna,2024-07-31
5460,Ansh Pillai,ansh.pillai6718@outlook.com,Raipur,2022-02-22
5461,Megha Shah,megha.shah9023@yahoo.com,Indore,2023-11-05
5462,Heena Pathak,heena.pathak1818@gmail.com,Pune,2024-03-08
5463,Aryan Das,aryan.das5733@rediffmail.com,Delhi,2022-08-21
5464,Meena Tiwari,meena.tiwari4046@rediffmail.com,Jabalpur,2023-07-12
5465,Shruti Patel,shruti.patel556@gmail.com,Nagpur,2023-04-09
5466,Hemant Goyal,hemant.goyal4455@yahoo.com,Aurangabad,2024-05-08
5467,Tarun Mishra,tarun.mishra3361@ymail.com,Pimpri-Chinchwad,2024-12-28
5468,Sunil Chauhan,sunil.chauhan4612@gmail.com,Howrah,2023-06-28
5469,Ansh Singh,ansh.singh1018@gmail.com,Vasai-Virar,2024-10-07
5470,Reena Dubey,reena.dubey618@gmail.com,Visakhapatnam,2022-07-06
5471,Aryan Khanna,aryan.khanna171@hotmail.com,Coimbatore,2022-06-20
5472,Sonali Ahuja,sonali.ahuja780@hotmail.com,Jodhpur,2022-11-27
5473,Vivek Chatterjee,vivek.chatterjee634@yahoo.com,Navi Mumbai,2024-05-04
5474,Varun Kulkarni,varun.kulkarni1951@outlook.com,Allahabad,2022-03-09
5475,Simran Bhatia,simran.bhatia9867@gmail.com,Bhopal,2023-08-21
5476,Bhaskar Chawla,bhaskar.chawla3287@hotmail.com,Amritsar,2023-11-06
5477,Kavita Nanda,kavita.nanda4279@yahoo.com,Hyderabad,2023-03-06
5478,Kiran Deshpande,kiran.deshpande1224@outlook.com,Hyderabad,2024-09-06
5479,Rakesh Saxena,rakesh.saxena1576@outlook.com,Coimbatore,2022-07-24
5480,Girish Chatterjee,girish.chatterjee8906@outlook.com,Hyderabad,2022-06-13
5481,Komal Trivedi,komal.trivedi7874@gmail.com,Kota,2022-06-26
5482,Sunil Modi,sunil.modi1901@yahoo.com,Jaipur,2022-07-20
5483,Ramesh Shah,ramesh.shah5070@gmail.com,Jaipur,2023-09-14
5484,Yash Mehta,yash.mehta71@yahoo.com,Navi Mumbai,2022-06-30
5485,Karan Bhatt,karan.bhatt1954@yahoo.com,Allahabad,2024-07-29
5486,Uma Rao,uma.rao4901@hotmail.com,Jaipur,2024-09-19
5487,Anand Sharma,anand.sharma1231@rediffmail.com,Indore,2024-06-12
5488,Nisha Bose,nisha.bose8358@hotmail.com,Dhanbad,2024-02-19
5489,Karan Chakraborty,karan.chakraborty7024@yahoo.com,Jabalpur,2022-05-27
5490,Ishaan Nanda,ishaan.nanda1306@gmail.com,Vijayawada,2024-10-19
5491,Kavita Pillai,kavita.pillai1822@ymail.com,Meerut,2022-09-08
5492,Sudhir Pande,sudhir.pande4691@yahoo.com,Bhopal,2022-11-07
5493,Ashish Joshi,ashish.joshi4653@gmail.com,Chennai,2023-05-02
5494,Ankit Chatterjee,ankit.chatterjee5498@yahoo.com,Agra,2022-04-16
5495,Megha Pathak,megha.pathak7100@ymail.com,Kanpur,2024-03-06
5496,Anjali Kulkarni,anjali.kulkarni8977@hotmail.com,Nashik,2023-11-22
5497,Deepika Jain,deepika.jain2876@ymail.com,Dhanbad,2023-10-01
5498,Vivek Bhatia,vivek.bhatia34@yahoo.com,Vijayawada,2024-01-15
5499,Kajal Modi,kajal.modi1066@ymail.com,Srinagar,2023-07-20
5500,Pavan Nair,pavan.nair5881@outlook.com,Meerut,2023-08-02
5501,Paras Pande,paras.pande9796@yahoo.com,Hyderabad,2022-03-04
5502,Lokesh Chauhan,lokesh.chauhan9681@ymail.com,Kota,2023-11-29
5503,Mukesh Malhotra,mukesh.malhotra5700@ymail.com,Rajkot,2023-03-03
5504,Lata Kapoor,lata.kapoor8272@hotmail.com,Surat,2023-01-13
5505,Neha Rao,neha.rao1416@outlook.com,Surat,2024-03-09
5506,Meena Chopra,meena.chopra5925@outlook.com,Faridabad,2022-02-23
5507,Jayesh Kaur,jayesh.kaur131@outlook.com,Delhi,2022-03-29
5508,Ankit Gupta,ankit.gupta4497@gmail.com,Thane,2022-01-11
5509,Swati Kaur,swati.kaur8344@ymail.com,Kalyan-Dombivali,2023-01-04
5510,Jayesh Arora,jayesh.arora8388@outlook.com,Bareilly,2022-07-30
5511,Vinay Agarwal,vinay.agarwal57@ymail.com,Kalyan-Dombivali,2024-04-17
5512,Priya Pathak,priya.pathak967@ymail.com,Pimpri-Chinchwad,2022-07-25
5513,Nitika Chopra,nitika.chopra8787@yahoo.com,Mumbai,2024-08-24
5514,Megha Das,megha.das3149@rediffmail.com,Chandigarh,2022-08-16
5515,Ashish Joshi,ashish.joshi2644@yahoo.com,Thane,2022-10-20
5516,Rahul Choudhary,rahul.choudhary2966@yahoo.com,Ranchi,2022-11-14
5517,Kajal Agarwal,kajal.agarwal8783@hotmail.com,Aurangabad,2023-11-01
5518,Vikas Choudhary,vikas.choudhary8619@yahoo.com,Nashik,2023-09-01
5519,Amit Agarwal,amit.agarwal4472@gmail.com,Bengaluru,2023-07-03
5520,Neha Pathak,neha.pathak1898@yahoo.com,Faridabad,2022-07-28
5521,Shikha Chawla,shikha.chawla4035@hotmail.com,Madurai,2022-03-02
5522,Tanvi Bose,tanvi.bose5152@yahoo.com,Ludhiana,2024-06-26
5523,Ritu Choudhary,ritu.choudhary2699@ymail.com,Navi Mumbai,2022-09-26
5524,Ritu Verma,ritu.verma126@outlook.com,Patna,2022-08-29
5525,Sahil Sharma,sahil.sharma5889@outlook.com,Ranchi,2022-03-25
5526,Reena Srivastava,reena.srivastava7609@rediffmail.com,Bhopal,2022-03-01
5527,Ashok Banerjee,ashok.banerjee8855@gmail.com,Chennai,2022-02-18
5528,Vivek Iyer,vivek.iyer1677@rediffmail.com,Patna,2023-11-06
5529,Isha Iyer,isha.iyer1265@rediffmail.com,Agra,2022-09-16
5530,Sudhir Srivastava,sudhir.srivastava8365@gmail.com,Jodhpur,2023-06-22
5531,Kajal Mishra,kajal.mishra9105@outlook.com,Srinagar,2023-08-13
5532,Shruti Mukherjee,shruti.mukherjee2112@rediffmail.com,Bengaluru,2022-12-25
5533,Ankit Reddy,ankit.reddy8355@ymail.com,Ranchi,2023-04-03
5534,Ajay Kaur,ajay.kaur3638@hotmail.com,Dhanbad,2022-02-21
5535,Sapna Dutta,sapna.dutta7613@rediffmail.com,Coimbatore,2022-08-25
5536,Santosh Choudhary,santosh.choudhary1595@yahoo.com,Madurai,2024-06-29
5537,Jatin Banerjee,jatin.banerjee3925@ymail.com,Rajkot,2022-01-29
5538,Kiran Verma,kiran.verma5439@rediffmail.com,Ludhiana,2023-12-07
5539,Zara Modi,zara.modi6097@rediffmail.com,Howrah,2023-09-19
5540,Shanti Tiwari,shanti.tiwari342@rediffmail.com,Hubli,2023-07-24
5541,Divya Pande,divya.pande11@outlook.com,Jabalpur,2024-05-30
5542,Rakesh Rao,rakesh.rao801@ymail.com,Vadodara,2024-01-06
5543,Vivek Choudhary,vivek.choudhary8517@rediffmail.com,Allahabad,2024-05-28
5544,Aditya Kaur,aditya.kaur1093@ymail.com,Hyderabad,2024-03-06
5545,Krishna Kulkarni,krishna.kulkarni7532@yahoo.com,Thane,2024-07-15
5546,Sneha Goyal,sneha.goyal6083@outlook.com,Bengaluru,2022-06-19
5547,Meena Jain,meena.jain2358@outlook.com,Kalyan-Dombivali,2022-07-10
5548,Ritu Dutta,ritu.dutta6853@ymail.com,Ranchi,2022-05-22
5549,Kavita Patel,kavita.patel9042@gmail.com,Jaipur,2024-01-03
5550,Heena Rao,heena.rao336@rediffmail.com,Pimpri-Chinchwad,2023-02-03
5551,Nitesh Singh,nitesh.singh6529@rediffmail.com,Gwalior,2022-11-26
5552,Sahil Pillai,sahil.pillai6518@hotmail.com,Pimpri-Chinchwad,2023-09-10
5553,Nikhil Tiwari,nikhil.tiwari8174@yahoo.com,Ludhiana,2022-01-19
5554,Pradeep Gupta,pradeep.gupta3018@yahoo.com,Solapur,2022-10-16
5555,Yash Ghosh,yash.ghosh2853@yahoo.com,Vadodara,2024-11-15
5556,Aarav Tiwari,aarav.tiwari523@hotmail.com,Kolkata,2024-07-19
5557,Shikha Chopra,shikha.chopra5044@gmail.com,Chandigarh,2023-11-09
5558,Kunal Garg,kunal.garg6527@rediffmail.com,Pune,2023-11-02
5559,Pradeep Jha,pradeep.jha5167@outlook.com,Patna,2022-02-28
5560,Mahesh Desai,mahesh.desai8176@rediffmail.com,Meerut,2022-01-31
5561,Deepak Goyal,deepak.goyal2696@hotmail.com,Varanasi,2022-05-06
5562,Ishaan Srivastava,ishaan.srivastava3489@yahoo.com,Madurai,2022-10-23
5563,Rohini Trivedi,rohini.trivedi5537@ymail.com,Jabalpur,2023-08-20
5564,Lalit Desai,lalit.desai3642@gmail.com,Ludhiana,2022-10-13
5565,Pooja Kaur,pooja.kaur3709@gmail.com,Pimpri-Chinchwad,2022-02-11
5566,Yogesh Yadav,yogesh.yadav2291@rediffmail.com,Vasai-Virar,2024-03-14
5567,Divya Sengupta,divya.sengupta9832@gmail.com,Varanasi,2022-11-20
5568,Arjun Modi,arjun.modi4842@yahoo.com,Jabalpur,2022-10-12
5569,Tarun Chopra,tarun.chopra434@hotmail.com,Kolkata,2024-04-14
5570,Nilesh Naik,nilesh.naik2898@gmail.com,Nashik,2023-05-09
5571,Ravi Desai,ravi.desai6654@outlook.com,Jabalpur,2023-03-06
5572,Nisha Bose,nisha.bose82@outlook.com,Thane,2022-09-16
5573,Swati Joshi,swati.joshi541@yahoo.com,Ahmedabad,2023-04-18
5574,Ravi Das,ravi.das8194@gmail.com,Vadodara,2024-12-24
5575,Sonu Verma,sonu.verma5871@gmail.com,Kanpur,2022-11-06
5576,Amitabh Kulkarni,amitabh.kulkarni1561@ymail.com,Coimbatore,2022-04-10
5577,Aryan Pande,aryan.pande3922@ymail.com,Bhopal,2023-03-10
5578,Lokesh Pillai,lokesh.pillai3698@outlook.com,Jabalpur,2024-09-24
5579,Ankit Pathak,ankit.pathak1013@gmail.com,Hyderabad,2022-02-14
5580,Divya Shukla,divya.shukla9532@ymail.com,Agra,2024-05-31
5581,Arjun Kaur,arjun.kaur2396@yahoo.com,Agra,2024-02-11
5582,Shilpa Shukla,shilpa.shukla4601@ymail.com,Dhanbad,2022-05-12
5583,Parul Sinha,parul.sinha6037@hotmail.com,Jabalpur,2023-09-26
5584,Aarav Singh,aarav.singh7365@rediffmail.com,Gwalior,2022-10-20
5585,Hemant Agarwal,hemant.agarwal4681@hotmail.com,Chandigarh,2023-03-21
5586,Ayesha Sinha,ayesha.sinha3840@gmail.com,Meerut,2024-08-17
5587,Nilesh Chatterjee,nilesh.chatterjee8757@gmail.com,Patna,2023-11-10
5588,Madhav Gupta,madhav.gupta7227@ymail.com,Patna,2023-05-17
5589,Neeraj Agarwal,neeraj.agarwal1938@rediffmail.com,Patna,2023-12-24
5590,Geeta Shah,geeta.shah1711@gmail.com,Madurai,2024-07-13
5591,Om Kumar,om.kumar6894@ymail.com,Vasai-Virar,2023-11-28
5592,Anil Joshi,anil.joshi2897@ymail.com,Aurangabad,2024-05-06
5593,Anjali Chopra,anjali.chopra435@rediffmail.com,Lucknow,2022-06-27
5594,Tanvi Sharma,tanvi.sharma5262@outlook.com,Ranchi,2022-04-23
5595,Megha Saxena,megha.saxena1216@ymail.com,Gwalior,2022-05-03
5596,Chandra Chopra,chandra.chopra4029@gmail.com,Raipur,2022-08-22
5597,Manish Mishra,manish.mishra8964@ymail.com,Varanasi,2022-02-19
5598,Mahesh Rao,mahesh.rao7829@ymail.com,Vasai-Virar,2023-02-23
5599,Krishna Garg,krishna.garg2220@yahoo.com,Nagpur,2024-09-22
5600,Ashish Naik,ashish.naik5829@rediffmail.com,Surat,2022-05-27
5601,Vikram Chopra,vikram.chopra6203@ymail.com,Navi Mumbai,2023-08-06
5602,Sandeep Murthy,sandeep.murthy6024@outlook.com,Thane,2024-10-16
5603,Ankit Bhatt,ankit.bhatt4687@yahoo.com,Jabalpur,2023-10-01
5604,Gaurav Ahuja,gaurav.ahuja657@gmail.com,Solapur,2023-05-17
5605,Nikhil Yadav,nikhil.yadav5516@yahoo.com,Howrah,2022-11-01
5606,Vikram Garg,vikram.garg1199@yahoo.com,Surat,2023-06-16
5607,Mukesh Joshi,mukesh.joshi9822@ymail.com,Vijayawada,2024-10-25
5608,Uma Kaur,uma.kaur6226@rediffmail.com,Indore,2022-09-17
5609,Nitesh Srivastava,nitesh.srivastava8772@ymail.com,Visakhapatnam,2022-07-31
5610,Nitika Saxena,nitika.saxena9073@yahoo.com,Raipur,2024-10-14
5611,Megha Jha,megha.jha9341@gmail.com,Agra,2023-03-07
5612,Zara Nair,zara.nair2285@gmail.com,Pune,2022-07-21
5613,Sonu Goyal,sonu.goyal497@outlook.com,Nashik,2022-12-02
5614,Shanti Kumar,shanti.kumar6438@hotmail.com,Kanpur,2024-06-01
5615,Neeraj Chakraborty,neeraj.chakraborty3610@hotmail.com,Chennai,2022-10-23
5616,Nitika Desai,nitika.desai4582@hotmail.com,Nashik,2023-03-28
5617,Suresh Chatterjee,suresh.chatterjee4079@outlook.com,Faridabad,2024-03-14
5618,Kiran Banerjee,kiran.banerjee6323@rediffmail.com,Aurangabad,2024-04-21
5619,Jayesh Nair,jayesh.nair7231@rediffmail.com,Patna,2024-05-22
5620,Deepak Das,deepak.das4566@rediffmail.com,Patna,2024-01-23
5621,Tarun Chawla,tarun.chawla356@hotmail.com,Kalyan-Dombivali,2022-10-10
5622,Kiran Agarwal,kiran.agarwal6772@rediffmail.com,Jaipur,2024-05-07
5623,Komal Kaur,komal.kaur8747@hotmail.com,Ahmedabad,2022-10-20
5624,Swati Shah,swati.shah889@outlook.com,Bareilly,2022-09-16
5625,Sneha Malhotra,sneha.malhotra6847@ymail.com,Dhanbad,2023-01-03
5626,Reena Dutta,reena.dutta5236@ymail.com,Delhi,2024-06-21
5627,Ramesh Tiwari,ramesh.tiwari3531@hotmail.com,Raipur,2023-07-06
5628,Vikas Chopra,vikas.chopra1196@yahoo.com,Howrah,2022-08-14
5629,Kavita Kumar,kavita.kumar6083@gmail.com,Kanpur,2022-10-29
5630,Sudhir Deshpande,sudhir.deshpande4796@outlook.com,Srinagar,2022-01-13
5631,Kajal Chatterjee,kajal.chatterjee5651@outlook.com,Chandigarh,2024-08-07
5632,Varun Mukherjee,varun.mukherjee2244@hotmail.com,Ahmedabad,2024-11-30
5633,Karan Sharma,karan.sharma851@outlook.com,Delhi,2023-02-21
5634,Hemant Reddy,hemant.reddy8679@yahoo.com,Kolkata,2023-08-23
5635,Neha Nanda,neha.nanda2360@yahoo.com,Nagpur,2024-06-29
5636,Sandeep Singh,sandeep.singh2557@ymail.com,Hyderabad,2023-07-07
5637,Kiran Bhatia,kiran.bhatia6467@outlook.com,Rajkot,2024-06-30
5638,Aditya Khanna,aditya.khanna3230@outlook.com,Vijayawada,2023-03-26
5639,Santosh Chopra,santosh.chopra8524@outlook.com,Nagpur,2022-01-09
5640,Asha Bhatia,asha.bhatia2267@yahoo.com,Delhi,2022-04-11
5641,Vivek Mukherjee,vivek.mukherjee8487@hotmail.com,Amritsar,2023-07-04
5642,Ashok Kaur,ashok.kaur4148@rediffmail.com,Indore,2023-02-24
5643,Sneha Dubey,sneha.dubey6929@outlook.com,Raipur,2024-02-20
5644,Ajay Trivedi,ajay.trivedi8348@yahoo.com,Kota,2024-04-10
5645,Om Singh,om.singh1406@ymail.com,Indore,2024-02-20
5646,Aditya Bose,aditya.bose5498@ymail.com,Raipur,2023-06-03
5647,Ritesh Chatterjee,ritesh.chatterjee4687@outlook.com,Jabalpur,2022-09-30
5648,Akash Nanda,akash.nanda6070@outlook.com,Pimpri-Chinchwad,2022-04-17
5649,Asha Chakraborty,asha.chakraborty3077@yahoo.com,Visakhapatnam,2024-01-27
5650,Sonal Chakraborty,sonal.chakraborty1534@rediffmail.com,Indore,2024-02-06
5651,Ananya Verma,ananya.verma15@gmail.com,Pune,2023-11-11
5652,Karan Khanna,karan.khanna1798@outlook.com,Nashik,2024-12-22
5653,Shilpa Sharma,shilpa.sharma984@rediffmail.com,Hyderabad,2023-03-20
5654,Pooja Singh,pooja.singh8349@rediffmail.com,Vijayawada,2022-03-15
5655,Kajal Ghosh,kajal.ghosh1117@gmail.com,Patna,2022-05-06
5656,Jyoti Garg,jyoti.garg1047@hotmail.com,Rajkot,2024-02-28
5657,Vivek Murthy,vivek.murthy5570@gmail.com,Raipur,2023-03-14
5658,Tarun Jha,tarun.jha3129@rediffmail.com,Vijayawada,2022-07-31
5659,Kabir Murthy,kabir.murthy3560@outlook.com,Vadodara,2024-07-27
5660,Kiran Joshi,kiran.joshi8286@gmail.com,Nagpur,2022-03-28
5661,Rohini Rao,rohini.rao197@gmail.com,Rajkot,2024-11-23
5662,Anand Jain,anand.jain6250@hotmail.com,Varanasi,2022-08-14
5663,Nitika Yadav,nitika.yadav7386@rediffmail.com,Visakhapatnam,2022-03-15
5664,Ansh Banerjee,ansh.banerjee9965@gmail.com,Surat,2024-08-05
5665,Sunil Chatterjee,sunil.chatterjee1683@outlook.com,Jabalpur,2024-12-15
5666,Shailesh Nanda,shailesh.nanda3346@outlook.com,Kota,2022-07-30
5667,Mukesh Bhatt,mukesh.bhatt1749@hotmail.com,Navi Mumbai,2024-03-08
5668,Mohan Varma,mohan.varma8477@outlook.com,Ahmedabad,2022-06-24
5669,Rakesh Pande,rakesh.pande7701@outlook.com,Varanasi,2023-12-31
5670,Ramesh Sinha,ramesh.sinha8542@yahoo.com,Madurai,2023-02-12
5671,Deepak Kulkarni,deepak.kulkarni1076@outlook.com,Bengaluru,2023-10-20
5672,Vikas Ahuja,vikas.ahuja5454@rediffmail.com,Indore,2024-02-07
5673,Gaurav Ghosh,gaurav.ghosh5842@ymail.com,Allahabad,2022-05-18
5674,Ravi Joshi,ravi.joshi6914@hotmail.com,Varanasi,2022-11-04
5675,Priya Kapoor,priya.kapoor4046@hotmail.com,Bhopal,2023-05-22
5676,Ramesh Reddy,ramesh.reddy9721@rediffmail.com,Lucknow,2023-08-02
5677,Deepak Kaur,deepak.kaur6557@ymail.com,Surat,2022-07-13
5678,Nilesh Sengupta,nilesh.sengupta7897@hotmail.com,Ranchi,2022-03-30
5679,Anjali Shah,anjali.shah5411@rediffmail.com,Pimpri-Chinchwad,2024-05-21
5680,Mohan Nanda,mohan.nanda7945@rediffmail.com,Indore,2022-01-09
5681,Swati Chakraborty,swati.chakraborty3317@gmail.com,Surat,2024-11-21
5682,Kunal Dubey,kunal.dubey2582@outlook.com,Kanpur,2024-09-07
5683,Sneha Kaur,sneha.kaur7046@rediffmail.com,Ranchi,2023-03-31
5684,Jatin Jain,jatin.jain1141@ymail.com,Faridabad,2022-05-06
5685,Deepika Jain,deepika.jain2061@rediffmail.com,Faridabad,2023-09-07
5686,Mohan Chauhan,mohan.chauhan3909@gmail.com,Allahabad,2024-08-14
5687,Swati Deshpande,swati.deshpande126@rediffmail.com,Howrah,2024-08-24
5688,Ashok Mukherjee,ashok.mukherjee131@ymail.com,Srinagar,2023-04-04
5689,Rajesh Chakraborty,rajesh.chakraborty2735@outlook.com,Aurangabad,2024-08-18
5690,Nikhil Chatterjee,nikhil.chatterjee1900@gmail.com,Hubli,2024-10-23
5691,Karan Chopra,karan.chopra5228@yahoo.com,Kota,2024-09-11
5692,Sanjay Murthy,sanjay.murthy6389@yahoo.com,Mumbai,2022-05-06
5693,Aditya Malhotra,aditya.malhotra1359@yahoo.com,Chennai,2022-04-09
5694,Tanvi Choudhary,tanvi.choudhary4566@yahoo.com,Nagpur,2023-08-28
5695,Sapna Gupta,sapna.gupta8010@yahoo.com,Raipur,2022-04-17
5696,Lakshmi Sinha,lakshmi.sinha7921@ymail.com,Madurai,2024-07-04
5697,Nisha Chauhan,nisha.chauhan7000@gmail.com,Raipur,2024-08-30
5698,Aryan Kaur,aryan.kaur5977@ymail.com,Gwalior,2024-06-08
5699,Lakshmi Tiwari,lakshmi.tiwari6534@outlook.com,Bareilly,2024-07-21
5700,Megha Gupta,megha.gupta667@rediffmail.com,Gwalior,2024-02-13
5701,Pooja Bose,pooja.bose3843@yahoo.com,Patna,2023-06-29
5702,Ajay Ahuja,ajay.ahuja6008@yahoo.com,Lucknow,2023-07-31
5703,Ayesha Shah,ayesha.shah6224@ymail.com,Guwahati,2024-01-17
5704,Geeta Tiwari,geeta.tiwari7519@rediffmail.com,Nagpur,2023-01-09
5705,Ashok Yadav,ashok.yadav1446@rediffmail.com,Chennai,2023-06-14
5706,Isha Pillai,isha.pillai218@outlook.com,Delhi,2024-01-12
5707,Shailesh Gupta,shailesh.gupta7836@ymail.com,Bhopal,2024-05-12
5708,Ananya Srivastava,ananya.srivastava1869@hotmail.com,Dhanbad,2022-08-23
5709,Ankit Chatterjee,ankit.chatterjee5387@gmail.com,Solapur,2022-07-16
5710,Amitabh Bhatia,amitabh.bhatia6504@ymail.com,Surat,2024-05-08
5711,Aditya Ahuja,aditya.ahuja8257@gmail.com,Jaipur,2024-04-01
5712,Lakshmi Nanda,lakshmi.nanda9369@ymail.com,Indore,2023-06-20
5713,Uma Mehta,uma.mehta5510@rediffmail.com,Srinagar,2023-02-21
5714,Heena Jain,heena.jain4736@rediffmail.com,Amritsar,2023-02-28
5715,Lalit Modi,lalit.modi1463@rediffmail.com,Kanpur,2022-08-09
5716,Kajal Pande,kajal.pande6602@outlook.com,Howrah,2022-07-06
5717,Swati Ghosh,swati.ghosh6299@yahoo.com,Guwahati,2024-10-31
5718,Ritu Kulkarni,ritu.kulkarni6347@hotmail.com,Raipur,2023-05-07
5719,Suresh Choudhary,suresh.choudhary376@yahoo.com,Kolkata,2024-10-10
5720,Shailesh Chopra,shailesh.chopra6680@outlook.com,Faridabad,2022-10-27
5721,Sonu Nair,sonu.nair2327@hotmail.com,Rajkot,2023-11-14
5722,Jayesh Bose,jayesh.bose9704@yahoo.com,Chandigarh,2024-10-17
5723,Santosh Chopra,santosh.chopra4753@gmail.com,Bengaluru,2022-03-12
5724,Shailesh Mukherjee,shailesh.mukherjee2315@gmail.com,Allahabad,2024-03-12
5725,Santosh Bansal,santosh.bansal1415@hotmail.com,Madurai,2024-02-12
5726,Sunil Ahuja,sunil.ahuja5237@gmail.com,Coimbatore,2022-02-19
5727,Rajesh Tiwari,rajesh.tiwari5537@hotmail.com,Indore,2022-10-21
5728,Om Mukherjee,om.mukherjee1877@outlook.com,Jodhpur,2023-02-20
5729,Shruti Bansal,shruti.bansal3247@yahoo.com,Ludhiana,2024-05-11
5730,Uma Reddy,uma.reddy3557@outlook.com,Jabalpur,2023-02-16
5731,Suresh Agarwal,suresh.agarwal1465@gmail.com,Hyderabad,2022-03-19
5732,Ravi Bansal,ravi.bansal8624@rediffmail.com,Coimbatore,2023-04-26
5733,Anjali Nanda,anjali.nanda7265@rediffmail.com,Ahmedabad,2022-01-08
5734,Suresh Iyer,suresh.iyer8712@gmail.com,Kanpur,2024-12-14
5735,Sandeep Dutta,sandeep.dutta5504@ymail.com,Pimpri-Chinchwad,2022-05-13
5736,Krishna Naik,krishna.naik9833@yahoo.com,Gwalior,2022-04-14
5737,Rohini Sinha,rohini.sinha3771@gmail.com,Visakhapatnam,2023-03-28
5738,Sahil Malhotra,sahil.malhotra6835@outlook.com,Kolkata,2023-05-12
5739,Sonali Kulkarni,sonali.kulkarni6454@yahoo.com,Allahabad,2022-02-20
5740,Parul Trivedi,parul.trivedi1350@yahoo.com,Jaipur,2024-05-28
5741,Pavan Bhatia,pavan.bhatia5715@rediffmail.com,Vadodara,2024-07-28
5742,Vivek Sharma,vivek.sharma4202@outlook.com,Mumbai,2023-12-13
5743,Yogesh Shukla,yogesh.shukla3610@gmail.com,Kolkata,2022-03-16
5744,Lakshmi Shah,lakshmi.shah8987@yahoo.com,Raipur,2023-05-16
5745,Aditya Chakraborty,aditya.chakraborty7089@outlook.com,Nagpur,2024-07-06
5746,Rohini Murthy,rohini.murthy4755@yahoo.com,Pune,2022-09-13
5747,Simran Iyer,simran.iyer2293@ymail.com,Vasai-Virar,2023-04-22
5748,Nisha Kulkarni,nisha.kulkarni5833@ymail.com,Delhi,2022-08-01
5749,Meena Varma,meena.varma7960@outlook.com,Aurangabad,2022-07-21
5750,Parul Modi,parul.modi7844@outlook.com,Jaipur,2024-12-23
5751,Priya Varma,priya.varma3552@outlook.com,Bhopal,2024-06-04
5752,Priya Nair,priya.nair5858@gmail.com,Kolkata,2024-03-23
5753,Vinay Tiwari,vinay.tiwari2646@outlook.com,Rajkot,2022-12-19
5754,Ravi Das,ravi.das3016@outlook.com,Vasai-Virar,2024-06-09
5755,Neeraj Murthy,neeraj.murthy8436@gmail.com,Howrah,2023-02-03
5756,Neha Reddy,neha.reddy6506@gmail.com,Rajkot,2023-10-28
5757,Deepika Desai,deepika.desai9017@ymail.com,Jabalpur,2022-01-02
5758,Nilesh Gupta,nilesh.gupta9516@rediffmail.com,Bhopal,2023-10-14
5759,Rakesh Naik,rakesh.naik1740@yahoo.com,Ludhiana,2023-12-01
5760,Rohini Mishra,rohini.mishra7869@outlook.com,Surat,2024-06-07
5761,Komal Pathak,komal.pathak8127@outlook.com,Patna,2022-02-21
5762,Rahul Yadav,rahul.yadav3080@rediffmail.com,Faridabad,2024-12-25
5763,Akash Jain,akash.jain481@gmail.com,Guwahati,2023-08-19
5764,Ashish Tiwari,ashish.tiwari7223@gmail.com,Bareilly,2024-03-04
5765,Krishna Mishra,krishna.mishra9035@rediffmail.com,Nagpur,2022-05-24
5766,Tanvi Chopra,tanvi.chopra9671@hotmail.com,Rajkot,2023-12-20
5767,Sunita Bhatt,sunita.bhatt8756@rediffmail.com,Varanasi,2022-06-14
5768,Sandeep Chawla,sandeep.chawla5053@rediffmail.com,Vasai-Virar,2022-03-22
5769,Anil Chakraborty,anil.chakraborty5916@gmail.com,Mumbai,2023-01-12
5770,Jayesh Goyal,jayesh.goyal9739@ymail.com,Vijayawada,2023-01-06
5771,Pavan Malhotra,pavan.malhotra9195@outlook.com,Nashik,2024-08-06
5772,Ananya Rao,ananya.rao3817@ymail.com,Delhi,2022-10-17
5773,Ravi Deshpande,ravi.deshpande296@gmail.com,Pune,2022-11-04
5774,Kunal Rao,kunal.rao217@gmail.com,Jodhpur,2024-11-04
5775,Manish Yadav,manish.yadav592@outlook.com,Pimpri-Chinchwad,2022-12-17
5776,Ram Srivastava,ram.srivastava377@outlook.com,Madurai,2023-12-07
5777,Chandra Desai,chandra.desai2656@yahoo.com,Nagpur,2024-04-15
5778,Ritesh Dubey,ritesh.dubey1951@ymail.com,Ranchi,2022-02-02
5779,Mahesh Das,mahesh.das686@gmail.com,Dhanbad,2023-02-05
5780,Ajay Chopra,ajay.chopra4288@yahoo.com,Meerut,2024-05-17
5781,Ayesha Ghosh,ayesha.ghosh9408@outlook.com,Faridabad,2023-05-05
5782,Nisha Trivedi,nisha.trivedi4724@gmail.com,Kota,2023-10-31
5783,Om Mukherjee,om.mukherjee1508@ymail.com,Hubli,2023-07-22
5784,Kedar Khanna,kedar.khanna9791@hotmail.com,Kalyan-Dombivali,2024-10-12
5785,Jatin Bansal,jatin.bansal6233@rediffmail.com,Dhanbad,2023-03-03
5786,Lata Reddy,lata.reddy4980@hotmail.com,Faridabad,2023-03-25
5787,Jatin Jha,jatin.jha1075@hotmail.com,Meerut,2024-05-28
5788,Vivek Nanda,vivek.nanda8790@ymail.com,Kalyan-Dombivali,2023-12-26
5789,Ritu Chakraborty,ritu.chakraborty8424@yahoo.com,Madurai,2023-07-03
5790,Paras Deshpande,paras.deshpande4861@rediffmail.com,Solapur,2023-04-14
5791,Sanjeev Banerjee,sanjeev.banerjee5787@ymail.com,Ranchi,2024-05-28
5792,Sachin Das,sachin.das6824@outlook.com,Indore,2024-06-08
5793,Manish Yadav,manish.yadav4911@rediffmail.com,Ludhiana,2023-05-08
5794,Chandra Ahuja,chandra.ahuja7549@outlook.com,Faridabad,2024-12-10
5795,Nisha Agarwal,nisha.agarwal8322@rediffmail.com,Patna,2023-05-15
5796,Deepak Tiwari,deepak.tiwari6694@rediffmail.com,Ranchi,2023-03-24
5797,Sanjeev Yadav,sanjeev.yadav4126@hotmail.com,Bhopal,2024-05-31
5798,Reena Sharma,reena.sharma5525@rediffmail.com,Bengaluru,2023-12-31
5799,Akash Srivastava,akash.srivastava5007@hotmail.com,Hyderabad,2024-01-10
5800,Shiv Arora,shiv.arora9763@yahoo.com,Allahabad,2023-07-06
5801,Meena Mehta,meena.mehta2707@ymail.com,Mumbai,2022-04-15
5802,Nikhil Deshpande,nikhil.deshpande4594@yahoo.com,Hubli,2023-02-06
5803,Rakesh Arora,rakesh.arora7659@outlook.com,Thane,2024-09-30
5804,Yogesh Choudhary,yogesh.choudhary9672@hotmail.com,Pimpri-Chinchwad,2023-12-09
5805,Santosh Rao,santosh.rao79@yahoo.com,Ranchi,2022-02-28
5806,Anjali Kulkarni,anjali.kulkarni2257@hotmail.com,Ranchi,2023-12-21
5807,Asha Joshi,asha.joshi630@ymail.com,Jaipur,2022-01-10
5808,Kavita Jha,kavita.jha380@ymail.com,Kanpur,2022-07-12
5809,Kedar Dubey,kedar.dubey5627@yahoo.com,Chennai,2022-10-13
5810,Yogesh Mehta,yogesh.mehta9776@hotmail.com,Bareilly,2023-04-22
5811,Tanvi Dutta,tanvi.dutta8053@rediffmail.com,Hubli,2023-11-09
5812,Gaurav Bhatt,gaurav.bhatt1648@gmail.com,Surat,2023-05-05
5813,Sanjeev Joshi,sanjeev.joshi9439@gmail.com,Pimpri-Chinchwad,2022-12-08
5814,Meena Joshi,meena.joshi3026@outlook.com,Visakhapatnam,2022-11-02
5815,Rahul Kumar,rahul.kumar6231@yahoo.com,Madurai,2023-12-06
5816,Asha Sharma,asha.sharma838@rediffmail.com,Faridabad,2024-10-12
5817,Heena Nair,heena.nair3153@rediffmail.com,Guwahati,2023-12-18
5818,Lakshmi Gupta,lakshmi.gupta5607@gmail.com,Visakhapatnam,2024-06-02
5819,Amitabh Varma,amitabh.varma9890@ymail.com,Kolkata,2023-04-21
5820,Komal Chauhan,komal.chauhan1285@outlook.com,Madurai,2023-09-16
5821,Lakshmi Yadav,lakshmi.yadav5857@hotmail.com,Hubli,2023-03-27
5822,Shailesh Mehta,shailesh.mehta513@outlook.com,Jaipur,2024-08-28
5823,Divya Naik,divya.naik1764@outlook.com,Srinagar,2023-02-14
5824,Isha Malhotra,isha.malhotra4099@outlook.com,Pune,2022-10-15
5825,Uma Bhatt,uma.bhatt5202@outlook.com,Faridabad,2024-05-16
5826,Shiv Singh,shiv.singh2733@outlook.com,Visakhapatnam,2022-07-27
5827,Dev Srivastava,dev.srivastava6952@gmail.com,Amritsar,2023-06-12
5828,Pooja Chawla,pooja.chawla8375@ymail.com,Varanasi,2024-03-14
5829,Deepak Agarwal,deepak.agarwal9653@rediffmail.com,Hyderabad,2024-05-18
5830,Ram Dutta,ram.dutta1374@rediffmail.com,Vasai-Virar,2023-05-08
5831,Ajay Trivedi,ajay.trivedi3849@rediffmail.com,Jabalpur,2023-11-20
5832,Ankita Kumar,ankita.kumar8095@gmail.com,Vadodara,2023-11-19
5833,Amit Shukla,amit.shukla5406@ymail.com,Gwalior,2022-10-20
5834,Zara Verma,zara.verma2049@ymail.com,Guwahati,2024-05-07
5835,Neeraj Dutta,neeraj.dutta1638@yahoo.com,Hubli,2023-03-17
5836,Kabir Trivedi,kabir.trivedi3755@rediffmail.com,Ranchi,2024-12-22
5837,Amit Iyer,amit.iyer8227@hotmail.com,Kolkata,2023-08-21
5838,Sanjay Choudhary,sanjay.choudhary937@yahoo.com,Faridabad,2023-05-12
5839,Meena Iyer,meena.iyer6001@gmail.com,Raipur,2022-10-24
5840,Rahul Desai,rahul.desai3892@gmail.com,Bhopal,2023-06-07
5841,Ashok Mishra,ashok.mishra5928@hotmail.com,Varanasi,2024-02-15
5842,Nilesh Desai,nilesh.desai9935@rediffmail.com,Chennai,2022-08-14
5843,Shilpa Jha,shilpa.jha4798@rediffmail.com,Delhi,2023-08-08
5844,Sachin Ghosh,sachin.ghosh3180@gmail.com,Navi Mumbai,2023-02-20
5845,Sandeep Iyer,sandeep.iyer4076@outlook.com,Gwalior,2024-02-02
5846,Heena Chatterjee,heena.chatterjee1386@gmail.com,Raipur,2022-11-18
5847,Santosh Patel,santosh.patel7927@outlook.com,Ahmedabad,2022-08-08
5848,Komal Ahuja,komal.ahuja6685@yahoo.com,Raipur,2022-08-23
5849,Sapna Banerjee,sapna.banerjee7663@rediffmail.com,Jaipur,2024-03-09
5850,Yash Trivedi,yash.trivedi5567@gmail.com,Varanasi,2023-03-14
5851,Varun Das,varun.das8344@gmail.com,Vasai-Virar,2022-10-17
5852,Seema Pillai,seema.pillai1367@ymail.com,Hyderabad,2024-10-28
5853,Nitika Dutta,nitika.dutta2550@yahoo.com,Pune,2023-05-20
5854,Manish Pande,manish.pande1238@hotmail.com,Varanasi,2023-03-23
5855,Sapna Mehta,sapna.mehta7130@outlook.com,Ahmedabad,2022-02-25
5856,Lalit Chopra,lalit.chopra9255@rediffmail.com,Raipur,2024-07-13
5857,Nitika Agarwal,nitika.agarwal7243@ymail.com,Patna,2023-12-11
5858,Uma Pathak,uma.pathak1327@hotmail.com,Nagpur,2022-04-26
5859,Jatin Goyal,jatin.goyal5207@gmail.com,Mumbai,2022-12-30
5860,Aarav Chopra,aarav.chopra6182@ymail.com,Navi Mumbai,2023-05-15
5861,Rajesh Modi,rajesh.modi9093@rediffmail.com,Bengaluru,2023-03-13
5862,Simran Iyer,simran.iyer5673@gmail.com,Lucknow,2023-10-10
5863,Paras Khanna,paras.khanna7416@outlook.com,Hyderabad,2023-05-02
5864,Sanjay Tiwari,sanjay.tiwari779@hotmail.com,Mumbai,2023-02-26
5865,Jyoti Kulkarni,jyoti.kulkarni7525@ymail.com,Nashik,2023-09-02
5866,Sachin Bhatia,sachin.bhatia8790@ymail.com,Chandigarh,2022-10-27
5867,Ishaan Trivedi,ishaan.trivedi6947@rediffmail.com,Amritsar,2022-07-17
5868,Amitabh Bhatia,amitabh.bhatia3991@rediffmail.com,Madurai,2022-09-28
5869,Neha Desai,neha.desai1175@gmail.com,Hubli,2023-10-05
5870,Arjun Garg,arjun.garg4007@hotmail.com,Meerut,2022-05-04
5871,Arjun Naik,arjun.naik5088@yahoo.com,Surat,2022-01-06
5872,Arjun Garg,arjun.garg8773@ymail.com,Ranchi,2022-12-13
5873,Lata Trivedi,lata.trivedi3868@yahoo.com,Bengaluru,2023-02-08
5874,Seema Singh,seema.singh1259@ymail.com,Meerut,2024-12-07
5875,Ashish Singh,ashish.singh6736@yahoo.com,Kalyan-Dombivali,2022-01-19
5876,Ishaan Naik,ishaan.naik9263@ymail.com,Madurai,2022-06-26
5877,Sanjay Sharma,sanjay.sharma7847@yahoo.com,Solapur,2024-02-19
5878,Reena Agarwal,reena.agarwal7633@ymail.com,Amritsar,2023-09-20
5879,Sandeep Modi,sandeep.modi7020@outlook.com,Kanpur,2022-04-05
5880,Amitabh Ahuja,amitabh.ahuja5794@yahoo.com,Kolkata,2023-06-11
5881,Shanti Shukla,shanti.shukla1634@gmail.com,Aurangabad,2022-01-19
5882,Nikhil Chawla,nikhil.chawla7106@yahoo.com,Pimpri-Chinchwad,2024-01-18
5883,Vikram Trivedi,vikram.trivedi452@ymail.com,Madurai,2024-12-27
5884,Uday Pathak,uday.pathak5254@gmail.com,Kanpur,2023-03-20
5885,Nikhil Agarwal,nikhil.agarwal8669@hotmail.com,Kolkata,2022-08-14
5886,Vinay Tiwari,vinay.tiwari9571@gmail.com,Gwalior,2023-06-27
5887,Sunita Reddy,sunita.reddy4980@hotmail.com,Visakhapatnam,2024-01-15
5888,Mihir Pathak,mihir.pathak7744@yahoo.com,Gwalior,2024-03-20
5889,Lakshmi Jha,lakshmi.jha6382@gmail.com,Jabalpur,2023-01-17
5890,Nikhil Kumar,nikhil.kumar8168@gmail.com,Bhopal,2024-06-18
5891,Neha Singh,neha.singh1906@ymail.com,Hubli,2024-10-23
5892,Paras Kulkarni,paras.kulkarni2317@outlook.com,Bhopal,2023-12-27
5893,Meena Chauhan,meena.chauhan2204@ymail.com,Rajkot,2024-02-21
5894,Ritu Tiwari,ritu.tiwari7220@rediffmail.com,Thane,2022-02-21
5895,Lokesh Kapoor,lokesh.kapoor8101@yahoo.com,Srinagar,2022-07-21
5896,Geeta Naik,geeta.naik8598@outlook.com,Solapur,2023-08-10
5897,Tanvi Arora,tanvi.arora2718@ymail.com,Jaipur,2023-03-22
5898,Seema Reddy,seema.reddy4730@ymail.com,Meerut,2022-05-21
5899,Kavita Iyer,kavita.iyer6406@outlook.com,Kanpur,2024-10-09
5900,Mohan Dubey,mohan.dubey3579@gmail.com,Patna,2022-08-15
5901,Ankita Varma,ankita.varma7489@outlook.com,Bareilly,2022-07-18
5902,Seema Iyer,seema.iyer2853@ymail.com,Madurai,2022-07-29
5903,Lokesh Desai,lokesh.desai4842@rediffmail.com,Thane,2022-08-19
5904,Reena Khanna,reena.khanna8715@ymail.com,Kalyan-Dombivali,2023-03-01
5905,Vinod Banerjee,vinod.banerjee6811@hotmail.com,Aurangabad,2022-02-25
5906,Uday Ghosh,uday.ghosh6362@hotmail.com,Meerut,2024-03-04
5907,Ravi Murthy,ravi.murthy7915@gmail.com,Indore,2024-02-12
5908,Rahul Nanda,rahul.nanda3791@gmail.com,Delhi,2023-07-24
5909,Priya Dutta,priya.dutta7970@ymail.com,Jabalpur,2023-04-12
5910,Meena Singh,meena.singh3720@ymail.com,Kolkata,2023-12-07
5911,Ram Desai,ram.desai2376@ymail.com,Jabalpur,2022-08-21
5912,Sanjeev Reddy,sanjeev.reddy2748@outlook.com,Hyderabad,2024-02-25
5913,Krishna Pathak,krishna.pathak3655@hotmail.com,Chennai,2022-03-31
5914,Yogesh Ghosh,yogesh.ghosh818@outlook.com,Solapur,2022-10-25
5915,Ramesh Chauhan,ramesh.chauhan1343@rediffmail.com,Varanasi,2022-12-15
5916,Ashok Murthy,ashok.murthy2571@hotmail.com,Aurangabad,2022-09-12
5917,Pavan Deshpande,pavan.deshpande335@gmail.com,Allahabad,2022-08-22
5918,Neha Sharma,neha.sharma9559@outlook.com,Jodhpur,2022-04-20
5919,Uma Verma,uma.verma7872@hotmail.com,Raipur,2024-07-06
5920,Pooja Pillai,pooja.pillai8531@ymail.com,Visakhapatnam,2024-09-04
5921,Vivek Gupta,vivek.gupta9530@rediffmail.com,Varanasi,2022-04-27
5922,Kiran Das,kiran.das2209@gmail.com,Dhanbad,2022-09-12
5923,Asha Goyal,asha.goyal8951@outlook.com,Agra,2024-05-05
5924,Lalit Nair,lalit.nair1556@rediffmail.com,Gwalior,2024-12-30
5925,Sanjeev Chauhan,sanjeev.chauhan155@outlook.com,Chennai,2024-10-05
5926,Harish Rao,harish.rao5135@outlook.com,Bhopal,2022-07-13
5927,Megha Deshpande,megha.deshpande1543@yahoo.com,Jabalpur,2024-08-02
5928,Lata Yadav,lata.yadav5774@outlook.com,Kanpur,2024-04-28
5929,Aryan Kulkarni,aryan.kulkarni9777@hotmail.com,Jabalpur,2024-04-20
5930,Harish Modi,harish.modi9185@rediffmail.com,Chennai,2022-07-01
5931,Ram Yadav,ram.yadav3462@rediffmail.com,Kota,2022-04-20
5932,Manish Nair,manish.nair2732@ymail.com,Hyderabad,2022-08-22
5933,Sonal Dubey,sonal.dubey213@outlook.com,Chennai,2024-05-22
5934,Om Joshi,om.joshi3089@ymail.com,Kota,2022-12-18
5935,Asha Kaur,asha.kaur3635@ymail.com,Nagpur,2024-05-13
5936,Zara Chawla,zara.chawla3967@gmail.com,Aurangabad,2024-12-15
5937,Krishna Goyal,krishna.goyal9477@gmail.com,Hubli,2022-04-03
5938,Kedar Sharma,kedar.sharma9865@gmail.com,Bhopal,2024-09-02
5939,Sapna Das,sapna.das9853@hotmail.com,Solapur,2023-08-29
5940,Lokesh Nair,lokesh.nair5455@rediffmail.com,Thane,2023-12-01
5941,Shailesh Kulkarni,shailesh.kulkarni3841@ymail.com,Jabalpur,2022-09-11
5942,Chandra Mishra,chandra.mishra4563@ymail.com,Indore,2022-11-12
5943,Bhaskar Chatterjee,bhaskar.chatterjee5279@hotmail.com,Pune,2024-06-15
5944,Suresh Goyal,suresh.goyal1143@rediffmail.com,Kota,2023-01-13
5945,Komal Nanda,komal.nanda1094@ymail.com,Solapur,2023-06-05
5946,Tarun Modi,tarun.modi6898@yahoo.com,Pune,2023-01-09
5947,Shikha Deshpande,shikha.deshpande6649@gmail.com,Ahmedabad,2024-03-20
5948,Hemant Pande,hemant.pande9802@hotmail.com,Nashik,2023-06-13
5949,Arjun Verma,arjun.verma3407@ymail.com,Bareilly,2023-05-31
5950,Kiran Dutta,kiran.dutta1538@hotmail.com,Meerut,2023-03-22
5951,Sonu Bansal,sonu.bansal9882@yahoo.com,Mumbai,2024-08-21
5952,Reena Khanna,reena.khanna8542@ymail.com,Solapur,2023-11-23
5953,Sonu Pillai,sonu.pillai756@ymail.com,Coimbatore,2024-05-27
5954,Shanti Saxena,shanti.saxena5012@hotmail.com,Coimbatore,2024-08-09
5955,Ayesha Rao,ayesha.rao4548@ymail.com,Bengaluru,2022-12-27
5956,Shanti Chauhan,shanti.chauhan7552@outlook.com,Vijayawada,2023-01-21
5957,Krishna Reddy,krishna.reddy1523@outlook.com,Rajkot,2024-11-06
5958,Anjali Bhatia,anjali.bhatia3379@yahoo.com,Gwalior,2024-08-21
5959,Gaurav Banerjee,gaurav.banerjee7026@outlook.com,Delhi,2024-09-06
5960,Shailesh Chopra,shailesh.chopra1983@outlook.com,Madurai,2023-04-09
5961,Shikha Gupta,shikha.gupta184@ymail.com,Kanpur,2023-09-18
5962,Ashok Reddy,ashok.reddy2813@ymail.com,Lucknow,2023-07-08
5963,Arjun Sharma,arjun.sharma8606@ymail.com,Thane,2022-05-06
5964,Megha Shah,megha.shah4025@yahoo.com,Chandigarh,2023-04-26
5965,Mukesh Jain,mukesh.jain5056@gmail.com,Pune,2022-07-24
5966,Sanjay Trivedi,sanjay.trivedi5080@hotmail.com,Pimpri-Chinchwad,2022-12-11
5967,Karan Srivastava,karan.srivastava9057@hotmail.com,Surat,2022-03-05
5968,Deepak Sharma,deepak.sharma4580@yahoo.com,Hubli,2024-01-24
5969,Aarav Sharma,aarav.sharma9846@hotmail.com,Varanasi,2024-04-22
5970,Lakshmi Sharma,lakshmi.sharma1489@gmail.com,Madurai,2024-11-20
5971,Mohan Saxena,mohan.saxena1068@hotmail.com,Kalyan-Dombivali,2023-07-16
5972,Aditya Pillai,aditya.pillai9437@hotmail.com,Pune,2023-09-25
5973,Om Joshi,om.joshi3153@rediffmail.com,Allahabad,2022-05-14
5974,Vivek Deshpande,vivek.deshpande7659@gmail.com,Ludhiana,2023-09-30
5975,Tarun Rao,tarun.rao2200@hotmail.com,Ludhiana,2022-07-11
5976,Seema Rao,seema.rao915@rediffmail.com,Kanpur,2024-02-29
5977,Vikas Bhatia,vikas.bhatia1157@gmail.com,Jodhpur,2023-02-13
5978,Kiran Kaur,kiran.kaur5236@rediffmail.com,Pimpri-Chinchwad,2023-01-07
5979,Simran Pande,simran.pande9727@yahoo.com,Bengaluru,2022-12-24
5980,Ishaan Mishra,ishaan.mishra6263@ymail.com,Meerut,2024-06-05
5981,Ramesh Saxena,ramesh.saxena6938@rediffmail.com,Kanpur,2022-12-10
5982,Rakesh Joshi,rakesh.joshi3830@yahoo.com,Allahabad,2024-02-25
5983,Ansh Pande,ansh.pande4097@gmail.com,Chennai,2023-01-28
5984,Ritesh Shah,ritesh.shah267@rediffmail.com,Thane,2023-09-18
5985,Ashok Goyal,ashok.goyal2438@hotmail.com,Mumbai,2024-02-15
5986,Mohan Shah,mohan.shah2912@rediffmail.com,Solapur,2023-01-20
5987,Jyoti Kulkarni,jyoti.kulkarni3135@yahoo.com,Vadodara,2024-11-25
5988,Pradeep Pathak,pradeep.pathak3770@yahoo.com,Visakhapatnam,2023-03-04
5989,Nisha Kapoor,nisha.kapoor1680@ymail.com,Navi Mumbai,2024-02-20
5990,Mukesh Sengupta,mukesh.sengupta4169@ymail.com,Bengaluru,2024-11-05
5991,Mukesh Tiwari,mukesh.tiwari5931@hotmail.com,Kanpur,2023-08-06
5992,Isha Singh,isha.singh9209@yahoo.com,Meerut,2022-10-01
5993,Rahul Jha,rahul.jha5629@gmail.com,Varanasi,2023-07-05
5994,Girish Jha,girish.jha356@rediffmail.com,Nashik,2022-12-01
5995,Sonal Bose,sonal.bose9166@ymail.com,Navi Mumbai,2024-02-04
5996,Ritesh Goyal,ritesh.goyal7858@ymail.com,Mumbai,2023-05-25
5997,Rakesh Kumar,rakesh.kumar9914@outlook.com,Patna,2023-11-01
5998,Girish Jain,girish.jain9846@gmail.com,Aurangabad,2024-04-09
5999,Krishna Arora,krishna.arora4238@outlook.com,Ahmedabad,2024-12-07
6000,Geeta Agarwal,geeta.agarwal617@rediffmail.com,Coimbatore,2023-11-28
6001,Kabir Chopra,kabir.chopra9020@rediffmail.com,Srinagar,2023-03-11
6002,Anand Goyal,anand.goyal4667@ymail.com,Chandigarh,2024-04-03
6003,Santosh Kaur,santosh.kaur8460@outlook.com,Vasai-Virar,2024-07-10
6004,Ravi Naik,ravi.naik9493@hotmail.com,Srinagar,2022-02-03
6005,Megha Sharma,megha.sharma1745@outlook.com,Kota,2022-02-15
6006,Vikram Chakraborty,vikram.chakraborty7099@rediffmail.com,Hyderabad,2022-06-24
6007,Uma Ghosh,uma.ghosh7215@gmail.com,Kolkata,2022-02-23
6008,Sonal Dubey,sonal.dubey8579@hotmail.com,Guwahati,2024-07-06
6009,Aryan Jha,aryan.jha6426@outlook.com,Nashik,2024-05-07
6010,Mukesh Singh,mukesh.singh5338@gmail.com,Jodhpur,2023-11-25
6011,Ankita Naik,ankita.naik8277@outlook.com,Delhi,2022-07-16
6012,Mahesh Modi,mahesh.modi4793@hotmail.com,Howrah,2023-01-06
6013,Girish Gupta,girish.gupta3400@hotmail.com,Gwalior,2024-06-09
6014,Ram Nair,ram.nair5369@gmail.com,Pimpri-Chinchwad,2023-10-26
6015,Sonal Chatterjee,sonal.chatterjee273@ymail.com,Agra,2024-04-17
6016,Megha Bose,megha.bose9448@yahoo.com,Dhanbad,2023-12-04
6017,Kedar Arora,kedar.arora2224@ymail.com,Solapur,2023-06-26
6018,Yash Desai,yash.desai9192@outlook.com,Chennai,2024-08-23
6019,Tarun Sharma,tarun.sharma8800@rediffmail.com,Lucknow,2023-11-10
6020,Sunita Malhotra,sunita.malhotra2038@hotmail.com,Bengaluru,2022-09-24
6021,Krishna Bansal,krishna.bansal3944@rediffmail.com,Ludhiana,2024-10-01
6022,Mohan Sinha,mohan.sinha2826@outlook.com,Vadodara,2024-11-19
6023,Sunil Bhatia,sunil.bhatia6739@yahoo.com,Navi Mumbai,2023-08-12
6024,Ram Garg,ram.garg6672@rediffmail.com,Hyderabad,2024-02-29
6025,Geeta Jain,geeta.jain8392@hotmail.com,Thane,2022-02-08
6026,Shiv Yadav,shiv.yadav1386@gmail.com,Bareilly,2022-06-12
6027,Uma Srivastava,uma.srivastava2316@outlook.com,Ranchi,2024-02-12
6028,Reena Jha,reena.jha1378@rediffmail.com,Jodhpur,2023-03-03
6029,Aarav Srivastava,aarav.srivastava4817@ymail.com,Amritsar,2024-01-26
6030,Bhaskar Chatterjee,bhaskar.chatterjee8024@outlook.com,Nashik,2024-12-09
6031,Madhav Srivastava,madhav.srivastava7780@gmail.com,Indore,2024-03-04
6032,Komal Kulkarni,komal.kulkarni2404@gmail.com,Nagpur,2024-05-15
6033,Harish Ghosh,harish.ghosh4982@ymail.com,Patna,2023-03-09
6034,Sachin Pathak,sachin.pathak4230@outlook.com,Amritsar,2024-02-13
6035,Simran Sinha,simran.sinha4008@yahoo.com,Pune,2022-05-28
6036,Sapna Choudhary,sapna.choudhary3215@yahoo.com,Faridabad,2024-06-19
6037,Sapna Kulkarni,sapna.kulkarni1455@outlook.com,Guwahati,2022-04-08
6038,Neha Mukherjee,neha.mukherjee3602@gmail.com,Varanasi,2023-09-10
6039,Kabir Chakraborty,kabir.chakraborty5855@outlook.com,Srinagar,2024-05-26
6040,Dev Shah,dev.shah6775@yahoo.com,Meerut,2023-05-17
6041,Manish Malhotra,manish.malhotra8818@hotmail.com,Kota,2022-03-26
6042,Parul Pillai,parul.pillai9082@rediffmail.com,Dhanbad,2024-10-12
6043,Jayesh Trivedi,jayesh.trivedi8124@hotmail.com,Gwalior,2023-07-13
6044,Seema Gupta,seema.gupta3923@hotmail.com,Amritsar,2023-11-16
6045,Ayesha Patel,ayesha.patel5803@yahoo.com,Varanasi,2024-07-30
6046,Sudhir Ghosh,sudhir.ghosh451@yahoo.com,Aurangabad,2024-03-08
6047,Nilesh Kulkarni,nilesh.kulkarni9136@outlook.com,Patna,2022-02-21
6048,Jayesh Chakraborty,jayesh.chakraborty2463@gmail.com,Aurangabad,2024-05-12
6049,Nilesh Joshi,nilesh.joshi1320@hotmail.com,Jabalpur,2024-06-30
6050,Lakshmi Deshpande,lakshmi.deshpande4884@gmail.com,Chennai,2023-10-12
6051,Sneha Mishra,sneha.mishra3403@ymail.com,Bareilly,2023-03-02
6052,Anil Pillai,anil.pillai9640@gmail.com,Bengaluru,2022-04-06
6053,Ram Bose,ram.bose4551@ymail.com,Bengaluru,2024-04-17
6054,Lokesh Khanna,lokesh.khanna5851@ymail.com,Amritsar,2022-11-04
6055,Ishaan Sinha,ishaan.sinha4760@ymail.com,Visakhapatnam,2023-12-05
6056,Isha Nair,isha.nair5465@ymail.com,Madurai,2024-05-15
6057,Lata Garg,lata.garg5603@yahoo.com,Nagpur,2022-09-24
6058,Megha Kumar,megha.kumar523@ymail.com,Raipur,2022-01-28
6059,Vikas Arora,vikas.arora4264@outlook.com,Delhi,2022-06-11
6060,Anjali Bansal,anjali.bansal4023@hotmail.com,Coimbatore,2024-01-11
6061,Tanvi Kulkarni,tanvi.kulkarni1275@gmail.com,Jabalpur,2024-10-24
6062,Rakesh Patel,rakesh.patel6539@hotmail.com,Kolkata,2022-06-27
6063,Rahul Chauhan,rahul.chauhan5215@rediffmail.com,Indore,2024-07-06
6064,Sudhir Banerjee,sudhir.banerjee4534@outlook.com,Vasai-Virar,2022-06-06
6065,Kedar Singh,kedar.singh5021@outlook.com,Varanasi,2024-05-20
6066,Ritu Bhatt,ritu.bhatt8368@ymail.com,Hubli,2024-04-16
6067,Parul Modi,parul.modi1@hotmail.com,Chandigarh,2024-08-03
6068,Shruti Patel,shruti.patel6744@outlook.com,Madurai,2024-02-25
6069,Rahul Mukherjee,rahul.mukherjee2413@ymail.com,Gwalior,2022-02-02
6070,Shyam Kapoor,shyam.kapoor2182@hotmail.com,Rajkot,2023-12-04
6071,Reena Patel,reena.patel6143@gmail.com,Navi Mumbai,2022-05-19
6072,Kabir Shukla,kabir.shukla2689@ymail.com,Thane,2023-04-20
6073,Aarav Singh,aarav.singh2957@rediffmail.com,Guwahati,2023-01-16
6074,Om Kumar,om.kumar4683@gmail.com,Ludhiana,2023-07-24
6075,Uday Mishra,uday.mishra3965@rediffmail.com,Allahabad,2024-05-14
6076,Dev Chatterjee,dev.chatterjee2549@gmail.com,Visakhapatnam,2022-04-23
6077,Lalit Bhatia,lalit.bhatia3544@gmail.com,Allahabad,2024-03-06
6078,Madhav Arora,madhav.arora5052@outlook.com,Vadodara,2024-07-12
6079,Vikram Garg,vikram.garg3494@rediffmail.com,Coimbatore,2022-07-04
6080,Jatin Mehta,jatin.mehta8198@hotmail.com,Lucknow,2023-06-19
6081,Nikhil Iyer,nikhil.iyer4956@yahoo.com,Mumbai,2023-01-20
6082,Komal Pathak,komal.pathak4301@hotmail.com,Pune,2022-02-04
6083,Anand Sengupta,anand.sengupta2728@ymail.com,Thane,2024-10-30
6084,Nitesh Reddy,nitesh.reddy3698@hotmail.com,Kolkata,2024-04-12
6085,Megha Iyer,megha.iyer8142@outlook.com,Vadodara,2022-07-15
6086,Girish Bhatt,girish.bhatt3336@hotmail.com,Chennai,2024-11-01
6087,Sapna Deshpande,sapna.deshpande142@yahoo.com,Nashik,2024-11-18
6088,Lokesh Deshpande,lokesh.deshpande4384@outlook.com,Bareilly,2023-10-14
6089,Pradeep Verma,pradeep.verma1287@hotmail.com,Indore,2024-12-15
6090,Sonu Naik,sonu.naik5975@ymail.com,Lucknow,2022-09-01
6091,Nitika Nanda,nitika.nanda9869@hotmail.com,Agra,2022-04-29
6092,Suresh Pande,suresh.pande8561@hotmail.com,Guwahati,2022-06-05
6093,Zara Das,zara.das9077@outlook.com,Agra,2024-01-10
6094,Suresh Nair,suresh.nair1813@outlook.com,Srinagar,2023-12-08
6095,Sonal Pillai,sonal.pillai2914@yahoo.com,Allahabad,2023-02-25
6096,Varun Chauhan,varun.chauhan9628@yahoo.com,Vadodara,2024-12-26
6097,Sonal Pande,sonal.pande1503@rediffmail.com,Guwahati,2022-03-26
6098,Shruti Bansal,shruti.bansal3213@rediffmail.com,Chennai,2023-06-13
6099,Vikas Kaur,vikas.kaur3098@hotmail.com,Jaipur,2022-12-21
6100,Kedar Chatterjee,kedar.chatterjee2573@gmail.com,Kota,2024-01-28
6101,Ram Mehta,ram.mehta3968@gmail.com,Coimbatore,2022-07-28
6102,Dev Bhatia,dev.bhatia8438@hotmail.com,Surat,2024-08-25
6103,Yash Deshpande,yash.deshpande4837@gmail.com,Kolkata,2023-08-29
6104,Shiv Khanna,shiv.khanna1444@yahoo.com,Bhopal,2022-06-21
6105,Krishna Mukherjee,krishna.mukherjee5839@hotmail.com,Nagpur,2022-04-21
6106,Anjali Jain,anjali.jain3662@gmail.com,Nagpur,2022-05-01
6107,Suresh Iyer,suresh.iyer4864@gmail.com,Varanasi,2024-06-22
6108,Pradeep Bhatt,pradeep.bhatt1636@gmail.com,Gwalior,2024-04-14
6109,Lata Pillai,lata.pillai8996@hotmail.com,Madurai,2023-10-03
6110,Kiran Mehta,kiran.mehta6665@ymail.com,Guwahati,2024-06-04
6111,Ishaan Sinha,ishaan.sinha5005@hotmail.com,Vadodara,2022-09-03
6112,Sudhir Nanda,sudhir.nanda3011@rediffmail.com,Coimbatore,2022-07-21
6113,Bhaskar Kulkarni,bhaskar.kulkarni9797@hotmail.com,Agra,2022-11-09
6114,Anil Kulkarni,anil.kulkarni5027@ymail.com,Kolkata,2022-07-30
6115,Ajay Kulkarni,ajay.kulkarni1715@ymail.com,Solapur,2024-02-23
6116,Sandeep Kaur,sandeep.kaur1529@gmail.com,Hyderabad,2024-12-14
6117,Sahil Chopra,sahil.chopra2623@ymail.com,Visakhapatnam,2022-10-02
6118,Sunita Sinha,sunita.sinha2024@outlook.com,Allahabad,2022-10-17
6119,Mihir Verma,mihir.verma8249@yahoo.com,Surat,2022-06-21
6120,Sahil Varma,sahil.varma8180@hotmail.com,Vijayawada,2024-04-03
6121,Deepika Reddy,deepika.reddy6243@rediffmail.com,Howrah,2024-02-21
6122,Bhaskar Ahuja,bhaskar.ahuja8669@yahoo.com,Vijayawada,2023-07-09
6123,Om Pande,om.pande1415@ymail.com,Mumbai,2022-01-23
6124,Lakshmi Pande,lakshmi.pande3775@yahoo.com,Madurai,2023-12-22
6125,Om Chopra,om.chopra2174@rediffmail.com,Vijayawada,2024-07-22
6126,Ananya Shukla,ananya.shukla3298@yahoo.com,Surat,2022-03-04
6127,Amitabh Reddy,amitabh.reddy7591@hotmail.com,Ranchi,2023-11-27
6128,Rohan Modi,rohan.modi2111@hotmail.com,Nagpur,2024-08-06
6129,Ashish Choudhary,ashish.choudhary9996@hotmail.com,Kolkata,2023-08-28
6130,Krishna Desai,krishna.desai733@hotmail.com,Raipur,2024-11-14
6131,Vinod Banerjee,vinod.banerjee378@ymail.com,Surat,2024-11-22
6132,Meena Ahuja,meena.ahuja6228@gmail.com,Patna,2022-02-28
6133,Dev Trivedi,dev.trivedi2981@hotmail.com,Mumbai,2024-05-07
6134,Sudhir Joshi,sudhir.joshi4923@outlook.com,Visakhapatnam,2024-07-12
6135,Sunita Khanna,sunita.khanna9945@hotmail.com,Bengaluru,2022-02-17
6136,Jatin Chakraborty,jatin.chakraborty1367@ymail.com,Amritsar,2024-10-31
6137,Krishna Kumar,krishna.kumar6425@ymail.com,Visakhapatnam,2023-02-23
6138,Amit Chauhan,amit.chauhan6373@hotmail.com,Vijayawada,2023-12-27
6139,Mukesh Varma,mukesh.varma2205@yahoo.com,Amritsar,2024-10-04
6140,Pooja Murthy,pooja.murthy8364@outlook.com,Chandigarh,2024-02-20
6141,Lakshmi Kumar,lakshmi.kumar3894@gmail.com,Indore,2024-03-08
6142,Sanjeev Bansal,sanjeev.bansal6828@ymail.com,Jaipur,2022-10-10
6143,Uday Patel,uday.patel378@gmail.com,Pune,2023-02-01
6144,Rajesh Kaur,rajesh.kaur150@hotmail.com,Aurangabad,2023-07-22
6145,Santosh Srivastava,santosh.srivastava7328@gmail.com,Hubli,2022-02-01
6146,Harish Murthy,harish.murthy274@yahoo.com,Agra,2022-09-06
6147,Sonal Singh,sonal.singh4201@rediffmail.com,Coimbatore,2023-10-23
6148,Shruti Garg,shruti.garg9177@yahoo.com,Guwahati,2023-08-17
6149,Kedar Bhatia,kedar.bhatia9653@ymail.com,Hubli,2022-09-07
6150,Jayesh Mehta,jayesh.mehta9231@ymail.com,Hyderabad,2024-01-11
6151,Hemant Iyer,hemant.iyer7218@yahoo.com,Ranchi,2023-05-06
6152,Ravi Joshi,ravi.joshi1524@ymail.com,Kalyan-Dombivali,2024-08-29
6153,Harish Rao,harish.rao923@rediffmail.com,Agra,2023-03-29
6154,Ashok Saxena,ashok.saxena6453@outlook.com,Mumbai,2023-06-08
6155,Vikas Murthy,vikas.murthy8472@outlook.com,Vijayawada,2024-12-18
6156,Simran Tiwari,simran.tiwari6781@hotmail.com,Meerut,2022-11-02
6157,Ravi Sengupta,ravi.sengupta2733@hotmail.com,Bareilly,2024-12-31
6158,Sanjeev Desai,sanjeev.desai2603@rediffmail.com,Lucknow,2022-01-04
6159,Sonal Srivastava,sonal.srivastava1816@rediffmail.com,Indore,2022-11-12
6160,Isha Kapoor,isha.kapoor3436@gmail.com,Vasai-Virar,2024-11-10
6161,Parul Jha,parul.jha6998@rediffmail.com,Chandigarh,2023-09-03
6162,Seema Yadav,seema.yadav6921@outlook.com,Kalyan-Dombivali,2024-10-11
6163,Paras Ahuja,paras.ahuja6541@hotmail.com,Ludhiana,2023-03-25
6164,Nitesh Goyal,nitesh.goyal4600@rediffmail.com,Ludhiana,2024-08-30
6165,Krishna Choudhary,krishna.choudhary1301@yahoo.com,Nashik,2023-02-15
6166,Ankit Mishra,ankit.mishra5282@hotmail.com,Raipur,2023-11-07
6167,Reena Rao,reena.rao2600@rediffmail.com,Kota,2024-09-27
6168,Kabir Naik,kabir.naik7494@hotmail.com,Kolkata,2022-05-12
6169,Shikha Rao,shikha.rao4770@rediffmail.com,Meerut,2022-11-17
6170,Mohan Malhotra,mohan.malhotra5296@gmail.com,Solapur,2022-08-30
6171,Sunil Pillai,sunil.pillai8078@outlook.com,Visakhapatnam,2023-11-17
6172,Heena Goyal,heena.goyal6657@hotmail.com,Ludhiana,2022-05-28
6173,Sonali Joshi,sonali.joshi7141@hotmail.com,Ahmedabad,2024-04-05
6174,Neeraj Nair,neeraj.nair9812@outlook.com,Bhopal,2022-01-17
6175,Yogesh Varma,yogesh.varma817@rediffmail.com,Indore,2023-12-20
6176,Shyam Murthy,shyam.murthy3010@gmail.com,Ahmedabad,2024-03-22
6177,Sudhir Deshpande,sudhir.deshpande617@gmail.com,Hubli,2023-11-02
6178,Ram Mishra,ram.mishra2544@yahoo.com,Pimpri-Chinchwad,2022-10-24
6179,Ashok Nair,ashok.nair4601@rediffmail.com,Solapur,2023-03-17
6180,Kedar Tiwari,kedar.tiwari9834@yahoo.com,Aurangabad,2024-02-21
6181,Megha Nanda,megha.nanda800@rediffmail.com,Vijayawada,2024-11-30
6182,Sonali Ghosh,sonali.ghosh7142@ymail.com,Kota,2022-04-11
6183,Ankit Varma,ankit.varma8293@gmail.com,Pimpri-Chinchwad,2022-01-17
6184,Sunil Dubey,sunil.dubey3221@hotmail.com,Ranchi,2022-01-11
6185,Ankita Yadav,ankita.yadav5467@yahoo.com,Varanasi,2023-05-11
6186,Lokesh Trivedi,lokesh.trivedi8635@outlook.com,Rajkot,2024-09-22
6187,Aryan Banerjee,aryan.banerjee5668@hotmail.com,Visakhapatnam,2023-07-13
6188,Mihir Mukherjee,mihir.mukherjee259@hotmail.com,Bhopal,2022-11-12
6189,Vivek Khanna,vivek.khanna671@rediffmail.com,Vasai-Virar,2024-09-19
6190,Varun Goyal,varun.goyal6602@ymail.com,Kota,2022-10-10
6191,Om Chopra,om.chopra788@ymail.com,Agra,2023-02-27
6192,Manish Banerjee,manish.banerjee4898@rediffmail.com,Howrah,2022-05-09
6193,Aryan Pathak,aryan.pathak2510@ymail.com,Navi Mumbai,2023-12-16
6194,Megha Malhotra,megha.malhotra2516@rediffmail.com,Faridabad,2022-03-29
6195,Deepika Bhatt,deepika.bhatt5856@hotmail.com,Chandigarh,2023-03-22
6196,Rajesh Garg,rajesh.garg322@ymail.com,Dhanbad,2024-07-18
6197,Kunal Chakraborty,kunal.chakraborty5244@rediffmail.com,Jaipur,2022-07-02
6198,Zara Das,zara.das6329@yahoo.com,Kalyan-Dombivali,2023-06-17
6199,Harish Pathak,harish.pathak6075@outlook.com,Aurangabad,2024-11-14
6200,Jyoti Gupta,jyoti.gupta6479@gmail.com,Varanasi,2022-02-15
6201,Tarun Mishra,tarun.mishra5627@gmail.com,Madurai,2022-07-24
6202,Ritesh Murthy,ritesh.murthy1060@outlook.com,Aurangabad,2024-02-07
6203,Lokesh Bhatia,lokesh.bhatia2510@rediffmail.com,Raipur,2023-07-22
6204,Kavita Chauhan,kavita.chauhan5027@rediffmail.com,Bareilly,2022-12-05
6205,Kunal Dubey,kunal.dubey1644@outlook.com,Pimpri-Chinchwad,2022-12-31
6206,Pavan Srivastava,pavan.srivastava4007@rediffmail.com,Bareilly,2023-11-20
6207,Sanjeev Pande,sanjeev.pande7797@hotmail.com,Varanasi,2024-06-30
6208,Mukesh Joshi,mukesh.joshi6214@hotmail.com,Coimbatore,2022-03-17
6209,Nitesh Ahuja,nitesh.ahuja5926@hotmail.com,Vadodara,2023-06-24
6210,Sanjay Trivedi,sanjay.trivedi3445@ymail.com,Vadodara,2023-04-01
6211,Sonali Kumar,sonali.kumar8799@outlook.com,Madurai,2024-10-05
6212,Aryan Jha,aryan.jha6727@rediffmail.com,Kanpur,2022-10-16
6213,Shiv Agarwal,shiv.agarwal9540@hotmail.com,Bareilly,2022-04-21
6214,Nitika Khanna,nitika.khanna3949@hotmail.com,Ahmedabad,2023-12-10
6215,Girish Kapoor,girish.kapoor9728@outlook.com,Srinagar,2022-09-13
6216,Ananya Saxena,ananya.saxena783@gmail.com,Ahmedabad,2023-11-14
6217,Sandeep Ghosh,sandeep.ghosh7576@outlook.com,Thane,2023-08-13
6218,Rohan Ghosh,rohan.ghosh3939@ymail.com,Chennai,2023-06-22
6219,Shailesh Naik,shailesh.naik7926@yahoo.com,Kanpur,2023-12-23
6220,Lata Mehta,lata.mehta8200@hotmail.com,Rajkot,2023-06-06
6221,Aryan Dutta,aryan.dutta5614@hotmail.com,Jodhpur,2024-09-26
6222,Kedar Chauhan,kedar.chauhan6448@rediffmail.com,Agra,2024-02-06
6223,Nilesh Dubey,nilesh.dubey5146@yahoo.com,Bhopal,2022-10-24
6224,Pradeep Kapoor,pradeep.kapoor6110@hotmail.com,Ranchi,2022-02-06
6225,Tarun Tiwari,tarun.tiwari9537@hotmail.com,Dhanbad,2023-09-10
6226,Tarun Modi,tarun.modi5934@rediffmail.com,Pune,2024-04-17
6227,Meena Arora,meena.arora2546@rediffmail.com,Bareilly,2023-06-22
6228,Sachin Rao,sachin.rao1927@yahoo.com,Kalyan-Dombivali,2022-12-10
6229,Ishaan Dubey,ishaan.dubey4948@outlook.com,Mumbai,2023-09-08
6230,Ajay Mehta,ajay.mehta1668@hotmail.com,Rajkot,2024-06-29
6231,Sahil Shukla,sahil.shukla1574@hotmail.com,Chandigarh,2024-10-06
6232,Santosh Patel,santosh.patel8015@ymail.com,Kota,2023-05-18
6233,Karan Chawla,karan.chawla9110@hotmail.com,Guwahati,2023-10-17
6234,Ram Jha,ram.jha684@rediffmail.com,Guwahati,2023-03-20
6235,Om Gupta,om.gupta6109@ymail.com,Bareilly,2024-04-04
6236,Amit Chawla,amit.chawla7561@gmail.com,Nagpur,2024-03-06
6237,Arjun Ahuja,arjun.ahuja1276@outlook.com,Nashik,2022-03-05
6238,Sanjeev Bose,sanjeev.bose645@gmail.com,Varanasi,2022-03-14
6239,Mahesh Mehta,mahesh.mehta9385@ymail.com,Pimpri-Chinchwad,2022-03-10
6240,Nitika Naik,nitika.naik7086@ymail.com,Jabalpur,2022-12-31
6241,Pooja Jain,pooja.jain5142@ymail.com,Pune,2024-03-25
6242,Yash Shukla,yash.shukla2558@gmail.com,Solapur,2024-01-18
6243,Ramesh Varma,ramesh.varma3873@ymail.com,Ranchi,2024-05-18
6244,Neeraj Khanna,neeraj.khanna4096@hotmail.com,Nagpur,2024-05-27
6245,Nitika Garg,nitika.garg6030@ymail.com,Nashik,2024-12-15
6246,Reena Kulkarni,reena.kulkarni746@outlook.com,Hyderabad,2024-07-19
6247,Ashok Chopra,ashok.chopra8749@rediffmail.com,Indore,2023-07-08
6248,Sonu Bhatt,sonu.bhatt3501@yahoo.com,Nashik,2022-08-07
6249,Sneha Deshpande,sneha.deshpande120@gmail.com,Pimpri-Chinchwad,2023-01-24
6250,Ananya Pathak,ananya.pathak7670@hotmail.com,Lucknow,2024-10-05
6251,Sahil Iyer,sahil.iyer3715@outlook.com,Rajkot,2023-04-06
6252,Kiran Mishra,kiran.mishra9303@outlook.com,Varanasi,2022-05-09
6253,Shailesh Goyal,shailesh.goyal8523@gmail.com,Nagpur,2022-01-23
6254,Santosh Bansal,santosh.bansal7476@ymail.com,Chandigarh,2023-04-13
6255,Sunita Kapoor,sunita.kapoor7160@hotmail.com,Ranchi,2022-11-11
6256,Mahesh Verma,mahesh.verma413@rediffmail.com,Kanpur,2023-12-03
6257,Divya Saxena,divya.saxena6801@yahoo.com,Chandigarh,2024-08-22
6258,Suresh Patel,suresh.patel4333@ymail.com,Bareilly,2022-05-20
6259,Bhaskar Mukherjee,bhaskar.mukherjee8300@rediffmail.com,Meerut,2024-05-28
6260,Ramesh Chauhan,ramesh.chauhan1450@yahoo.com,Raipur,2022-09-21
6261,Geeta Trivedi,geeta.trivedi2724@gmail.com,Visakhapatnam,2022-12-07
6262,Komal Chakraborty,komal.chakraborty2607@outlook.com,Kolkata,2022-08-10
6263,Ramesh Modi,ramesh.modi8955@rediffmail.com,Surat,2023-11-14
6264,Suresh Pillai,suresh.pillai5016@outlook.com,Hubli,2023-10-15
6265,Neha Ghosh,neha.ghosh4471@outlook.com,Faridabad,2023-03-16
6266,Divya Kapoor,divya.kapoor5195@hotmail.com,Patna,2022-06-06
6267,Asha Nair,asha.nair1599@ymail.com,Allahabad,2023-12-03
6268,Ankit Dubey,ankit.dubey6260@outlook.com,Nagpur,2024-11-12
6269,Ajay Shah,ajay.shah5540@yahoo.com,Hyderabad,2023-02-27
6270,Rahul Verma,rahul.verma8846@gmail.com,Kota,2023-03-20
6271,Neeraj Yadav,neeraj.yadav7027@rediffmail.com,Vadodara,2022-07-24
6272,Pradeep Tiwari,pradeep.tiwari4579@outlook.com,Kolkata,2023-06-17
6273,Madhav Saxena,madhav.saxena2205@yahoo.com,Delhi,2022-06-02
6274,Jayesh Saxena,jayesh.saxena8557@yahoo.com,Nagpur,2023-05-13
6275,Komal Goyal,komal.goyal978@gmail.com,Ahmedabad,2023-01-14
6276,Neeraj Das,neeraj.das8876@yahoo.com,Meerut,2022-01-24
6277,Geeta Agarwal,geeta.agarwal8326@outlook.com,Bareilly,2024-03-19
6278,Zara Gupta,zara.gupta7680@outlook.com,Bengaluru,2022-01-22
6279,Mihir Saxena,mihir.saxena7917@outlook.com,Pune,2023-05-01
6280,Sonu Mehta,sonu.mehta6181@yahoo.com,Solapur,2024-02-04
6281,Aarav Mishra,aarav.mishra6899@ymail.com,Aurangabad,2022-05-15
6282,Sahil Kulkarni,sahil.kulkarni3040@gmail.com,Dhanbad,2022-10-29
6283,Amitabh Gupta,amitabh.gupta8940@rediffmail.com,Navi Mumbai,2024-03-19
6284,Rajesh Bansal,rajesh.bansal4912@gmail.com,Amritsar,2024-03-09
6285,Swati Pande,swati.pande3644@gmail.com,Thane,2022-11-28
6286,Mahesh Bose,mahesh.bose4873@ymail.com,Agra,2024-03-31
6287,Jatin Pillai,jatin.pillai7036@outlook.com,Vadodara,2022-08-12
6288,Ravi Pillai,ravi.pillai1366@outlook.com,Bengaluru,2023-10-24
6289,Shilpa Sengupta,shilpa.sengupta3780@rediffmail.com,Raipur,2022-02-11
6290,Mahesh Trivedi,mahesh.trivedi4099@rediffmail.com,Bengaluru,2024-09-23
6291,Sandeep Agarwal,sandeep.agarwal3760@hotmail.com,Jaipur,2023-11-20
6292,Swati Saxena,swati.saxena1876@ymail.com,Jabalpur,2024-07-11
6293,Seema Bansal,seema.bansal2022@rediffmail.com,Chennai,2024-02-05
6294,Rajesh Pande,rajesh.pande1636@yahoo.com,Rajkot,2022-10-19
6295,Ramesh Khanna,ramesh.khanna7612@gmail.com,Srinagar,2023-07-22
6296,Dev Chawla,dev.chawla5442@yahoo.com,Chennai,2023-05-25
6297,Sahil Sengupta,sahil.sengupta6521@ymail.com,Jaipur,2023-11-30
6298,Deepika Khanna,deepika.khanna57@yahoo.com,Kanpur,2022-08-20
6299,Mohan Pande,mohan.pande411@rediffmail.com,Guwahati,2024-11-10
6300,Nikhil Kapoor,nikhil.kapoor4528@rediffmail.com,Mumbai,2022-10-17
6301,Vikas Yadav,vikas.yadav9888@yahoo.com,Nagpur,2024-01-24
6302,Priya Dutta,priya.dutta8250@hotmail.com,Nagpur,2022-06-19
6303,Aarav Kulkarni,aarav.kulkarni5933@outlook.com,Bhopal,2023-10-31
6304,Uma Bhatt,uma.bhatt7865@hotmail.com,Agra,2023-06-04
6305,Madhav Pande,madhav.pande3567@ymail.com,Guwahati,2023-12-08
6306,Ashish Ahuja,ashish.ahuja2670@ymail.com,Kolkata,2023-09-16
6307,Ananya Chatterjee,ananya.chatterjee1449@yahoo.com,Allahabad,2023-05-16
6308,Gaurav Bhatt,gaurav.bhatt9362@hotmail.com,Faridabad,2024-11-17
6309,Sahil Patel,sahil.patel7901@rediffmail.com,Coimbatore,2022-01-25
6310,Anand Dutta,anand.dutta5553@rediffmail.com,Srinagar,2022-07-24
6311,Om Banerjee,om.banerjee8077@gmail.com,Dhanbad,2022-02-24
6312,Gaurav Arora,gaurav.arora5660@outlook.com,Amritsar,2024-07-14
6313,Yogesh Bansal,yogesh.bansal9391@hotmail.com,Chennai,2022-09-23
6314,Jatin Chatterjee,jatin.chatterjee6259@gmail.com,Agra,2022-07-10
6315,Manish Ghosh,manish.ghosh8862@yahoo.com,Hubli,2023-10-19
6316,Girish Garg,girish.garg7344@outlook.com,Ranchi,2023-06-15
6317,Asha Srivastava,asha.srivastava9132@outlook.com,Hubli,2024-04-06
6318,Nikhil Mehta,nikhil.mehta7137@gmail.com,Mumbai,2024-03-05
6319,Kabir Dutta,kabir.dutta5082@hotmail.com,Jodhpur,2024-07-20
6320,Sapna Rao,sapna.rao3821@gmail.com,Vijayawada,2024-08-25
6321,Sonal Garg,sonal.garg731@yahoo.com,Thane,2022-12-29
6322,Jayesh Patel,jayesh.patel6885@ymail.com,Chandigarh,2024-07-13
6323,Krishna Chatterjee,krishna.chatterjee8190@hotmail.com,Agra,2022-08-27
6324,Sonu Agarwal,sonu.agarwal4952@rediffmail.com,Pimpri-Chinchwad,2024-12-28
6325,Varun Arora,varun.arora9612@hotmail.com,Kota,2024-06-17
6326,Shiv Varma,shiv.varma3559@gmail.com,Allahabad,2022-07-09
6327,Lakshmi Kaur,lakshmi.kaur321@hotmail.com,Patna,2022-11-29
6328,Nitesh Bansal,nitesh.bansal7455@rediffmail.com,Bareilly,2024-01-08
6329,Swati Patel,swati.patel4898@outlook.com,Kalyan-Dombivali,2022-08-29
6330,Aryan Chauhan,aryan.chauhan840@outlook.com,Howrah,2024-08-26
6331,Manish Iyer,manish.iyer7366@hotmail.com,Patna,2023-12-21
6332,Mihir Jha,mihir.jha7559@yahoo.com,Amritsar,2024-07-22
6333,Chandra Das,chandra.das6348@ymail.com,Howrah,2023-03-07
6334,Karan Murthy,karan.murthy5536@hotmail.com,Raipur,2022-02-20
6335,Sonal Dubey,sonal.dubey9503@gmail.com,Jabalpur,2024-11-05
6336,Jayesh Shah,jayesh.shah6230@rediffmail.com,Nashik,2024-05-03
6337,Aditya Yadav,aditya.yadav7109@outlook.com,Chandigarh,2023-01-08
6338,Ritu Chakraborty,ritu.chakraborty6681@gmail.com,Indore,2024-11-29
6339,Ashok Banerjee,ashok.banerjee6714@rediffmail.com,Aurangabad,2022-03-11
6340,Rohini Tiwari,rohini.tiwari7256@outlook.com,Srinagar,2024-06-18
6341,Reena Kapoor,reena.kapoor7675@gmail.com,Hubli,2023-02-25
6342,Rakesh Pande,rakesh.pande6657@yahoo.com,Meerut,2023-04-02
6343,Om Mehta,om.mehta9655@yahoo.com,Solapur,2024-06-28
6344,Anjali Saxena,anjali.saxena1400@gmail.com,Varanasi,2023-05-04
6345,Lalit Chawla,lalit.chawla2131@rediffmail.com,Jabalpur,2024-05-09
6346,Dev Desai,dev.desai533@outlook.com,Allahabad,2022-12-10
6347,Kajal Deshpande,kajal.deshpande2687@yahoo.com,Nagpur,2023-05-11
6348,Ananya Trivedi,ananya.trivedi2345@yahoo.com,Gwalior,2023-04-16
6349,Jatin Goyal,jatin.goyal6211@gmail.com,Rajkot,2022-02-26
6350,Tarun Bose,tarun.bose6191@rediffmail.com,Visakhapatnam,2023-04-10
6351,Seema Chatterjee,seema.chatterjee38@outlook.com,Gwalior,2023-12-06
6352,Sanjay Chopra,sanjay.chopra3125@hotmail.com,Varanasi,2024-03-13
6353,Komal Tiwari,komal.tiwari2304@rediffmail.com,Vadodara,2022-07-05
6354,Ayesha Murthy,ayesha.murthy5631@yahoo.com,Aurangabad,2022-04-10
6355,Amit Trivedi,amit.trivedi6268@hotmail.com,Visakhapatnam,2024-12-23
6356,Vinod Verma,vinod.verma9105@hotmail.com,Patna,2024-12-24
6357,Nitesh Tiwari,nitesh.tiwari5582@yahoo.com,Pune,2022-08-27
6358,Ramesh Rao,ramesh.rao8525@gmail.com,Visakhapatnam,2022-12-08
6359,Lata Joshi,lata.joshi5096@yahoo.com,Navi Mumbai,2022-01-14
6360,Komal Garg,komal.garg7276@outlook.com,Hubli,2023-09-12
6361,Ashok Kapoor,ashok.kapoor5457@gmail.com,Aurangabad,2024-05-18
6362,Rahul Nair,rahul.nair7318@rediffmail.com,Rajkot,2022-02-26
6363,Sapna Desai,sapna.desai689@yahoo.com,Chandigarh,2022-09-24
6364,Deepika Chawla,deepika.chawla4082@gmail.com,Aurangabad,2022-03-12
6365,Yash Sengupta,yash.sengupta1525@rediffmail.com,Guwahati,2023-10-30
6366,Rajesh Khanna,rajesh.khanna6795@yahoo.com,Coimbatore,2022-09-27
6367,Priya Varma,priya.varma7733@rediffmail.com,Navi Mumbai,2024-09-18
6368,Deepak Chatterjee,deepak.chatterjee8510@outlook.com,Nagpur,2022-06-06
6369,Jatin Varma,jatin.varma2581@hotmail.com,Howrah,2024-01-12
6370,Sunita Kulkarni,sunita.kulkarni2846@rediffmail.com,Ahmedabad,2024-08-28
6371,Zara Saxena,zara.saxena9461@outlook.com,Vadodara,2023-09-08
6372,Asha Kumar,asha.kumar137@yahoo.com,Nagpur,2023-01-10
6373,Priya Nanda,priya.nanda8300@gmail.com,Aurangabad,2022-01-10
6374,Ajay Jain,ajay.jain1288@ymail.com,Bengaluru,2023-01-02
6375,Pooja Modi,pooja.modi5116@hotmail.com,Raipur,2022-06-12
6376,Chandra Ahuja,chandra.ahuja2411@ymail.com,Lucknow,2022-01-08
6377,Ankit Singh,ankit.singh8014@hotmail.com,Vadodara,2024-01-21
6378,Jyoti Bhatia,jyoti.bhatia6527@hotmail.com,Navi Mumbai,2024-10-17
6379,Rohini Chopra,rohini.chopra1117@gmail.com,Pimpri-Chinchwad,2024-04-11
6380,Mihir Chopra,mihir.chopra7643@hotmail.com,Jodhpur,2022-02-06
6381,Sonu Chauhan,sonu.chauhan5825@yahoo.com,Rajkot,2024-07-05
6382,Jatin Goyal,jatin.goyal2799@gmail.com,Thane,2024-03-26
6383,Anil Mishra,anil.mishra8759@hotmail.com,Patna,2023-01-22
6384,Geeta Agarwal,geeta.agarwal9386@hotmail.com,Amritsar,2024-10-07
6385,Bhaskar Sengupta,bhaskar.sengupta3898@ymail.com,Ranchi,2023-03-19
6386,Manish Naik,manish.naik172@outlook.com,Hyderabad,2022-06-30
6387,Vikas Ghosh,vikas.ghosh5499@outlook.com,Jabalpur,2022-11-11
6388,Hemant Chopra,hemant.chopra6576@outlook.com,Chennai,2023-07-03
6389,Shyam Saxena,shyam.saxena8709@hotmail.com,Amritsar,2022-07-24
6390,Rohini Rao,rohini.rao7542@gmail.com,Pune,2024-01-18
6391,Amitabh Singh,amitabh.singh1751@rediffmail.com,Vasai-Virar,2024-10-13
6392,Ritesh Bose,ritesh.bose7920@ymail.com,Jaipur,2022-02-26
6393,Rohini Chopra,rohini.chopra5741@gmail.com,Howrah,2022-09-25
6394,Amitabh Chawla,amitabh.chawla9214@yahoo.com,Ranchi,2023-12-24
6395,Ashok Garg,ashok.garg3717@ymail.com,Surat,2024-07-10
6396,Uday Agarwal,uday.agarwal4402@rediffmail.com,Jodhpur,2023-02-09
6397,Sneha Mishra,sneha.mishra9593@hotmail.com,Amritsar,2022-11-27
6398,Ravi Chatterjee,ravi.chatterjee1690@hotmail.com,Allahabad,2024-02-01
6399,Zara Jain,zara.jain2047@gmail.com,Vasai-Virar,2023-03-09
6400,Sunita Pathak,sunita.pathak7269@gmail.com,Patna,2022-12-04
6401,Ajay Sengupta,ajay.sengupta7646@hotmail.com,Srinagar,2023-09-12
6402,Shanti Bose,shanti.bose1814@hotmail.com,Kanpur,2023-09-05
6403,Rajesh Varma,rajesh.varma7664@yahoo.com,Coimbatore,2024-04-23
6404,Deepak Kaur,deepak.kaur2135@hotmail.com,Jabalpur,2022-06-13
6405,Pavan Banerjee,pavan.banerjee8937@yahoo.com,Kota,2022-05-24
6406,Dev Iyer,dev.iyer9423@outlook.com,Chandigarh,2024-07-09
6407,Ishaan Srivastava,ishaan.srivastava7115@ymail.com,Srinagar,2024-09-10
6408,Deepika Mukherjee,deepika.mukherjee4226@hotmail.com,Nagpur,2023-09-19
6409,Geeta Rao,geeta.rao5614@hotmail.com,Gwalior,2024-08-05
6410,Pavan Modi,pavan.modi2700@rediffmail.com,Meerut,2024-01-12
6411,Nisha Chawla,nisha.chawla5531@outlook.com,Hubli,2023-09-22
6412,Heena Sengupta,heena.sengupta8496@ymail.com,Jodhpur,2022-03-30
6413,Tarun Das,tarun.das9362@gmail.com,Hubli,2023-04-09
6414,Jyoti Banerjee,jyoti.banerjee8749@ymail.com,Delhi,2023-08-31
6415,Ashok Gupta,ashok.gupta7716@rediffmail.com,Kalyan-Dombivali,2022-04-14
6416,Sachin Ahuja,sachin.ahuja817@rediffmail.com,Patna,2022-01-20
6417,Reena Bhatia,reena.bhatia6865@ymail.com,Nashik,2024-09-16
6418,Hemant Mishra,hemant.mishra6803@yahoo.com,Patna,2022-12-10
6419,Meena Kaur,meena.kaur2268@yahoo.com,Faridabad,2023-06-20
6420,Reena Choudhary,reena.choudhary542@yahoo.com,Kalyan-Dombivali,2023-04-18
6421,Ananya Pathak,ananya.pathak1385@ymail.com,Pimpri-Chinchwad,2022-05-01
6422,Yogesh Chauhan,yogesh.chauhan5441@yahoo.com,Srinagar,2023-05-11
6423,Aryan Shukla,aryan.shukla1863@outlook.com,Kanpur,2023-01-09
6424,Manish Iyer,manish.iyer1079@hotmail.com,Dhanbad,2023-11-04
6425,Mihir Pande,mihir.pande209@gmail.com,Vijayawada,2022-05-15
6426,Pavan Goyal,pavan.goyal2063@rediffmail.com,Thane,2023-03-22
6427,Krishna Pillai,krishna.pillai8643@ymail.com,Pimpri-Chinchwad,2024-07-07
6428,Sunita Iyer,sunita.iyer2681@yahoo.com,Howrah,2023-05-12
6429,Tarun Trivedi,tarun.trivedi5293@rediffmail.com,Kalyan-Dombivali,2024-04-30
6430,Yogesh Sharma,yogesh.sharma7886@outlook.com,Kolkata,2023-12-24
6431,Isha Chakraborty,isha.chakraborty9751@gmail.com,Lucknow,2022-12-07
6432,Mukesh Tiwari,mukesh.tiwari2680@ymail.com,Vadodara,2024-08-10
6433,Shruti Tiwari,shruti.tiwari3872@outlook.com,Ludhiana,2022-01-22
6434,Amitabh Singh,amitabh.singh3323@yahoo.com,Jabalpur,2022-02-02
6435,Ram Arora,ram.arora911@outlook.com,Vadodara,2024-07-17
6436,Megha Bhatia,megha.bhatia5108@hotmail.com,Surat,2024-07-13
6437,Paras Modi,paras.modi4087@ymail.com,Guwahati,2023-10-28
6438,Kiran Ghosh,kiran.ghosh861@ymail.com,Patna,2022-12-27
6439,Sandeep Garg,sandeep.garg2048@outlook.com,Gwalior,2024-10-06
6440,Reena Choudhary,reena.choudhary1003@ymail.com,Vasai-Virar,2024-06-26
6441,Lata Varma,lata.varma4386@rediffmail.com,Thane,2023-02-07
6442,Kedar Dutta,kedar.dutta9414@outlook.com,Coimbatore,2022-02-09
6443,Kabir Jain,kabir.jain3474@ymail.com,Bareilly,2023-01-11
6444,Sunil Sharma,sunil.sharma5682@yahoo.com,Amritsar,2024-08-18
6445,Rajesh Sharma,rajesh.sharma3645@hotmail.com,Srinagar,2023-02-10
6446,Isha Verma,isha.verma8372@gmail.com,Thane,2023-05-20
6447,Ajay Banerjee,ajay.banerjee7888@yahoo.com,Pimpri-Chinchwad,2023-11-29
6448,Isha Rao,isha.rao3412@gmail.com,Kanpur,2023-04-17
6449,Mohan Iyer,mohan.iyer1663@yahoo.com,Surat,2023-08-24
6450,Sonal Mishra,sonal.mishra4154@gmail.com,Vijayawada,2024-02-06
6451,Gaurav Shukla,gaurav.shukla7515@yahoo.com,Hyderabad,2023-05-11
6452,Hemant Joshi,hemant.joshi735@hotmail.com,Chennai,2024-03-29
6453,Ananya Chopra,ananya.chopra4073@yahoo.com,Ludhiana,2022-07-16
6454,Swati Ahuja,swati.ahuja7987@ymail.com,Kolkata,2024-01-19
6455,Lalit Jain,lalit.jain8755@outlook.com,Hyderabad,2023-07-01
6456,Sahil Sharma,sahil.sharma858@hotmail.com,Surat,2022-11-08
6457,Vivek Reddy,vivek.reddy4902@hotmail.com,Rajkot,2023-09-18
6458,Ankita Bhatt,ankita.bhatt9728@rediffmail.com,Lucknow,2024-01-31
6459,Swati Kapoor,swati.kapoor1436@yahoo.com,Ludhiana,2023-04-22
6460,Parul Varma,parul.varma584@outlook.com,Bareilly,2024-11-24
6461,Ankita Patel,ankita.patel1494@yahoo.com,Chandigarh,2023-12-09
6462,Yash Ahuja,yash.ahuja5723@ymail.com,Solapur,2023-04-03
6463,Shruti Sharma,shruti.sharma5081@rediffmail.com,Visakhapatnam,2022-05-21
6464,Rohan Shukla,rohan.shukla7708@gmail.com,Agra,2024-10-15
6465,Varun Srivastava,varun.srivastava5146@hotmail.com,Dhanbad,2022-09-06
6466,Vivek Banerjee,vivek.banerjee6428@outlook.com,Thane,2022-12-22
6467,Parul Rao,parul.rao2154@hotmail.com,Kalyan-Dombivali,2023-05-19
6468,Ajay Yadav,ajay.yadav7055@gmail.com,Solapur,2024-04-20
6469,Ayesha Bose,ayesha.bose1220@ymail.com,Madurai,2024-01-17
6470,Vivek Shukla,vivek.shukla7088@yahoo.com,Ludhiana,2022-09-27
6471,Aditya Chakraborty,aditya.chakraborty13@outlook.com,Vasai-Virar,2022-05-30
6472,Kiran Arora,kiran.arora4738@yahoo.com,Hyderabad,2023-10-06
6473,Ritesh Nanda,ritesh.nanda6315@rediffmail.com,Nashik,2024-05-10
6474,Reena Malhotra,reena.malhotra7547@gmail.com,Vadodara,2023-01-24
6475,Seema Dubey,seema.dubey6922@gmail.com,Amritsar,2022-03-28
6476,Simran Srivastava,simran.srivastava9714@gmail.com,Pune,2022-04-01
6477,Ankit Chatterjee,ankit.chatterjee4662@outlook.com,Chandigarh,2022-07-16
6478,Uma Bansal,uma.bansal3548@rediffmail.com,Surat,2024-09-21
6479,Tarun Murthy,tarun.murthy8593@rediffmail.com,Ranchi,2022-07-21
6480,Pradeep Pathak,pradeep.pathak3394@gmail.com,Pimpri-Chinchwad,2024-03-11
6481,Sanjeev Chawla,sanjeev.chawla6323@yahoo.com,Ranchi,2024-12-07
6482,Asha Kulkarni,asha.kulkarni8328@outlook.com,Guwahati,2023-12-23
6483,Ansh Nair,ansh.nair5788@outlook.com,Jabalpur,2022-04-04
6484,Lakshmi Rao,lakshmi.rao577@ymail.com,Coimbatore,2024-02-21
6485,Krishna Khanna,krishna.khanna9123@rediffmail.com,Hubli,2022-11-25
6486,Madhav Mishra,madhav.mishra2886@rediffmail.com,Bengaluru,2022-01-25
6487,Nitesh Choudhary,nitesh.choudhary8000@yahoo.com,Mumbai,2022-08-18
6488,Sapna Saxena,sapna.saxena4758@outlook.com,Surat,2023-01-31
6489,Nikhil Dubey,nikhil.dubey5763@outlook.com,Patna,2022-02-06
6490,Nilesh Nair,nilesh.nair3659@ymail.com,Chandigarh,2022-02-28
6491,Pradeep Dutta,pradeep.dutta815@outlook.com,Jabalpur,2024-06-27
6492,Vinod Nair,vinod.nair9805@rediffmail.com,Vijayawada,2024-01-31
6493,Aryan Reddy,aryan.reddy4183@hotmail.com,Patna,2023-02-23
6494,Megha Mehta,megha.mehta1302@hotmail.com,Meerut,2024-09-11
6495,Jayesh Pande,jayesh.pande579@outlook.com,Meerut,2024-12-14
6496,Parul Singh,parul.singh6847@outlook.com,Faridabad,2022-05-21
6497,Vikram Nanda,vikram.nanda5532@outlook.com,Pune,2022-06-22
6498,Mohan Iyer,mohan.iyer5806@outlook.com,Bengaluru,2023-12-21
6499,Santosh Pathak,santosh.pathak5988@outlook.com,Indore,2023-09-14
6500,Isha Banerjee,isha.banerjee1465@rediffmail.com,Hyderabad,2024-06-17
6501,Girish Patel,girish.patel2402@gmail.com,Chandigarh,2022-03-08
6502,Ayesha Joshi,ayesha.joshi8672@hotmail.com,Vasai-Virar,2023-11-10
6503,Sonal Trivedi,sonal.trivedi3505@yahoo.com,Bareilly,2024-08-19
6504,Shikha Mishra,shikha.mishra7899@yahoo.com,Delhi,2023-02-14
6505,Arjun Kaur,arjun.kaur8113@ymail.com,Ranchi,2024-09-12
6506,Aryan Patel,aryan.patel2636@outlook.com,Pune,2024-01-31
6507,Kajal Nanda,kajal.nanda7873@ymail.com,Surat,2022-01-26
6508,Varun Chauhan,varun.chauhan2353@hotmail.com,Madurai,2022-04-28
6509,Ayesha Kapoor,ayesha.kapoor4753@hotmail.com,Ludhiana,2022-02-18
6510,Sanjeev Bansal,sanjeev.bansal5605@hotmail.com,Coimbatore,2022-03-06
6511,Paras Sinha,paras.sinha598@ymail.com,Howrah,2023-03-04
6512,Rakesh Bose,rakesh.bose8127@outlook.com,Vijayawada,2024-07-27
6513,Ishaan Nair,ishaan.nair8356@outlook.com,Jaipur,2023-09-27
6514,Madhav Chauhan,madhav.chauhan6419@yahoo.com,Mumbai,2023-02-19
6515,Sunita Trivedi,sunita.trivedi4622@yahoo.com,Navi Mumbai,2023-03-27
6516,Sonali Saxena,sonali.saxena974@gmail.com,Delhi,2022-06-12
6517,Karan Dutta,karan.dutta5127@yahoo.com,Gwalior,2023-09-22
6518,Rohini Banerjee,rohini.banerjee3704@gmail.com,Dhanbad,2023-07-24
6519,Aryan Malhotra,aryan.malhotra9309@rediffmail.com,Jodhpur,2024-04-25
6520,Kiran Goyal,kiran.goyal6772@outlook.com,Surat,2024-11-14
6521,Rohini Modi,rohini.modi3190@hotmail.com,Pune,2024-12-04
6522,Ritesh Varma,ritesh.varma6187@yahoo.com,Surat,2023-11-21
6523,Chandra Malhotra,chandra.malhotra5363@ymail.com,Rajkot,2022-04-25
6524,Aarav Das,aarav.das2088@yahoo.com,Bengaluru,2022-09-23
6525,Heena Sengupta,heena.sengupta4702@gmail.com,Faridabad,2024-02-22
6526,Simran Mehta,simran.mehta7400@gmail.com,Kanpur,2024-01-07
6527,Ankit Saxena,ankit.saxena6046@rediffmail.com,Howrah,2022-03-31
6528,Tanvi Ghosh,tanvi.ghosh1676@rediffmail.com,Vijayawada,2022-12-06
6529,Sonali Chakraborty,sonali.chakraborty8305@gmail.com,Agra,2022-05-23
6530,Megha Khanna,megha.khanna7068@gmail.com,Guwahati,2022-08-24
6531,Uma Desai,uma.desai3564@rediffmail.com,Jaipur,2024-09-26
6532,Pooja Nanda,pooja.nanda4816@hotmail.com,Dhanbad,2022-03-10
6533,Ramesh Nanda,ramesh.nanda6253@yahoo.com,Kalyan-Dombivali,2022-06-19
6534,Komal Chopra,komal.chopra7761@outlook.com,Gwalior,2023-10-24
6535,Tarun Nanda,tarun.nanda4618@hotmail.com,Vadodara,2022-11-15
6536,Aditya Choudhary,aditya.choudhary2623@hotmail.com,Kota,2022-11-02
6537,Jatin Naik,jatin.naik8917@outlook.com,Nagpur,2022-05-25
6538,Isha Chakraborty,isha.chakraborty7562@yahoo.com,Srinagar,2022-06-07
6539,Kavita Kapoor,kavita.kapoor681@yahoo.com,Chennai,2022-08-14
6540,Yogesh Naik,yogesh.naik518@ymail.com,Surat,2024-02-18
6541,Sapna Kaur,sapna.kaur9621@gmail.com,Visakhapatnam,2022-09-06
6542,Ritesh Srivastava,ritesh.srivastava4073@ymail.com,Howrah,2024-04-17
6543,Aarav Kaur,aarav.kaur1398@gmail.com,Visakhapatnam,2024-07-19
6544,Anand Trivedi,anand.trivedi1516@rediffmail.com,Howrah,2022-09-12
6545,Tarun Chauhan,tarun.chauhan9506@rediffmail.com,Jaipur,2023-10-08
6546,Uma Kaur,uma.kaur9819@yahoo.com,Vadodara,2024-09-22
6547,Megha Nanda,megha.nanda9048@ymail.com,Bareilly,2023-03-09
6548,Karan Bhatia,karan.bhatia742@yahoo.com,Visakhapatnam,2022-06-10
6549,Kabir Bhatt,kabir.bhatt3245@gmail.com,Navi Mumbai,2022-08-01
6550,Asha Bose,asha.bose9214@ymail.com,Pune,2023-10-02
6551,Aditya Jha,aditya.jha1408@ymail.com,Guwahati,2023-04-20
6552,Deepak Jain,deepak.jain1898@outlook.com,Coimbatore,2022-01-05
6553,Kedar Iyer,kedar.iyer7380@gmail.com,Amritsar,2024-01-10
6554,Mihir Agarwal,mihir.agarwal9381@ymail.com,Pimpri-Chinchwad,2022-04-08
6555,Suresh Sengupta,suresh.sengupta6331@outlook.com,Pune,2023-08-30
6556,Sanjeev Verma,sanjeev.verma8247@outlook.com,Navi Mumbai,2023-03-12
6557,Anjali Ahuja,anjali.ahuja3243@gmail.com,Visakhapatnam,2023-12-26
6558,Sonal Chatterjee,sonal.chatterjee6386@hotmail.com,Ludhiana,2024-08-28
6559,Ashok Srivastava,ashok.srivastava2499@outlook.com,Ludhiana,2024-08-25
6560,Reena Goyal,reena.goyal896@outlook.com,Chandigarh,2023-07-03
6561,Akash Dutta,akash.dutta3520@outlook.com,Visakhapatnam,2023-06-13
6562,Rohini Rao,rohini.rao9513@rediffmail.com,Navi Mumbai,2024-07-10
6563,Aarav Pathak,aarav.pathak3763@yahoo.com,Jabalpur,2022-08-07
6564,Shikha Dutta,shikha.dutta6442@ymail.com,Gwalior,2023-08-15
6565,Ansh Desai,ansh.desai6628@hotmail.com,Chennai,2022-01-09
6566,Tarun Kaur,tarun.kaur278@yahoo.com,Lucknow,2024-05-23
6567,Sonal Varma,sonal.varma7388@hotmail.com,Thane,2022-05-14
6568,Shanti Reddy,shanti.reddy9119@gmail.com,Nashik,2024-09-28
6569,Ritu Khanna,ritu.khanna3956@gmail.com,Raipur,2022-03-16
6570,Ankit Ahuja,ankit.ahuja8747@rediffmail.com,Rajkot,2023-11-12
6571,Karan Kulkarni,karan.kulkarni1551@yahoo.com,Ludhiana,2023-04-08
6572,Manish Arora,manish.arora6366@hotmail.com,Delhi,2022-05-06
6573,Kabir Malhotra,kabir.malhotra4762@rediffmail.com,Rajkot,2024-08-08
6574,Reena Iyer,reena.iyer9199@outlook.com,Bareilly,2024-11-28
6575,Ravi Goyal,ravi.goyal8336@hotmail.com,Navi Mumbai,2022-05-23
6576,Nilesh Agarwal,nilesh.agarwal4038@outlook.com,Pune,2022-02-21
6577,Ananya Chatterjee,ananya.chatterjee7472@outlook.com,Mumbai,2022-05-28
6578,Neeraj Modi,neeraj.modi3636@ymail.com,Aurangabad,2023-10-04
6579,Ram Chatterjee,ram.chatterjee5079@rediffmail.com,Nagpur,2023-02-18
6580,Swati Banerjee,swati.banerjee606@outlook.com,Navi Mumbai,2022-07-31
6581,Asha Banerjee,asha.banerjee1211@outlook.com,Pune,2024-05-16
6582,Tarun Bansal,tarun.bansal599@hotmail.com,Gwalior,2022-02-18
6583,Deepika Banerjee,deepika.banerjee1521@hotmail.com,Patna,2023-08-25
6584,Ansh Varma,ansh.varma5844@hotmail.com,Coimbatore,2024-05-16
6585,Neha Goyal,neha.goyal3727@yahoo.com,Thane,2024-11-28
6586,Kavita Saxena,kavita.saxena9252@ymail.com,Kalyan-Dombivali,2023-12-03
6587,Lokesh Das,lokesh.das3749@rediffmail.com,Pune,2024-09-10
6588,Sonu Shah,sonu.shah435@yahoo.com,Chandigarh,2023-04-25
6589,Lata Garg,lata.garg21@gmail.com,Vadodara,2023-01-04
6590,Mahesh Rao,mahesh.rao6623@hotmail.com,Indore,2024-03-01
6591,Shilpa Chawla,shilpa.chawla7826@ymail.com,Srinagar,2023-04-28
6592,Aryan Mehta,aryan.mehta3547@rediffmail.com,Vadodara,2024-05-25
6593,Shailesh Chatterjee,shailesh.chatterjee2536@hotmail.com,Amritsar,2024-10-11
6594,Shilpa Singh,shilpa.singh2495@yahoo.com,Solapur,2023-12-16
6595,Uma Nair,uma.nair6163@hotmail.com,Madurai,2023-05-14
6596,Tarun Pillai,tarun.pillai2514@outlook.com,Madurai,2024-03-05
6597,Rahul Mehta,rahul.mehta1516@hotmail.com,Kota,2022-06-10
6598,Ritu Garg,ritu.garg4481@rediffmail.com,Nagpur,2022-09-12
6599,Vivek Srivastava,vivek.srivastava7891@rediffmail.com,Meerut,2024-06-20
6600,Anand Arora,anand.arora7053@gmail.com,Faridabad,2024-01-16
6601,Rajesh Reddy,rajesh.reddy1660@outlook.com,Thane,2023-10-17
6602,Nilesh Pathak,nilesh.pathak2053@gmail.com,Guwahati,2022-09-06
6603,Mahesh Chopra,mahesh.chopra5555@gmail.com,Rajkot,2023-01-20
6604,Anand Mukherjee,anand.mukherjee6079@hotmail.com,Rajkot,2023-09-12
6605,Meena Dubey,meena.dubey9709@rediffmail.com,Kota,2024-07-06
6606,Aditya Chauhan,aditya.chauhan4850@ymail.com,Vijayawada,2023-11-03
6607,Lata Modi,lata.modi81@yahoo.com,Jabalpur,2023-05-02
6608,Jatin Saxena,jatin.saxena2168@outlook.com,Kota,2022-07-22
6609,Shiv Naik,shiv.naik6474@outlook.com,Solapur,2022-11-06
6610,Lata Jain,lata.jain2067@rediffmail.com,Jodhpur,2022-04-23
6611,Krishna Ahuja,krishna.ahuja2845@outlook.com,Hyderabad,2022-01-15
6612,Ananya Saxena,ananya.saxena1315@gmail.com,Madurai,2022-04-24
6613,Ankit Verma,ankit.verma5353@outlook.com,Chennai,2024-04-30
6614,Ankita Bose,ankita.bose9592@outlook.com,Nagpur,2023-06-13
6615,Sudhir Ghosh,sudhir.ghosh8426@gmail.com,Jaipur,2022-06-29
6616,Varun Dutta,varun.dutta20@gmail.com,Raipur,2024-11-14
6617,Ayesha Reddy,ayesha.reddy3166@rediffmail.com,Vadodara,2024-02-08
6618,Tarun Pande,tarun.pande840@ymail.com,Raipur,2024-04-09
6619,Nitesh Chopra,nitesh.chopra3222@ymail.com,Indore,2022-05-31
6620,Anil Ghosh,anil.ghosh4300@rediffmail.com,Ahmedabad,2024-10-08
6621,Sapna Mukherjee,sapna.mukherjee7639@ymail.com,Bhopal,2024-04-25
6622,Varun Sengupta,varun.sengupta5945@hotmail.com,Chandigarh,2024-05-08
6623,Anjali Pathak,anjali.pathak2270@yahoo.com,Chennai,2024-12-22
6624,Rahul Chopra,rahul.chopra2289@gmail.com,Kalyan-Dombivali,2023-03-13
6625,Sneha Bhatt,sneha.bhatt8623@ymail.com,Rajkot,2023-08-12
6626,Ashish Mishra,ashish.mishra6299@gmail.com,Vijayawada,2023-04-03
6627,Tarun Ahuja,tarun.ahuja2549@yahoo.com,Kalyan-Dombivali,2023-06-21
6628,Sonal Chawla,sonal.chawla7150@rediffmail.com,Bhopal,2024-05-17
6629,Paras Deshpande,paras.deshpande5192@ymail.com,Gwalior,2022-05-16
6630,Megha Bose,megha.bose7577@outlook.com,Pimpri-Chinchwad,2022-01-31
6631,Uday Garg,uday.garg2415@yahoo.com,Howrah,2022-05-19
6632,Shilpa Pande,shilpa.pande3738@ymail.com,Kanpur,2023-12-05
6633,Ayesha Trivedi,ayesha.trivedi8744@yahoo.com,Vijayawada,2024-04-03
6634,Suresh Mehta,suresh.mehta1667@yahoo.com,Meerut,2023-05-08
6635,Nilesh Patel,nilesh.patel4261@rediffmail.com,Gwalior,2023-10-20
6636,Uma Chakraborty,uma.chakraborty2711@yahoo.com,Ludhiana,2023-01-14
6637,Yogesh Pillai,yogesh.pillai6791@hotmail.com,Visakhapatnam,2023-09-10
6638,Seema Nair,seema.nair4562@yahoo.com,Solapur,2024-05-29
6639,Sonali Shukla,sonali.shukla8883@outlook.com,Amritsar,2022-08-20
6640,Vikram Mukherjee,vikram.mukherjee1903@gmail.com,Vadodara,2023-04-01
6641,Heena Arora,heena.arora6981@hotmail.com,Delhi,2024-11-30
6642,Akash Jain,akash.jain9207@outlook.com,Aurangabad,2022-06-24
6643,Uday Jha,uday.jha5199@ymail.com,Nashik,2022-04-25
6644,Sonali Rao,sonali.rao6368@ymail.com,Lucknow,2024-09-13
6645,Pooja Mishra,pooja.mishra9991@gmail.com,Lucknow,2023-12-31
6646,Ram Chauhan,ram.chauhan2490@gmail.com,Guwahati,2023-06-30
6647,Mahesh Garg,mahesh.garg7668@yahoo.com,Ahmedabad,2024-04-24
6648,Dev Mukherjee,dev.mukherjee6502@outlook.com,Chandigarh,2022-02-16
6649,Harish Choudhary,harish.choudhary3118@hotmail.com,Amritsar,2023-09-01
6650,Ankita Naik,ankita.naik110@yahoo.com,Gwalior,2023-10-17
6651,Lakshmi Saxena,lakshmi.saxena9658@rediffmail.com,Dhanbad,2024-08-17
6652,Sonali Dutta,sonali.dutta7461@rediffmail.com,Nagpur,2024-01-06
6653,Nitika Bose,nitika.bose9485@hotmail.com,Hubli,2023-12-11
6654,Anjali Pande,anjali.pande2393@hotmail.com,Chandigarh,2024-07-13
6655,Jyoti Shah,jyoti.shah1399@gmail.com,Chennai,2024-09-08
6656,Sapna Dubey,sapna.dubey6415@outlook.com,Mumbai,2023-03-24
6657,Shikha Nair,shikha.nair6975@yahoo.com,Nashik,2024-03-15
6658,Sanjay Mehta,sanjay.mehta7063@gmail.com,Pune,2022-11-25
6659,Lata Nanda,lata.nanda4779@ymail.com,Lucknow,2023-02-25
6660,Girish Ahuja,girish.ahuja237@rediffmail.com,Bengaluru,2024-01-11
6661,Manish Garg,manish.garg526@ymail.com,Amritsar,2022-10-27
6662,Ram Das,ram.das4141@ymail.com,Ranchi,2022-10-13
6663,Parul Mehta,parul.mehta3657@yahoo.com,Ahmedabad,2022-03-22
6664,Vinod Mishra,vinod.mishra8548@rediffmail.com,Nagpur,2022-06-20
6665,Deepika Rao,deepika.rao7232@yahoo.com,Guwahati,2024-05-24
6666,Lalit Srivastava,lalit.srivastava4762@rediffmail.com,Nashik,2022-11-02
6667,Divya Agarwal,divya.agarwal7733@yahoo.com,Mumbai,2022-05-12
6668,Rohan Malhotra,rohan.malhotra369@rediffmail.com,Patna,2022-10-10
6669,Priya Mishra,priya.mishra4152@ymail.com,Chennai,2024-06-13
6670,Seema Shukla,seema.shukla2625@outlook.com,Gwalior,2024-05-30
6671,Sonal Mukherjee,sonal.mukherjee3430@ymail.com,Rajkot,2023-10-31
6672,Anjali Das,anjali.das5362@hotmail.com,Agra,2022-07-07
6673,Seema Shukla,seema.shukla320@gmail.com,Faridabad,2022-06-15
6674,Amit Murthy,amit.murthy1882@rediffmail.com,Vadodara,2023-06-09
6675,Shikha Chopra,shikha.chopra2111@outlook.com,Kanpur,2023-03-02
6676,Shailesh Bansal,shailesh.bansal211@yahoo.com,Kalyan-Dombivali,2022-01-22
6677,Neha Chopra,neha.chopra2114@yahoo.com,Ludhiana,2022-03-20
6678,Chandra Sinha,chandra.sinha8667@yahoo.com,Mumbai,2023-01-25
6679,Santosh Goyal,santosh.goyal2333@ymail.com,Pimpri-Chinchwad,2023-02-09
6680,Nikhil Jha,nikhil.jha3354@rediffmail.com,Ahmedabad,2024-06-09
6681,Sonali Pande,sonali.pande2320@rediffmail.com,Delhi,2022-08-18
6682,Vikram Kulkarni,vikram.kulkarni6495@yahoo.com,Ahmedabad,2024-05-14
6683,Uday Sengupta,uday.sengupta6985@rediffmail.com,Meerut,2024-08-23
6684,Shruti Shah,shruti.shah5007@gmail.com,Bhopal,2023-02-27
6685,Varun Agarwal,varun.agarwal4166@hotmail.com,Pimpri-Chinchwad,2023-06-02
6686,Anjali Ahuja,anjali.ahuja6383@gmail.com,Vasai-Virar,2024-03-11
6687,Jayesh Patel,jayesh.patel7608@gmail.com,Delhi,2023-08-12
6688,Karan Trivedi,karan.trivedi5428@rediffmail.com,Delhi,2022-07-24
6689,Krishna Singh,krishna.singh1557@outlook.com,Kalyan-Dombivali,2023-09-06
6690,Bhaskar Patel,bhaskar.patel6765@ymail.com,Lucknow,2024-11-22
6691,Aarav Patel,aarav.patel2124@hotmail.com,Pune,2022-09-01
6692,Lalit Agarwal,lalit.agarwal5208@gmail.com,Jodhpur,2024-04-15
6693,Rohan Pande,rohan.pande6811@gmail.com,Chandigarh,2023-02-04
6694,Ashish Jha,ashish.jha2662@ymail.com,Agra,2024-02-02
6695,Deepak Sharma,deepak.sharma4007@ymail.com,Lucknow,2022-09-30
6696,Sanjeev Trivedi,sanjeev.trivedi9056@gmail.com,Ludhiana,2024-10-27
6697,Uday Nanda,uday.nanda3164@outlook.com,Jodhpur,2024-06-30
6698,Sahil Iyer,sahil.iyer3851@hotmail.com,Pimpri-Chinchwad,2022-04-28
6699,Shanti Bose,shanti.bose5015@outlook.com,Rajkot,2022-12-24
6700,Kunal Sinha,kunal.sinha3252@rediffmail.com,Faridabad,2022-04-06
6701,Sonali Chauhan,sonali.chauhan1425@gmail.com,Agra,2022-11-22
6702,Swati Jain,swati.jain5233@rediffmail.com,Raipur,2024-06-10
6703,Tarun Desai,tarun.desai7586@outlook.com,Guwahati,2022-12-29
6704,Meena Arora,meena.arora3622@gmail.com,Varanasi,2023-07-20
6705,Pradeep Patel,pradeep.patel307@yahoo.com,Delhi,2023-06-06
6706,Yogesh Joshi,yogesh.joshi8744@rediffmail.com,Mumbai,2024-08-22
6707,Ashish Yadav,ashish.yadav8906@outlook.com,Chennai,2023-09-26
6708,Tanvi Sengupta,tanvi.sengupta2151@yahoo.com,Jabalpur,2023-03-27
6709,Lokesh Sharma,lokesh.sharma5382@ymail.com,Bareilly,2023-08-28
6710,Sanjeev Singh,sanjeev.singh5972@rediffmail.com,Kanpur,2022-04-03
6711,Komal Sinha,komal.sinha5778@rediffmail.com,Kalyan-Dombivali,2024-06-26
6712,Komal Malhotra,komal.malhotra8126@rediffmail.com,Jabalpur,2022-06-30
6713,Aryan Shah,aryan.shah3087@outlook.com,Coimbatore,2023-04-03
6714,Ajay Shukla,ajay.shukla5005@hotmail.com,Srinagar,2024-04-23
6715,Bhaskar Malhotra,bhaskar.malhotra4098@hotmail.com,Bareilly,2022-08-02
6716,Ansh Kaur,ansh.kaur10@rediffmail.com,Howrah,2024-01-01
6717,Pooja Pande,pooja.pande7615@gmail.com,Hubli,2022-08-12
6718,Vinay Joshi,vinay.joshi2751@yahoo.com,Ahmedabad,2023-02-25
6719,Geeta Kaur,geeta.kaur8548@rediffmail.com,Bareilly,2024-02-09
6720,Anil Agarwal,anil.agarwal8422@yahoo.com,Pimpri-Chinchwad,2024-07-28
6721,Mukesh Shah,mukesh.shah1153@yahoo.com,Madurai,2024-11-05
6722,Sahil Pande,sahil.pande8458@rediffmail.com,Gwalior,2023-04-11
6723,Aarav Shah,aarav.shah8124@hotmail.com,Meerut,2022-08-05
6724,Shyam Chawla,shyam.chawla4038@ymail.com,Howrah,2024-09-08
6725,Ram Mukherjee,ram.mukherjee9739@yahoo.com,Srinagar,2022-08-04
6726,Sahil Chatterjee,sahil.chatterjee5380@ymail.com,Rajkot,2022-04-10
6727,Yogesh Trivedi,yogesh.trivedi3610@yahoo.com,Navi Mumbai,2024-09-21
6728,Simran Naik,simran.naik8505@ymail.com,Nashik,2022-10-26
6729,Parul Kapoor,parul.kapoor9189@rediffmail.com,Amritsar,2024-03-23
6730,Parul Reddy,parul.reddy1719@rediffmail.com,Bareilly,2023-06-13
6731,Sonu Garg,sonu.garg9428@outlook.com,Rajkot,2023-05-13
6732,Ananya Shukla,ananya.shukla9314@gmail.com,Jodhpur,2022-01-09
6733,Nisha Garg,nisha.garg8134@rediffmail.com,Patna,2023-09-01
6734,Sudhir Goyal,sudhir.goyal5123@outlook.com,Raipur,2023-06-02
6735,Vikram Varma,vikram.varma5075@hotmail.com,Ahmedabad,2022-03-30
6736,Neha Khanna,neha.khanna9528@yahoo.com,Solapur,2024-05-22
6737,Ayesha Kaur,ayesha.kaur5626@hotmail.com,Jodhpur,2023-04-21
6738,Kavita Tiwari,kavita.tiwari7405@hotmail.com,Howrah,2022-08-12
6739,Shailesh Khanna,shailesh.khanna508@ymail.com,Visakhapatnam,2023-05-26
6740,Kunal Patel,kunal.patel8445@yahoo.com,Gwalior,2024-11-22
6741,Krishna Rao,krishna.rao9302@ymail.com,Hyderabad,2024-08-04
6742,Suresh Pathak,suresh.pathak9377@outlook.com,Faridabad,2024-11-02
6743,Varun Jain,varun.jain7381@rediffmail.com,Hubli,2023-04-02
6744,Ritu Shah,ritu.shah8141@hotmail.com,Kalyan-Dombivali,2022-05-28
6745,Madhav Mishra,madhav.mishra8623@hotmail.com,Indore,2023-09-20
6746,Sapna Arora,sapna.arora8009@ymail.com,Indore,2022-04-27
6747,Neeraj Reddy,neeraj.reddy1604@ymail.com,Srinagar,2024-08-11
6748,Mahesh Chauhan,mahesh.chauhan3168@hotmail.com,Madurai,2022-02-22
6749,Sandeep Rao,sandeep.rao43@outlook.com,Amritsar,2024-12-30
6750,Harish Kaur,harish.kaur9567@yahoo.com,Surat,2023-01-26
6751,Geeta Shukla,geeta.shukla8210@hotmail.com,Patna,2022-01-28
6752,Ishaan Sengupta,ishaan.sengupta3099@outlook.com,Coimbatore,2023-11-28
6753,Ashok Nanda,ashok.nanda5457@ymail.com,Bareilly,2022-03-30
6754,Shruti Desai,shruti.desai3674@gmail.com,Hubli,2022-10-11
6755,Anand Verma,anand.verma6433@hotmail.com,Nagpur,2022-11-21
6756,Nikhil Garg,nikhil.garg5138@ymail.com,Madurai,2023-11-09
6757,Suresh Chawla,suresh.chawla4666@rediffmail.com,Varanasi,2022-11-16
6758,Jayesh Pathak,jayesh.pathak879@yahoo.com,Jaipur,2022-09-20
6759,Isha Goyal,isha.goyal7899@outlook.com,Chennai,2023-08-22
6760,Mohan Trivedi,mohan.trivedi5403@gmail.com,Coimbatore,2023-05-13
6761,Shikha Joshi,shikha.joshi5144@hotmail.com,Nashik,2024-07-13
6762,Amitabh Chatterjee,amitabh.chatterjee2438@gmail.com,Bengaluru,2024-04-21
6763,Asha Mishra,asha.mishra4121@gmail.com,Nagpur,2024-05-06
6764,Kedar Ghosh,kedar.ghosh5906@rediffmail.com,Pimpri-Chinchwad,2024-08-20
6765,Sunita Khanna,sunita.khanna1822@yahoo.com,Pune,2023-05-26
6766,Ritu Saxena,ritu.saxena9783@gmail.com,Vijayawada,2022-10-30
6767,Nitesh Shah,nitesh.shah234@outlook.com,Ludhiana,2022-03-02
6768,Neeraj Sinha,neeraj.sinha6640@gmail.com,Surat,2022-12-12
6769,Vikram Choudhary,vikram.choudhary8865@ymail.com,Bhopal,2022-02-24
6770,Lata Kaur,lata.kaur4851@hotmail.com,Kalyan-Dombivali,2023-12-24
6771,Isha Saxena,isha.saxena72@hotmail.com,Faridabad,2024-01-28
6772,Komal Varma,komal.varma5573@rediffmail.com,Agra,2022-04-15
6773,Ashok Kulkarni,ashok.kulkarni3478@ymail.com,Agra,2024-05-27
6774,Aarav Modi,aarav.modi8167@outlook.com,Bareilly,2023-10-01
6775,Ritu Trivedi,ritu.trivedi3546@yahoo.com,Jodhpur,2022-10-08
6776,Nitika Kulkarni,nitika.kulkarni3141@rediffmail.com,Chandigarh,2022-05-07
6777,Jayesh Shah,jayesh.shah6735@gmail.com,Delhi,2024-11-30
6778,Dev Sharma,dev.sharma4001@outlook.com,Howrah,2024-02-12
6779,Shiv Saxena,shiv.saxena2329@outlook.com,Howrah,2022-02-05
6780,Divya Shah,divya.shah3011@yahoo.com,Hyderabad,2024-06-28
6781,Lokesh Jha,lokesh.jha383@outlook.com,Pune,2024-07-26
6782,Sonali Pathak,sonali.pathak609@outlook.com,Jodhpur,2024-08-04
6783,Akash Chatterjee,akash.chatterjee1100@hotmail.com,Raipur,2022-08-09
6784,Dev Arora,dev.arora915@yahoo.com,Coimbatore,2023-03-04
6785,Jatin Iyer,jatin.iyer544@outlook.com,Vasai-Virar,2024-09-01
6786,Vivek Das,vivek.das1877@outlook.com,Kanpur,2022-06-01
6787,Rahul Reddy,rahul.reddy3173@ymail.com,Bhopal,2023-04-19
6788,Ravi Sinha,ravi.sinha1189@ymail.com,Jabalpur,2022-11-19
6789,Ram Chatterjee,ram.chatterjee6192@ymail.com,Gwalior,2022-10-28
6790,Asha Agarwal,asha.agarwal5525@yahoo.com,Delhi,2024-09-10
6791,Ankit Das,ankit.das2840@outlook.com,Bengaluru,2022-04-24
6792,Vivek Nanda,vivek.nanda2064@yahoo.com,Amritsar,2023-04-23
6793,Sanjay Mehta,sanjay.mehta7283@ymail.com,Pimpri-Chinchwad,2023-01-08
6794,Nikhil Tiwari,nikhil.tiwari888@hotmail.com,Patna,2023-10-26
6795,Nitika Sinha,nitika.sinha8872@rediffmail.com,Varanasi,2022-12-08
6796,Vivek Nanda,vivek.nanda2381@gmail.com,Rajkot,2023-02-01
6797,Chandra Das,chandra.das8496@ymail.com,Solapur,2022-02-22
6798,Ankit Das,ankit.das6905@rediffmail.com,Ranchi,2022-04-19
6799,Yash Gupta,yash.gupta4239@outlook.com,Guwahati,2024-05-08
6800,Lata Murthy,lata.murthy9497@hotmail.com,Jaipur,2023-07-09
6801,Nitika Kulkarni,nitika.kulkarni216@rediffmail.com,Kalyan-Dombivali,2022-02-09
6802,Sandeep Kumar,sandeep.kumar4347@outlook.com,Surat,2023-06-11
6803,Zara Verma,zara.verma5614@yahoo.com,Faridabad,2024-08-02
6804,Harish Malhotra,harish.malhotra9014@outlook.com,Kota,2023-05-29
6805,Nisha Modi,nisha.modi8970@rediffmail.com,Visakhapatnam,2022-01-29
6806,Neeraj Agarwal,neeraj.agarwal9929@hotmail.com,Kalyan-Dombivali,2023-10-14
6807,Nitesh Mehta,nitesh.mehta7507@gmail.com,Vasai-Virar,2022-06-26
6808,Bhaskar Sengupta,bhaskar.sengupta8421@rediffmail.com,Jabalpur,2024-07-18
6809,Zara Choudhary,zara.choudhary8942@hotmail.com,Surat,2024-03-27
6810,Pavan Bansal,pavan.bansal9810@yahoo.com,Amritsar,2022-10-28
6811,Vivek Khanna,vivek.khanna1167@ymail.com,Jodhpur,2024-02-13
6812,Jatin Chawla,jatin.chawla7169@gmail.com,Mumbai,2023-12-01
6813,Geeta Chakraborty,geeta.chakraborty8073@gmail.com,Jodhpur,2024-11-22
6814,Mohan Arora,mohan.arora5484@outlook.com,Chandigarh,2024-03-25
6815,Priya Murthy,priya.murthy174@yahoo.com,Chennai,2024-04-02
6816,Madhav Iyer,madhav.iyer7733@rediffmail.com,Faridabad,2022-05-12
6817,Bhaskar Mehta,bhaskar.mehta9546@rediffmail.com,Nagpur,2022-09-10
6818,Vinay Desai,vinay.desai4301@yahoo.com,Ranchi,2024-01-10
6819,Ishaan Kapoor,ishaan.kapoor4425@gmail.com,Rajkot,2022-02-06
6820,Ankit Pande,ankit.pande9895@gmail.com,Gwalior,2023-06-20
6821,Rajesh Ahuja,rajesh.ahuja8558@outlook.com,Mumbai,2022-08-31
6822,Nisha Agarwal,nisha.agarwal8429@ymail.com,Raipur,2024-03-30
6823,Nitika Chakraborty,nitika.chakraborty1684@hotmail.com,Lucknow,2022-03-22
6824,Nitesh Mehta,nitesh.mehta1696@ymail.com,Hyderabad,2024-08-23
6825,Tanvi Gupta,tanvi.gupta954@hotmail.com,Thane,2023-04-06
6826,Mohan Nanda,mohan.nanda9487@hotmail.com,Chandigarh,2024-06-25
6827,Reena Kaur,reena.kaur7423@ymail.com,Surat,2023-08-25
6828,Megha Bhatt,megha.bhatt880@hotmail.com,Chennai,2022-07-07
6829,Amit Banerjee,amit.banerjee9350@gmail.com,Hyderabad,2024-08-18
6830,Ananya Verma,ananya.verma1739@outlook.com,Ranchi,2024-01-12
6831,Akash Singh,akash.singh2894@gmail.com,Faridabad,2022-04-09
6832,Chandra Joshi,chandra.joshi4736@rediffmail.com,Aurangabad,2022-12-01
6833,Seema Srivastava,seema.srivastava3763@ymail.com,Raipur,2022-12-26
6834,Amit Bhatt,amit.bhatt196@ymail.com,Kanpur,2024-08-21
6835,Lata Sengupta,lata.sengupta9881@outlook.com,Pimpri-Chinchwad,2024-08-01
6836,Sapna Sharma,sapna.sharma5469@ymail.com,Thane,2024-05-14
6837,Komal Pathak,komal.pathak7395@ymail.com,Vadodara,2023-06-06
6838,Tarun Srivastava,tarun.srivastava2737@hotmail.com,Surat,2024-02-25
6839,Sanjeev Shah,sanjeev.shah4226@ymail.com,Jodhpur,2022-12-06
6840,Anil Gupta,anil.gupta1367@outlook.com,Patna,2022-08-20
6841,Lakshmi Tiwari,lakshmi.tiwari3461@outlook.com,Patna,2022-03-22
6842,Sunil Trivedi,sunil.trivedi6003@gmail.com,Nagpur,2023-05-04
6843,Nikhil Banerjee,nikhil.banerjee3765@outlook.com,Vasai-Virar,2024-03-20
6844,Shyam Pande,shyam.pande9961@outlook.com,Meerut,2024-12-28
6845,Asha Sinha,asha.sinha6173@gmail.com,Navi Mumbai,2023-10-18
6846,Kunal Modi,kunal.modi1449@outlook.com,Vadodara,2022-04-06
6847,Sunita Kapoor,sunita.kapoor8536@hotmail.com,Gwalior,2024-03-11
6848,Pavan Murthy,pavan.murthy1292@hotmail.com,Pimpri-Chinchwad,2022-03-13
6849,Parul Bansal,parul.bansal3465@hotmail.com,Amritsar,2024-03-31
6850,Deepika Gupta,deepika.gupta740@ymail.com,Nashik,2024-06-28
6851,Jatin Ghosh,jatin.ghosh5419@gmail.com,Howrah,2024-06-13
6852,Girish Desai,girish.desai4235@hotmail.com,Hubli,2023-05-14
6853,Kiran Choudhary,kiran.choudhary7232@ymail.com,Coimbatore,2022-08-12
6854,Arjun Sengupta,arjun.sengupta1910@gmail.com,Kota,2022-04-27
6855,Yogesh Sharma,yogesh.sharma8489@hotmail.com,Kota,2022-05-26
6856,Pradeep Ghosh,pradeep.ghosh6724@ymail.com,Vasai-Virar,2024-11-13
6857,Rohan Nanda,rohan.nanda5268@rediffmail.com,Thane,2022-12-06
6858,Ankita Garg,ankita.garg5849@rediffmail.com,Kalyan-Dombivali,2022-08-30
6859,Paras Saxena,paras.saxena3435@gmail.com,Madurai,2024-07-18
6860,Shiv Sharma,shiv.sharma3254@ymail.com,Pimpri-Chinchwad,2024-12-25
6861,Aditya Mukherjee,aditya.mukherjee654@yahoo.com,Surat,2024-05-07
6862,Jayesh Choudhary,jayesh.choudhary5672@rediffmail.com,Dhanbad,2022-10-02
6863,Aditya Jha,aditya.jha5438@hotmail.com,Allahabad,2022-12-02
6864,Tanvi Pande,tanvi.pande8472@outlook.com,Ranchi,2022-07-28
6865,Shilpa Pillai,shilpa.pillai2309@gmail.com,Hubli,2023-08-01
6866,Nisha Shah,nisha.shah4185@rediffmail.com,Chandigarh,2023-07-28
6867,Neha Iyer,neha.iyer6334@gmail.com,Patna,2022-12-24
6868,Ramesh Garg,ramesh.garg7466@gmail.com,Aurangabad,2023-06-01
6869,Seema Mishra,seema.mishra2954@gmail.com,Visakhapatnam,2024-05-30
6870,Ankit Mehta,ankit.mehta3001@outlook.com,Agra,2025-01-01
6871,Ananya Varma,ananya.varma4448@hotmail.com,Surat,2023-01-06
6872,Mohan Malhotra,mohan.malhotra7011@rediffmail.com,Amritsar,2024-11-27
6873,Sanjay Pillai,sanjay.pillai7455@rediffmail.com,Allahabad,2024-12-10
6874,Nilesh Mishra,nilesh.mishra5418@hotmail.com,Pimpri-Chinchwad,2023-11-06
6875,Parul Ghosh,parul.ghosh7405@hotmail.com,Chennai,2023-04-28
6876,Kabir Agarwal,kabir.agarwal1894@rediffmail.com,Jaipur,2023-03-13
6877,Mihir Mukherjee,mihir.mukherjee54@ymail.com,Agra,2024-06-09
6878,Divya Sharma,divya.sharma7434@hotmail.com,Madurai,2022-05-12
6879,Shanti Patel,shanti.patel3421@hotmail.com,Meerut,2023-05-26
6880,Pavan Pathak,pavan.pathak446@gmail.com,Surat,2023-07-25
6881,Uday Nair,uday.nair4692@hotmail.com,Aurangabad,2023-05-12
6882,Mohan Singh,mohan.singh5726@outlook.com,Ahmedabad,2022-05-24
6883,Lata Kulkarni,lata.kulkarni9084@outlook.com,Jaipur,2022-09-28
6884,Shanti Chatterjee,shanti.chatterjee3933@gmail.com,Srinagar,2022-02-27
6885,Sanjeev Kulkarni,sanjeev.kulkarni5494@rediffmail.com,Visakhapatnam,2024-11-27
6886,Akash Chakraborty,akash.chakraborty5179@yahoo.com,Pune,2024-02-15
6887,Amit Chopra,amit.chopra2139@outlook.com,Vijayawada,2023-09-06
6888,Ishaan Garg,ishaan.garg867@yahoo.com,Varanasi,2022-12-27
6889,Suresh Mukherjee,suresh.mukherjee8062@gmail.com,Allahabad,2024-04-27
6890,Sahil Reddy,sahil.reddy2654@hotmail.com,Vadodara,2024-07-24
6891,Vikram Chakraborty,vikram.chakraborty5770@outlook.com,Nagpur,2022-05-09
6892,Sunita Varma,sunita.varma1723@yahoo.com,Vijayawada,2022-06-06
6893,Girish Naik,girish.naik235@outlook.com,Allahabad,2023-01-16
6894,Rajesh Sengupta,rajesh.sengupta8000@rediffmail.com,Hubli,2022-04-08
6895,Yash Khanna,yash.khanna6819@gmail.com,Ludhiana,2023-09-04
6896,Lakshmi Pillai,lakshmi.pillai8367@hotmail.com,Amritsar,2024-04-01
6897,Madhav Dutta,madhav.dutta5795@outlook.com,Ludhiana,2023-08-31
6898,Ankit Nair,ankit.nair471@yahoo.com,Vijayawada,2024-12-05
6899,Dev Jha,dev.jha2286@gmail.com,Lucknow,2024-12-07
6900,Shikha Naik,shikha.naik6247@outlook.com,Coimbatore,2022-03-26
6901,Yogesh Banerjee,yogesh.banerjee5179@rediffmail.com,Pimpri-Chinchwad,2024-03-09
6902,Ravi Banerjee,ravi.banerjee9925@rediffmail.com,Hubli,2023-09-28
6903,Dev Naik,dev.naik8217@yahoo.com,Kota,2024-12-26
6904,Kajal Malhotra,kajal.malhotra590@hotmail.com,Surat,2022-04-02
6905,Isha Bhatt,isha.bhatt3609@ymail.com,Lucknow,2024-07-31
6906,Ansh Trivedi,ansh.trivedi2746@yahoo.com,Solapur,2022-11-23
6907,Zara Ahuja,zara.ahuja3408@outlook.com,Meerut,2024-12-07
6908,Mukesh Gupta,mukesh.gupta2078@outlook.com,Solapur,2024-09-11
6909,Priya Kaur,priya.kaur2232@outlook.com,Allahabad,2023-11-24
6910,Divya Mishra,divya.mishra2360@rediffmail.com,Srinagar,2024-02-15
6911,Akash Singh,akash.singh3985@yahoo.com,Mumbai,2024-11-01
6912,Yogesh Mishra,yogesh.mishra7354@rediffmail.com,Thane,2023-07-05
6913,Neeraj Bhatt,neeraj.bhatt119@outlook.com,Kanpur,2023-04-12
6914,Tanvi Dutta,tanvi.dutta4358@ymail.com,Vijayawada,2023-12-12
6915,Swati Chakraborty,swati.chakraborty6034@outlook.com,Bhopal,2023-12-02
6916,Vivek Kumar,vivek.kumar2843@yahoo.com,Jodhpur,2022-09-22
6917,Varun Varma,varun.varma7421@outlook.com,Jodhpur,2022-03-16
6918,Anil Ghosh,anil.ghosh5417@yahoo.com,Agra,2024-12-22
6919,Lalit Shukla,lalit.shukla9569@outlook.com,Indore,2022-05-05
6920,Ashok Tiwari,ashok.tiwari7575@yahoo.com,Solapur,2022-09-17
6921,Deepika Nanda,deepika.nanda5643@outlook.com,Delhi,2023-10-02
6922,Shikha Das,shikha.das4171@gmail.com,Hubli,2022-11-09
6923,Krishna Jha,krishna.jha5534@hotmail.com,Kalyan-Dombivali,2024-12-03
6924,Ritesh Singh,ritesh.singh3653@rediffmail.com,Varanasi,2024-07-27
6925,Sanjay Arora,sanjay.arora4804@gmail.com,Pune,2024-05-01
6926,Nitesh Nanda,nitesh.nanda8806@gmail.com,Faridabad,2024-05-12
6927,Sahil Trivedi,sahil.trivedi4678@outlook.com,Jodhpur,2024-07-31
6928,Hemant Nair,hemant.nair6406@hotmail.com,Meerut,2022-01-21
6929,Kavita Goyal,kavita.goyal8437@ymail.com,Visakhapatnam,2024-06-02
6930,Om Sinha,om.sinha3740@yahoo.com,Kanpur,2023-01-01
6931,Rohini Bose,rohini.bose1156@ymail.com,Lucknow,2023-08-04
6932,Priya Pathak,priya.pathak5412@hotmail.com,Allahabad,2024-08-10
6933,Zara Sharma,zara.sharma7172@gmail.com,Mumbai,2024-05-16
6934,Vivek Das,vivek.das3919@ymail.com,Gwalior,2023-06-21
6935,Kiran Patel,kiran.patel9713@ymail.com,Pimpri-Chinchwad,2022-11-23
6936,Mihir Goyal,mihir.goyal521@outlook.com,Kalyan-Dombivali,2022-02-19
6937,Sahil Nanda,sahil.nanda9743@hotmail.com,Indore,2022-05-02
6938,Ankit Chopra,ankit.chopra774@yahoo.com,Bhopal,2024-11-13
6939,Akash Sharma,akash.sharma1923@yahoo.com,Chandigarh,2024-10-30
6940,Om Bhatt,om.bhatt6160@yahoo.com,Allahabad,2023-04-04
6941,Isha Joshi,isha.joshi6952@rediffmail.com,Gwalior,2022-04-20
6942,Komal Sengupta,komal.sengupta8981@gmail.com,Bengaluru,2022-02-04
6943,Asha Kapoor,asha.kapoor3580@yahoo.com,Srinagar,2023-07-28
6944,Uday Varma,uday.varma3240@hotmail.com,Rajkot,2024-07-27
6945,Ajay Chopra,ajay.chopra7371@outlook.com,Lucknow,2024-11-13
6946,Sonali Mehta,sonali.mehta1162@hotmail.com,Meerut,2024-01-20
6947,Ritesh Kumar,ritesh.kumar6031@outlook.com,Kota,2023-08-29
6948,Lalit Modi,lalit.modi5581@rediffmail.com,Agra,2024-01-30
6949,Lokesh Ahuja,lokesh.ahuja5614@hotmail.com,Jodhpur,2023-05-07
6950,Shailesh Rao,shailesh.rao6337@yahoo.com,Howrah,2022-06-19
6951,Neeraj Chawla,neeraj.chawla4922@rediffmail.com,Faridabad,2023-08-10
6952,Vivek Bhatia,vivek.bhatia9162@yahoo.com,Gwalior,2023-12-08
6953,Deepak Sharma,deepak.sharma5128@yahoo.com,Solapur,2024-01-22
6954,Bhaskar Varma,bhaskar.varma1011@outlook.com,Madurai,2024-12-20
6955,Sandeep Murthy,sandeep.murthy2688@gmail.com,Rajkot,2023-10-04
6956,Arjun Chakraborty,arjun.chakraborty1100@rediffmail.com,Vijayawada,2023-01-14
6957,Ansh Iyer,ansh.iyer6132@outlook.com,Patna,2023-08-29
6958,Kiran Choudhary,kiran.choudhary984@yahoo.com,Bengaluru,2022-10-05
6959,Nisha Rao,nisha.rao6320@rediffmail.com,Visakhapatnam,2024-08-06
6960,Geeta Ahuja,geeta.ahuja8404@ymail.com,Bareilly,2022-10-17
6961,Kavita Bansal,kavita.bansal3090@ymail.com,Faridabad,2023-05-11
6962,Dev Singh,dev.singh1501@yahoo.com,Solapur,2023-08-06
6963,Vinay Gupta,vinay.gupta158@ymail.com,Kota,2022-12-21
6964,Ramesh Deshpande,ramesh.deshpande7152@yahoo.com,Patna,2022-02-15
6965,Ram Ghosh,ram.ghosh1479@yahoo.com,Guwahati,2022-07-01
6966,Tanvi Nanda,tanvi.nanda636@hotmail.com,Guwahati,2022-12-04
6967,Lalit Mishra,lalit.mishra9367@hotmail.com,Coimbatore,2022-05-06
6968,Shikha Ahuja,shikha.ahuja4626@outlook.com,Jabalpur,2023-06-02
6969,Ansh Chopra,ansh.chopra3878@yahoo.com,Ludhiana,2023-09-12
6970,Megha Agarwal,megha.agarwal1415@rediffmail.com,Jabalpur,2022-06-28
6971,Sudhir Chawla,sudhir.chawla3342@hotmail.com,Solapur,2023-04-23
6972,Jayesh Varma,jayesh.varma8231@ymail.com,Faridabad,2024-08-26
6973,Anjali Deshpande,anjali.deshpande3512@rediffmail.com,Bareilly,2024-06-04
6974,Shailesh Desai,shailesh.desai7565@outlook.com,Allahabad,2024-05-01
6975,Ansh Desai,ansh.desai8087@yahoo.com,Patna,2022-09-21
6976,Asha Tiwari,asha.tiwari1909@yahoo.com,Delhi,2022-12-05
6977,Rohini Bhatt,rohini.bhatt3340@rediffmail.com,Kolkata,2023-04-04
6978,Amitabh Bhatt,amitabh.bhatt4752@rediffmail.com,Vadodara,2022-03-12
6979,Deepak Pillai,deepak.pillai8613@rediffmail.com,Hyderabad,2024-12-17
6980,Shilpa Bhatia,shilpa.bhatia9477@outlook.com,Raipur,2024-04-24
6981,Kavita Varma,kavita.varma5906@yahoo.com,Nagpur,2022-08-28
6982,Tanvi Pande,tanvi.pande1765@ymail.com,Howrah,2022-03-15
6983,Parul Choudhary,parul.choudhary1149@ymail.com,Indore,2023-01-29
6984,Komal Khanna,komal.khanna9202@ymail.com,Kota,2023-02-28
6985,Arjun Malhotra,arjun.malhotra2484@yahoo.com,Hubli,2024-06-01
6986,Vinay Chakraborty,vinay.chakraborty6533@outlook.com,Hyderabad,2023-09-08
6987,Ritu Shukla,ritu.shukla1134@outlook.com,Kolkata,2022-01-24
6988,Varun Reddy,varun.reddy3567@ymail.com,Ranchi,2022-07-08
6989,Rohini Chawla,rohini.chawla8294@outlook.com,Patna,2022-03-15
6990,Komal Verma,komal.verma495@gmail.com,Bhopal,2023-02-26
6991,Sudhir Das,sudhir.das376@yahoo.com,Pimpri-Chinchwad,2023-06-24
6992,Ravi Kapoor,ravi.kapoor7043@gmail.com,Dhanbad,2022-06-06
6993,Jatin Sengupta,jatin.sengupta8508@outlook.com,Bareilly,2024-03-11
6994,Lakshmi Bansal,lakshmi.bansal8126@outlook.com,Nashik,2022-11-11
6995,Lalit Shukla,lalit.shukla7525@yahoo.com,Thane,2022-06-04
6996,Tanvi Kaur,tanvi.kaur3424@gmail.com,Rajkot,2022-02-23
6997,Tarun Deshpande,tarun.deshpande8151@ymail.com,Amritsar,2022-06-07
6998,Ansh Reddy,ansh.reddy899@hotmail.com,Bareilly,2024-06-19
6999,Uma Ahuja,uma.ahuja3080@rediffmail.com,Gwalior,2024-02-16
7000,Vikas Tiwari,vikas.tiwari3372@gmail.com,Vasai-Virar,2024-03-28
7001,Vikram Mehta,vikram.mehta373@gmail.com,Nashik,2023-07-30
7002,Meena Chatterjee,meena.chatterjee9785@outlook.com,Rajkot,2023-05-18
7003,Vikas Shukla,vikas.shukla2244@yahoo.com,Indore,2024-08-02
7004,Anil Ahuja,anil.ahuja8080@gmail.com,Solapur,2023-10-14
7005,Pavan Verma,pavan.verma146@gmail.com,Coimbatore,2024-10-11
7006,Vikas Chatterjee,vikas.chatterjee1077@hotmail.com,Jodhpur,2022-04-10
7007,Rajesh Kulkarni,rajesh.kulkarni3243@yahoo.com,Kanpur,2023-03-19
7008,Kavita Dubey,kavita.dubey502@outlook.com,Agra,2024-12-30
7009,Sonu Modi,sonu.modi4804@hotmail.com,Kota,2024-12-13
7010,Rahul Deshpande,rahul.deshpande2804@yahoo.com,Srinagar,2023-11-18
7011,Reena Singh,reena.singh86@rediffmail.com,Dhanbad,2023-01-17
7012,Bhaskar Nair,bhaskar.nair5326@rediffmail.com,Kota,2022-10-17
7013,Seema Kapoor,seema.kapoor9018@hotmail.com,Solapur,2023-07-16
7014,Lalit Jain,lalit.jain1845@yahoo.com,Gwalior,2022-08-23
7015,Vivek Pande,vivek.pande6895@gmail.com,Indore,2023-09-29
7016,Pavan Chakraborty,pavan.chakraborty2705@yahoo.com,Vasai-Virar,2024-10-12
7017,Priya Nanda,priya.nanda3379@rediffmail.com,Guwahati,2024-09-28
7018,Geeta Khanna,geeta.khanna9218@ymail.com,Nagpur,2022-10-25
7019,Ishaan Naik,ishaan.naik279@gmail.com,Visakhapatnam,2023-04-28
7020,Megha Ghosh,megha.ghosh7193@hotmail.com,Navi Mumbai,2023-09-30
7021,Megha Kulkarni,megha.kulkarni4481@rediffmail.com,Vasai-Virar,2024-09-09
7022,Shilpa Goyal,shilpa.goyal1610@outlook.com,Thane,2024-10-02
7023,Sonali Bhatt,sonali.bhatt2135@gmail.com,Rajkot,2023-04-12
7024,Aryan Mehta,aryan.mehta5455@hotmail.com,Lucknow,2024-06-24
7025,Nitesh Khanna,nitesh.khanna612@gmail.com,Visakhapatnam,2024-01-04
7026,Parul Iyer,parul.iyer80@rediffmail.com,Pune,2022-08-16
7027,Simran Tiwari,simran.tiwari4414@hotmail.com,Kolkata,2024-01-28
7028,Neeraj Desai,neeraj.desai8914@gmail.com,Guwahati,2023-10-01
7029,Shilpa Dubey,shilpa.dubey6214@gmail.com,Chennai,2024-04-28
7030,Pradeep Kaur,pradeep.kaur1938@gmail.com,Vadodara,2024-03-02
7031,Zara Ahuja,zara.ahuja3249@outlook.com,Chennai,2022-07-02
7032,Pavan Pathak,pavan.pathak2727@outlook.com,Solapur,2022-02-15
7033,Sudhir Jha,sudhir.jha5599@hotmail.com,Guwahati,2023-07-07
7034,Madhav Joshi,madhav.joshi4231@yahoo.com,Solapur,2024-03-26
7035,Paras Garg,paras.garg6223@rediffmail.com,Hubli,2023-06-08
7036,Ritu Bose,ritu.bose3793@outlook.com,Varanasi,2022-07-03
7037,Jyoti Varma,jyoti.varma448@yahoo.com,Patna,2023-07-13
7038,Sachin Shah,sachin.shah5158@hotmail.com,Agra,2023-12-27
7039,Sapna Kulkarni,sapna.kulkarni6947@gmail.com,Mumbai,2023-04-18
7040,Aarav Bose,aarav.bose1413@gmail.com,Jabalpur,2024-04-27
7041,Sandeep Chopra,sandeep.chopra2494@outlook.com,Bareilly,2022-11-03
7042,Heena Nair,heena.nair6168@rediffmail.com,Aurangabad,2023-07-01
7043,Seema Chopra,seema.chopra1622@ymail.com,Chandigarh,2024-06-30
7044,Simran Chakraborty,simran.chakraborty3403@outlook.com,Navi Mumbai,2023-04-20
7045,Pradeep Kapoor,pradeep.kapoor907@rediffmail.com,Ludhiana,2024-07-12
7046,Ajay Trivedi,ajay.trivedi9593@yahoo.com,Visakhapatnam,2022-03-02
7047,Sonu Shukla,sonu.shukla9906@rediffmail.com,Kolkata,2024-04-12
7048,Seema Chatterjee,seema.chatterjee5910@gmail.com,Allahabad,2022-08-21
7049,Anjali Deshpande,anjali.deshpande6748@ymail.com,Visakhapatnam,2022-02-09
7050,Ishaan Goyal,ishaan.goyal8646@ymail.com,Visakhapatnam,2023-07-12
7051,Gaurav Chakraborty,gaurav.chakraborty7764@outlook.com,Bengaluru,2022-02-01
7052,Shailesh Kulkarni,shailesh.kulkarni2830@outlook.com,Howrah,2023-11-09
7053,Shilpa Saxena,shilpa.saxena9444@hotmail.com,Guwahati,2022-09-12
7054,Kedar Varma,kedar.varma2970@rediffmail.com,Nashik,2023-06-07
7055,Kajal Pillai,kajal.pillai6344@outlook.com,Howrah,2023-11-06
7056,Karan Chopra,karan.chopra1386@ymail.com,Hubli,2024-09-01
7057,Uday Sharma,uday.sharma5796@outlook.com,Jaipur,2024-08-30
7058,Kunal Das,kunal.das8201@gmail.com,Mumbai,2022-08-18
7059,Mihir Banerjee,mihir.banerjee1096@ymail.com,Varanasi,2023-02-24
7060,Jyoti Iyer,jyoti.iyer7553@rediffmail.com,Madurai,2023-08-06
7061,Shanti Srivastava,shanti.srivastava5226@rediffmail.com,Kanpur,2023-04-25
7062,Kiran Shah,kiran.shah1926@outlook.com,Guwahati,2023-03-12
7063,Rahul Dutta,rahul.dutta2660@outlook.com,Pimpri-Chinchwad,2024-11-19
7064,Ritesh Modi,ritesh.modi1493@ymail.com,Raipur,2022-04-05
7065,Ananya Bhatt,ananya.bhatt7291@gmail.com,Srinagar,2022-07-31
7066,Ashok Shah,ashok.shah4651@ymail.com,Jodhpur,2023-11-23
7067,Neha Khanna,neha.khanna1228@ymail.com,Solapur,2023-05-06
7068,Amitabh Bose,amitabh.bose4434@rediffmail.com,Vadodara,2023-08-01
7069,Ansh Sharma,ansh.sharma4726@yahoo.com,Vijayawada,2023-05-18
7070,Kiran Shukla,kiran.shukla5745@yahoo.com,Allahabad,2023-02-18
7071,Sahil Dubey,sahil.dubey7920@yahoo.com,Raipur,2024-12-31
7072,Suresh Mishra,suresh.mishra5886@outlook.com,Madurai,2024-10-04
7073,Ram Nanda,ram.nanda2043@ymail.com,Indore,2022-04-09
7074,Zara Chopra,zara.chopra6793@hotmail.com,Meerut,2023-07-15
7075,Sahil Mehta,sahil.mehta7740@gmail.com,Kolkata,2023-12-01
7076,Pavan Nanda,pavan.nanda2129@ymail.com,Chandigarh,2022-05-13
7077,Tarun Nair,tarun.nair7680@gmail.com,Raipur,2024-12-04
7078,Sunil Pathak,sunil.pathak4549@gmail.com,Chandigarh,2022-01-05
7079,Nitika Singh,nitika.singh9452@gmail.com,Ahmedabad,2024-05-03
7080,Ashish Bhatia,ashish.bhatia4927@outlook.com,Visakhapatnam,2023-06-06
7081,Madhav Shukla,madhav.shukla1339@gmail.com,Coimbatore,2024-10-30
7082,Ishaan Bansal,ishaan.bansal9447@outlook.com,Faridabad,2023-09-14
7083,Dev Singh,dev.singh4948@outlook.com,Indore,2024-11-23
7084,Zara Naik,zara.naik5513@ymail.com,Kanpur,2023-05-09
7085,Om Singh,om.singh7912@hotmail.com,Ranchi,2024-10-11
7086,Nikhil Agarwal,nikhil.agarwal926@outlook.com,Ranchi,2022-09-05
7087,Sachin Choudhary,sachin.choudhary5581@yahoo.com,Kanpur,2023-11-16
7088,Anand Chauhan,anand.chauhan2570@gmail.com,Hubli,2022-03-05
7089,Rahul Das,rahul.das2720@outlook.com,Aurangabad,2022-05-04
7090,Rohan Kulkarni,rohan.kulkarni6650@outlook.com,Chandigarh,2022-02-09
7091,Bhaskar Naik,bhaskar.naik7052@hotmail.com,Chandigarh,2023-02-21
7092,Rahul Dubey,rahul.dubey9357@ymail.com,Faridabad,2024-07-29
7093,Anjali Kulkarni,anjali.kulkarni5038@outlook.com,Hubli,2024-12-20
7094,Ayesha Chauhan,ayesha.chauhan20@gmail.com,Nagpur,2024-08-25
7095,Aditya Yadav,aditya.yadav9728@gmail.com,Varanasi,2022-04-06
7096,Suresh Garg,suresh.garg7986@rediffmail.com,Bareilly,2022-05-05
7097,Pooja Rao,pooja.rao8391@ymail.com,Kalyan-Dombivali,2024-06-09
7098,Sneha Varma,sneha.varma9504@yahoo.com,Lucknow,2022-03-16
7099,Om Varma,om.varma576@rediffmail.com,Amritsar,2023-04-26
7100,Jyoti Murthy,jyoti.murthy4446@rediffmail.com,Surat,2024-06-10
7101,Nitika Singh,nitika.singh4989@rediffmail.com,Varanasi,2024-04-18
7102,Anand Shah,anand.shah2884@rediffmail.com,Kalyan-Dombivali,2023-12-13
7103,Anil Bose,anil.bose7779@hotmail.com,Raipur,2023-07-05
7104,Suresh Jha,suresh.jha6472@hotmail.com,Varanasi,2022-09-30
7105,Mohan Mishra,mohan.mishra6475@hotmail.com,Raipur,2023-07-20
7106,Ansh Tiwari,ansh.tiwari9799@rediffmail.com,Lucknow,2024-10-25
7107,Aryan Malhotra,aryan.malhotra9601@hotmail.com,Dhanbad,2024-09-03
7108,Ram Joshi,ram.joshi58@gmail.com,Nagpur,2023-09-22
7109,Krishna Srivastava,krishna.srivastava2169@yahoo.com,Hyderabad,2023-01-16
7110,Mukesh Desai,mukesh.desai6508@rediffmail.com,Thane,2022-04-30
7111,Harish Chopra,harish.chopra6373@ymail.com,Visakhapatnam,2023-12-09
7112,Deepika Banerjee,deepika.banerjee6083@outlook.com,Thane,2023-05-10
7113,Aditya Pillai,aditya.pillai541@outlook.com,Hubli,2023-06-13
7114,Sonu Srivastava,sonu.srivastava643@ymail.com,Meerut,2023-04-11
7115,Krishna Bhatt,krishna.bhatt7090@rediffmail.com,Agra,2022-10-28
7116,Sandeep Choudhary,sandeep.choudhary4453@outlook.com,Rajkot,2024-09-07
7117,Lokesh Chawla,lokesh.chawla2051@hotmail.com,Guwahati,2023-02-14
7118,Nitesh Srivastava,nitesh.srivastava9417@rediffmail.com,Delhi,2022-05-07
7119,Shiv Varma,shiv.varma5869@yahoo.com,Rajkot,2024-04-15
7120,Reena Banerjee,reena.banerjee3423@yahoo.com,Jaipur,2024-10-05
7121,Mukesh Dutta,mukesh.dutta3557@hotmail.com,Jaipur,2022-11-03
7122,Pradeep Joshi,pradeep.joshi6558@yahoo.com,Bareilly,2024-11-30
7123,Hemant Mehta,hemant.mehta2291@yahoo.com,Dhanbad,2022-12-28
7124,Divya Jha,divya.jha9499@yahoo.com,Pune,2022-03-14
7125,Hemant Varma,hemant.varma3759@ymail.com,Aurangabad,2022-04-19
7126,Aarav Naik,aarav.naik9570@hotmail.com,Surat,2023-03-02
7127,Jatin Banerjee,jatin.banerjee558@yahoo.com,Solapur,2024-07-01
7128,Aditya Goyal,aditya.goyal3237@yahoo.com,Thane,2023-02-07
7129,Seema Chawla,seema.chawla8805@rediffmail.com,Indore,2024-12-28
7130,Kabir Kapoor,kabir.kapoor6532@ymail.com,Bareilly,2022-06-18
7131,Ashok Kapoor,ashok.kapoor7977@rediffmail.com,Vijayawada,2022-01-26
7132,Jyoti Mehta,jyoti.mehta3591@outlook.com,Pune,2024-12-08
7133,Sunita Shukla,sunita.shukla6090@ymail.com,Raipur,2022-08-21
7134,Nitesh Kulkarni,nitesh.kulkarni9362@ymail.com,Meerut,2022-02-03
7135,Vivek Reddy,vivek.reddy6327@hotmail.com,Faridabad,2024-01-01
7136,Kedar Iyer,kedar.iyer2361@gmail.com,Faridabad,2024-09-29
7137,Santosh Sharma,santosh.sharma8838@yahoo.com,Srinagar,2022-11-19
7138,Mukesh Gupta,mukesh.gupta494@hotmail.com,Indore,2022-10-25
7139,Sachin Verma,sachin.verma7378@yahoo.com,Jodhpur,2024-05-27
7140,Pavan Nair,pavan.nair5942@rediffmail.com,Indore,2023-06-23
7141,Shiv Chopra,shiv.chopra8621@rediffmail.com,Indore,2022-03-19
7142,Heena Pathak,heena.pathak7485@rediffmail.com,Jabalpur,2024-08-17
7143,Yogesh Chatterjee,yogesh.chatterjee8485@yahoo.com,Raipur,2023-03-09
7144,Ankit Sharma,ankit.sharma6100@gmail.com,Bhopal,2022-12-04
7145,Arjun Pathak,arjun.pathak8353@hotmail.com,Hubli,2024-05-11
7146,Lakshmi Varma,lakshmi.varma5945@gmail.com,Raipur,2022-03-03
7147,Ashok Jha,ashok.jha192@outlook.com,Vasai-Virar,2024-06-08
7148,Vinay Chatterjee,vinay.chatterjee8586@outlook.com,Vijayawada,2022-03-17
7149,Meena Reddy,meena.reddy7500@yahoo.com,Vadodara,2024-10-09
7150,Mihir Mishra,mihir.mishra1534@hotmail.com,Howrah,2024-12-25
7151,Mohan Garg,mohan.garg2332@rediffmail.com,Coimbatore,2024-01-04
7152,Shiv Pillai,shiv.pillai1459@ymail.com,Mumbai,2023-04-19
7153,Pooja Jha,pooja.jha3035@hotmail.com,Surat,2024-08-19
7154,Madhav Das,madhav.das2502@gmail.com,Ludhiana,2023-12-23
7155,Rakesh Srivastava,rakesh.srivastava6561@yahoo.com,Raipur,2024-06-23
7156,Karan Dubey,karan.dubey9385@ymail.com,Kalyan-Dombivali,2023-04-12
7157,Reena Pathak,reena.pathak4214@rediffmail.com,Agra,2023-08-15
7158,Aarav Deshpande,aarav.deshpande9115@rediffmail.com,Nashik,2023-10-19
7159,Sudhir Sinha,sudhir.sinha4686@outlook.com,Faridabad,2024-06-10
7160,Sonu Saxena,sonu.saxena6030@yahoo.com,Chennai,2024-08-20
7161,Anil Murthy,anil.murthy8038@yahoo.com,Bengaluru,2022-04-20
7162,Chandra Sinha,chandra.sinha1492@gmail.com,Madurai,2022-10-27
7163,Shyam Varma,shyam.varma7664@yahoo.com,Meerut,2024-02-10
7164,Heena Shah,heena.shah2749@hotmail.com,Solapur,2024-03-10
7165,Sanjeev Trivedi,sanjeev.trivedi7557@yahoo.com,Chandigarh,2023-01-16
7166,Deepika Singh,deepika.singh3351@hotmail.com,Amritsar,2024-07-14
7167,Jyoti Pande,jyoti.pande3504@rediffmail.com,Chennai,2024-05-22
7168,Santosh Khanna,santosh.khanna84@gmail.com,Coimbatore,2022-09-11
7169,Amit Pathak,amit.pathak171@hotmail.com,Ranchi,2024-11-29
7170,Mukesh Khanna,mukesh.khanna376@ymail.com,Varanasi,2023-03-02
7171,Varun Sinha,varun.sinha2528@outlook.com,Vadodara,2023-09-16
7172,Ritu Srivastava,ritu.srivastava7329@rediffmail.com,Howrah,2023-02-09
7173,Santosh Mishra,santosh.mishra8423@hotmail.com,Gwalior,2024-01-14
7174,Sachin Goyal,sachin.goyal1497@outlook.com,Vasai-Virar,2022-04-30
7175,Sudhir Verma,sudhir.verma381@rediffmail.com,Nagpur,2024-10-12
7176,Arjun Chatterjee,arjun.chatterjee6797@hotmail.com,Bareilly,2024-01-20
7177,Sahil Nanda,sahil.nanda1761@gmail.com,Patna,2023-12-18
7178,Sneha Modi,sneha.modi4046@ymail.com,Pimpri-Chinchwad,2024-05-07
7179,Mukesh Pande,mukesh.pande4918@hotmail.com,Dhanbad,2023-03-14
7180,Shailesh Dutta,shailesh.dutta8841@outlook.com,Bareilly,2022-04-27
7181,Simran Tiwari,simran.tiwari5335@yahoo.com,Amritsar,2022-03-03
7182,Sanjeev Jha,sanjeev.jha6374@outlook.com,Nashik,2022-06-29
7183,Rahul Deshpande,rahul.deshpande7250@rediffmail.com,Vadodara,2024-07-09
7184,Neeraj Bhatt,neeraj.bhatt9723@rediffmail.com,Hubli,2024-10-26
7185,Ishaan Malhotra,ishaan.malhotra4481@yahoo.com,Visakhapatnam,2023-12-28
7186,Amitabh Pathak,amitabh.pathak6608@rediffmail.com,Ludhiana,2023-03-15
7187,Paras Arora,paras.arora6473@yahoo.com,Solapur,2023-10-25
7188,Anil Choudhary,anil.choudhary3928@gmail.com,Amritsar,2024-03-09
7189,Kabir Khanna,kabir.khanna9966@ymail.com,Lucknow,2023-06-28
7190,Anand Dutta,anand.dutta4886@yahoo.com,Nashik,2023-05-30
7191,Pooja Khanna,pooja.khanna9747@hotmail.com,Kanpur,2022-08-18
7192,Divya Verma,divya.verma1674@ymail.com,Nashik,2024-03-07
7193,Amit Verma,amit.verma3853@rediffmail.com,Varanasi,2022-05-11
7194,Aarav Nair,aarav.nair8945@gmail.com,Indore,2023-11-08
7195,Vikram Iyer,vikram.iyer6875@rediffmail.com,Patna,2024-02-21
7196,Mohan Agarwal,mohan.agarwal4910@rediffmail.com,Hyderabad,2023-03-11
7197,Nitesh Khanna,nitesh.khanna4253@outlook.com,Pimpri-Chinchwad,2024-07-30
7198,Mukesh Sinha,mukesh.sinha9550@gmail.com,Madurai,2022-06-17
7199,Mohan Bhatt,mohan.bhatt3052@yahoo.com,Ahmedabad,2023-11-24
7200,Amitabh Srivastava,amitabh.srivastava3896@ymail.com,Howrah,2024-04-09
7201,Shanti Jain,shanti.jain5754@rediffmail.com,Kalyan-Dombivali,2024-10-26
7202,Shilpa Banerjee,shilpa.banerjee1150@ymail.com,Howrah,2022-04-01
7203,Amitabh Trivedi,amitabh.trivedi4960@gmail.com,Ludhiana,2024-12-03
7204,Ritesh Dutta,ritesh.dutta3521@yahoo.com,Faridabad,2022-09-26
7205,Uma Naik,uma.naik6816@ymail.com,Guwahati,2024-04-01
7206,Aarav Chauhan,aarav.chauhan3661@rediffmail.com,Ludhiana,2023-10-09
7207,Simran Agarwal,simran.agarwal425@yahoo.com,Coimbatore,2023-11-25
7208,Sudhir Bose,sudhir.bose7896@yahoo.com,Navi Mumbai,2022-01-24
7209,Aryan Mukherjee,aryan.mukherjee511@gmail.com,Kanpur,2023-08-26
7210,Suresh Joshi,suresh.joshi7630@gmail.com,Allahabad,2022-07-09
7211,Yogesh Kapoor,yogesh.kapoor9158@gmail.com,Meerut,2022-07-05
7212,Reena Gupta,reena.gupta9955@rediffmail.com,Bareilly,2022-08-26
7213,Gaurav Chatterjee,gaurav.chatterjee6573@ymail.com,Chandigarh,2024-02-05
7214,Amit Mukherjee,amit.mukherjee5837@hotmail.com,Ahmedabad,2022-07-14
7215,Santosh Verma,santosh.verma9718@yahoo.com,Howrah,2024-04-23
7216,Pradeep Malhotra,pradeep.malhotra1336@rediffmail.com,Vasai-Virar,2024-10-05
7217,Ankita Mishra,ankita.mishra128@rediffmail.com,Mumbai,2023-09-30
7218,Rohan Choudhary,rohan.choudhary9789@yahoo.com,Guwahati,2022-11-30
7219,Sneha Yadav,sneha.yadav9151@ymail.com,Faridabad,2022-02-05
7220,Nitika Chatterjee,nitika.chatterjee1662@rediffmail.com,Vasai-Virar,2022-06-21
7221,Chandra Patel,chandra.patel3605@yahoo.com,Jaipur,2022-06-02
7222,Sonal Deshpande,sonal.deshpande4579@rediffmail.com,Nashik,2022-12-01
7223,Ayesha Arora,ayesha.arora9217@hotmail.com,Bengaluru,2022-04-17
7224,Tanvi Dubey,tanvi.dubey7832@ymail.com,Chennai,2024-08-22
7225,Om Kapoor,om.kapoor8555@rediffmail.com,Nashik,2024-02-29
7226,Chandra Shukla,chandra.shukla7356@hotmail.com,Allahabad,2022-01-15
7227,Mahesh Khanna,mahesh.khanna1741@gmail.com,Kota,2023-01-07
7228,Yash Kulkarni,yash.kulkarni2152@ymail.com,Bengaluru,2023-04-16
7229,Zara Bansal,zara.bansal6363@rediffmail.com,Faridabad,2022-05-31
7230,Mohan Jain,mohan.jain8035@ymail.com,Kolkata,2022-12-11
7231,Asha Chawla,asha.chawla9083@outlook.com,Hyderabad,2022-05-10
7232,Priya Bhatt,priya.bhatt1990@ymail.com,Chandigarh,2022-09-27
7233,Vikas Saxena,vikas.saxena3769@ymail.com,Gwalior,2023-03-30
7234,Geeta Bansal,geeta.bansal2984@hotmail.com,Nashik,2024-11-06
7235,Sonali Modi,sonali.modi9516@ymail.com,Jaipur,2022-05-02
7236,Mohan Trivedi,mohan.trivedi2469@yahoo.com,Ahmedabad,2023-08-06
7237,Swati Saxena,swati.saxena5585@rediffmail.com,Vasai-Virar,2024-10-31
7238,Shanti Pathak,shanti.pathak1728@gmail.com,Coimbatore,2024-03-03
7239,Sahil Chauhan,sahil.chauhan9351@outlook.com,Ranchi,2022-04-10
7240,Kajal Joshi,kajal.joshi506@hotmail.com,Lucknow,2022-07-02
7241,Anjali Choudhary,anjali.choudhary803@yahoo.com,Vasai-Virar,2022-01-13
7242,Pavan Chawla,pavan.chawla6635@hotmail.com,Bareilly,2022-07-31
7243,Shailesh Mukherjee,shailesh.mukherjee9123@gmail.com,Visakhapatnam,2023-06-07
7244,Simran Trivedi,simran.trivedi6670@gmail.com,Allahabad,2022-06-04
7245,Shailesh Pillai,shailesh.pillai8185@gmail.com,Visakhapatnam,2022-03-20
7246,Sunita Tiwari,sunita.tiwari9041@yahoo.com,Pimpri-Chinchwad,2024-05-20
7247,Rakesh Jain,rakesh.jain4320@hotmail.com,Howrah,2023-12-23
7248,Akash Verma,akash.verma6619@gmail.com,Coimbatore,2023-11-12
7249,Tarun Chatterjee,tarun.chatterjee8217@gmail.com,Kalyan-Dombivali,2022-09-27
7250,Shailesh Mehta,shailesh.mehta4298@hotmail.com,Rajkot,2024-06-04
7251,Reena Nanda,reena.nanda3612@ymail.com,Gwalior,2023-12-15
7252,Ram Reddy,ram.reddy666@outlook.com,Visakhapatnam,2022-10-18
7253,Ritesh Goyal,ritesh.goyal1281@hotmail.com,Surat,2022-02-02
7254,Karan Pillai,karan.pillai5884@outlook.com,Jodhpur,2024-06-26
7255,Yogesh Kumar,yogesh.kumar2936@hotmail.com,Nagpur,2024-12-28
7256,Kajal Mehta,kajal.mehta6656@outlook.com,Jabalpur,2022-06-25
7257,Vinay Pathak,vinay.pathak5659@yahoo.com,Bengaluru,2022-07-16
7258,Manish Bose,manish.bose4681@outlook.com,Jaipur,2024-12-10
7259,Sachin Khanna,sachin.khanna2023@outlook.com,Patna,2024-02-08
7260,Vinod Nair,vinod.nair5246@rediffmail.com,Mumbai,2022-10-03
7261,Sudhir Shah,sudhir.shah6348@yahoo.com,Jabalpur,2024-07-02
7262,Mahesh Bhatt,mahesh.bhatt1982@outlook.com,Meerut,2022-10-08
7263,Sonali Singh,sonali.singh8850@outlook.com,Vasai-Virar,2022-01-17
7264,Sonali Deshpande,sonali.deshpande5054@rediffmail.com,Navi Mumbai,2022-09-19
7265,Jyoti Varma,jyoti.varma6554@rediffmail.com,Jabalpur,2024-04-25
7266,Nitesh Reddy,nitesh.reddy754@gmail.com,Rajkot,2024-01-27
7267,Madhav Das,madhav.das8154@ymail.com,Dhanbad,2023-08-28
7268,Amitabh Das,amitabh.das1031@hotmail.com,Dhanbad,2022-09-28
7269,Girish Bhatt,girish.bhatt2417@hotmail.com,Surat,2023-07-15
7270,Dev Deshpande,dev.deshpande5574@yahoo.com,Agra,2024-03-10
7271,Tarun Arora,tarun.arora12@rediffmail.com,Ludhiana,2024-12-06
7272,Uday Pillai,uday.pillai5062@rediffmail.com,Meerut,2022-05-09
7273,Neha Desai,neha.desai1770@hotmail.com,Hyderabad,2023-11-27
7274,Sonali Choudhary,sonali.choudhary136@ymail.com,Faridabad,2023-04-12
7275,Krishna Deshpande,krishna.deshpande1437@yahoo.com,Chandigarh,2022-09-01
7276,Parul Goyal,parul.goyal6087@outlook.com,Delhi,2023-11-06
7277,Rohan Yadav,rohan.yadav3768@hotmail.com,Madurai,2022-11-02
7278,Isha Choudhary,isha.choudhary2079@ymail.com,Guwahati,2022-09-11
7279,Aarav Pathak,aarav.pathak1396@yahoo.com,Coimbatore,2023-07-09
7280,Zara Ghosh,zara.ghosh3707@ymail.com,Pune,2023-07-22
7281,Yogesh Sharma,yogesh.sharma1231@hotmail.com,Delhi,2024-09-21
7282,Parul Dutta,parul.dutta4346@ymail.com,Nagpur,2024-08-11
7283,Vinay Yadav,vinay.yadav7893@rediffmail.com,Hubli,2022-11-06
7284,Shailesh Chakraborty,shailesh.chakraborty4977@gmail.com,Hubli,2022-11-01
7285,Arjun Banerjee,arjun.banerjee1881@outlook.com,Navi Mumbai,2022-10-29
7286,Hemant Bhatt,hemant.bhatt3556@outlook.com,Gwalior,2024-11-24
7287,Ankit Murthy,ankit.murthy1787@ymail.com,Mumbai,2022-03-29
7288,Sunita Shah,sunita.shah9288@outlook.com,Surat,2023-09-29
7289,Deepak Kulkarni,deepak.kulkarni5633@outlook.com,Navi Mumbai,2024-06-10
7290,Suresh Dubey,suresh.dubey5448@hotmail.com,Amritsar,2024-08-27
7291,Neha Gupta,neha.gupta5683@yahoo.com,Kalyan-Dombivali,2023-03-13
7292,Sonali Sharma,sonali.sharma4924@rediffmail.com,Navi Mumbai,2024-12-27
7293,Bhaskar Deshpande,bhaskar.deshpande8094@ymail.com,Surat,2023-10-07
7294,Kedar Gupta,kedar.gupta3043@yahoo.com,Vijayawada,2023-10-22
7295,Geeta Jain,geeta.jain1913@gmail.com,Srinagar,2024-12-14
7296,Sapna Nanda,sapna.nanda3057@rediffmail.com,Delhi,2023-11-10
7297,Amitabh Garg,amitabh.garg4125@hotmail.com,Faridabad,2023-04-17
7298,Rahul Sinha,rahul.sinha8639@yahoo.com,Amritsar,2024-08-24
7299,Deepak Agarwal,deepak.agarwal4293@outlook.com,Rajkot,2024-08-26
7300,Mukesh Kaur,mukesh.kaur6208@ymail.com,Bengaluru,2024-12-26
7301,Ashok Naik,ashok.naik8946@outlook.com,Vadodara,2023-10-20
7302,Shikha Sharma,shikha.sharma8202@outlook.com,Kolkata,2022-09-22
7303,Anil Rao,anil.rao7744@hotmail.com,Indore,2022-05-28
7304,Seema Yadav,seema.yadav3525@ymail.com,Meerut,2024-01-08
7305,Ritesh Deshpande,ritesh.deshpande1684@hotmail.com,Bareilly,2022-10-07
7306,Manish Chopra,manish.chopra1562@ymail.com,Jodhpur,2022-03-12
7307,Nitesh Yadav,nitesh.yadav4843@ymail.com,Kolkata,2023-06-11
7308,Sunil Ghosh,sunil.ghosh3603@gmail.com,Vijayawada,2022-09-07
7309,Aditya Varma,aditya.varma6352@gmail.com,Pimpri-Chinchwad,2023-08-10
7310,Lalit Choudhary,lalit.choudhary9681@rediffmail.com,Meerut,2023-09-19
7311,Lalit Shukla,lalit.shukla7559@hotmail.com,Pimpri-Chinchwad,2023-02-24
7312,Harish Bhatia,harish.bhatia9752@rediffmail.com,Aurangabad,2022-07-18
7313,Suresh Chawla,suresh.chawla5938@yahoo.com,Thane,2023-05-13
7314,Vinod Goyal,vinod.goyal9514@outlook.com,Lucknow,2024-06-04
7315,Uday Pillai,uday.pillai7658@gmail.com,Kolkata,2022-02-21
7316,Sneha Arora,sneha.arora3376@ymail.com,Vadodara,2023-04-09
7317,Karan Iyer,karan.iyer9827@rediffmail.com,Dhanbad,2024-01-17
7318,Shyam Shukla,shyam.shukla8893@ymail.com,Nashik,2024-04-26
7319,Sachin Bhatia,sachin.bhatia8695@rediffmail.com,Amritsar,2022-07-09
7320,Uday Banerjee,uday.banerjee7802@rediffmail.com,Rajkot,2022-04-20
7321,Shikha Banerjee,shikha.banerjee2144@gmail.com,Faridabad,2022-11-11
7322,Om Pathak,om.pathak4181@yahoo.com,Srinagar,2024-06-14
7323,Zara Dutta,zara.dutta8438@yahoo.com,Dhanbad,2023-08-14
7324,Ramesh Chakraborty,ramesh.chakraborty738@yahoo.com,Indore,2022-08-29
7325,Deepak Das,deepak.das3051@yahoo.com,Jabalpur,2023-10-21
7326,Jayesh Nanda,jayesh.nanda672@outlook.com,Mumbai,2023-08-17
7327,Neha Dubey,neha.dubey1928@hotmail.com,Chandigarh,2024-12-11
7328,Harish Varma,harish.varma6494@rediffmail.com,Srinagar,2023-09-27
7329,Nikhil Mishra,nikhil.mishra8133@hotmail.com,Mumbai,2024-07-29
7330,Ajay Dutta,ajay.dutta6598@outlook.com,Kalyan-Dombivali,2023-12-25
7331,Meena Agarwal,meena.agarwal62@ymail.com,Varanasi,2024-02-13
7332,Shilpa Chopra,shilpa.chopra2656@rediffmail.com,Surat,2022-09-04
7333,Vikas Desai,vikas.desai8828@yahoo.com,Ahmedabad,2023-03-12
7334,Varun Bose,varun.bose8249@outlook.com,Allahabad,2022-12-04
7335,Nitesh Nanda,nitesh.nanda4286@outlook.com,Jaipur,2024-05-23
7336,Jayesh Shukla,jayesh.shukla3531@rediffmail.com,Indore,2023-02-09
7337,Uma Agarwal,uma.agarwal4905@ymail.com,Bareilly,2024-01-08
7338,Sandeep Patel,sandeep.patel7060@rediffmail.com,Lucknow,2022-03-17
7339,Yash Khanna,yash.khanna6569@ymail.com,Rajkot,2022-03-08
7340,Vinod Goyal,vinod.goyal8898@hotmail.com,Thane,2022-07-13
7341,Divya Deshpande,divya.deshpande4135@ymail.com,Visakhapatnam,2023-02-26
7342,Kunal Nair,kunal.nair4541@rediffmail.com,Ranchi,2022-07-07
7343,Asha Nair,asha.nair5068@outlook.com,Nashik,2022-07-20
7344,Chandra Ghosh,chandra.ghosh2971@gmail.com,Delhi,2024-03-07
7345,Simran Garg,simran.garg7663@rediffmail.com,Raipur,2022-06-30
7346,Nisha Srivastava,nisha.srivastava311@hotmail.com,Ranchi,2023-04-07
7347,Sunil Kaur,sunil.kaur4136@ymail.com,Navi Mumbai,2022-07-14
7348,Ankit Sharma,ankit.sharma6731@ymail.com,Agra,2023-12-18
7349,Ritu Kapoor,ritu.kapoor9052@ymail.com,Guwahati,2024-02-02
7350,Ram Banerjee,ram.banerjee4228@yahoo.com,Chennai,2023-05-21
7351,Om Pande,om.pande3234@gmail.com,Indore,2024-04-19
7352,Gaurav Chatterjee,gaurav.chatterjee6454@hotmail.com,Howrah,2024-10-13
7353,Dev Modi,dev.modi6550@outlook.com,Vasai-Virar,2024-11-30
7354,Om Mishra,om.mishra7998@hotmail.com,Howrah,2023-03-06
7355,Lata Trivedi,lata.trivedi9159@outlook.com,Chennai,2023-03-04
7356,Tarun Tiwari,tarun.tiwari5057@gmail.com,Dhanbad,2023-06-11
7357,Reena Bhatia,reena.bhatia9582@hotmail.com,Thane,2022-02-18
7358,Rahul Reddy,rahul.reddy8920@hotmail.com,Kanpur,2024-06-04
7359,Sudhir Modi,sudhir.modi2135@yahoo.com,Nagpur,2022-01-27
7360,Sapna Varma,sapna.varma8029@outlook.com,Ahmedabad,2024-01-15
7361,Vikas Ahuja,vikas.ahuja544@gmail.com,Chennai,2022-06-17
7362,Heena Pillai,heena.pillai1742@hotmail.com,Vadodara,2024-12-12
7363,Aarav Iyer,aarav.iyer4638@yahoo.com,Solapur,2023-02-12
7364,Megha Ghosh,megha.ghosh8183@rediffmail.com,Lucknow,2022-06-02
7365,Jayesh Patel,jayesh.patel9892@gmail.com,Kolkata,2022-01-06
7366,Vikas Singh,vikas.singh8595@outlook.com,Pune,2024-02-27
7367,Sonu Verma,sonu.verma4098@outlook.com,Guwahati,2022-02-07
7368,Kedar Yadav,kedar.yadav9877@rediffmail.com,Kolkata,2023-12-03
7369,Yash Mishra,yash.mishra3673@rediffmail.com,Madurai,2022-02-24
7370,Madhav Mehta,madhav.mehta9377@outlook.com,Srinagar,2023-04-19
7371,Mahesh Malhotra,mahesh.malhotra2974@gmail.com,Coimbatore,2024-03-18
7372,Ashish Arora,ashish.arora2970@yahoo.com,Srinagar,2023-01-07
7373,Mukesh Iyer,mukesh.iyer3666@ymail.com,Kanpur,2022-04-28
7374,Lata Murthy,lata.murthy6340@rediffmail.com,Howrah,2024-06-17
7375,Deepak Sengupta,deepak.sengupta4374@hotmail.com,Gwalior,2024-08-18
7376,Aryan Saxena,aryan.saxena5965@hotmail.com,Raipur,2024-06-28
7377,Rohini Deshpande,rohini.deshpande2572@outlook.com,Srinagar,2022-01-15
7378,Ashish Chawla,ashish.chawla5500@hotmail.com,Raipur,2022-07-16
7379,Tarun Mehta,tarun.mehta8178@yahoo.com,Vijayawada,2023-01-10
7380,Shruti Yadav,shruti.yadav6779@gmail.com,Coimbatore,2024-05-18
7381,Parul Jha,parul.jha6657@rediffmail.com,Ranchi,2024-05-10
7382,Sneha Bhatia,sneha.bhatia573@rediffmail.com,Agra,2024-08-29
7383,Geeta Joshi,geeta.joshi8208@outlook.com,Aurangabad,2023-08-24
7384,Tarun Dubey,tarun.dubey3188@outlook.com,Pimpri-Chinchwad,2023-07-11
7385,Vinod Modi,vinod.modi837@yahoo.com,Meerut,2023-02-16
7386,Chandra Modi,chandra.modi6482@outlook.com,Madurai,2024-05-18
7387,Vinod Varma,vinod.varma5746@rediffmail.com,Rajkot,2023-06-25
7388,Shyam Jha,shyam.jha8491@outlook.com,Jodhpur,2024-03-04
7389,Mahesh Pillai,mahesh.pillai4249@rediffmail.com,Vijayawada,2023-06-27
7390,Neeraj Sinha,neeraj.sinha1283@hotmail.com,Nashik,2023-05-04
7391,Kabir Bose,kabir.bose7264@hotmail.com,Ludhiana,2022-03-15
7392,Shilpa Rao,shilpa.rao2126@hotmail.com,Delhi,2024-01-17
7393,Ishaan Malhotra,ishaan.malhotra8113@yahoo.com,Jabalpur,2022-01-12
7394,Rajesh Singh,rajesh.singh4472@ymail.com,Solapur,2024-12-09
7395,Rohan Khanna,rohan.khanna5159@yahoo.com,Jodhpur,2023-06-14
7396,Krishna Mukherjee,krishna.mukherjee443@yahoo.com,Varanasi,2023-12-17
7397,Kabir Nanda,kabir.nanda534@outlook.com,Navi Mumbai,2022-01-15
7398,Lokesh Dutta,lokesh.dutta8718@yahoo.com,Nagpur,2024-12-28
7399,Lokesh Banerjee,lokesh.banerjee6602@rediffmail.com,Nagpur,2023-01-18
7400,Shiv Pathak,shiv.pathak1981@yahoo.com,Kalyan-Dombivali,2024-02-17
7401,Kavita Sinha,kavita.sinha8600@gmail.com,Kota,2023-07-21
7402,Suresh Tiwari,suresh.tiwari479@outlook.com,Thane,2024-07-28
7403,Girish Bansal,girish.bansal4503@gmail.com,Nashik,2022-01-03
7404,Shiv Mukherjee,shiv.mukherjee6330@yahoo.com,Kanpur,2023-06-12
7405,Uday Ahuja,uday.ahuja5149@gmail.com,Bengaluru,2022-10-17
7406,Megha Kapoor,megha.kapoor8463@yahoo.com,Allahabad,2024-07-14
7407,Sachin Patel,sachin.patel7076@yahoo.com,Nagpur,2023-08-20
7408,Ritu Khanna,ritu.khanna7656@hotmail.com,Jodhpur,2024-05-24
7409,Jyoti Sharma,jyoti.sharma6457@outlook.com,Solapur,2022-03-18
7410,Isha Dubey,isha.dubey2237@outlook.com,Nagpur,2024-08-29
7411,Jayesh Chawla,jayesh.chawla5500@rediffmail.com,Surat,2022-04-20
7412,Shikha Srivastava,shikha.srivastava9431@hotmail.com,Chennai,2022-04-20
7413,Vinay Bhatt,vinay.bhatt347@yahoo.com,Vijayawada,2024-09-28
7414,Mukesh Arora,mukesh.arora7913@rediffmail.com,Ahmedabad,2023-11-03
7415,Asha Khanna,asha.khanna4900@rediffmail.com,Visakhapatnam,2024-08-03
7416,Nisha Pande,nisha.pande7690@yahoo.com,Navi Mumbai,2023-02-07
7417,Ishaan Chakraborty,ishaan.chakraborty356@outlook.com,Kolkata,2023-06-24
7418,Jatin Dubey,jatin.dubey5267@outlook.com,Jodhpur,2024-01-31
7419,Jyoti Shukla,jyoti.shukla7751@rediffmail.com,Coimbatore,2023-03-07
7420,Varun Jha,varun.jha376@hotmail.com,Madurai,2023-01-11
7421,Megha Arora,megha.arora3043@outlook.com,Delhi,2024-04-06
7422,Vikas Nair,vikas.nair7707@hotmail.com,Vasai-Virar,2024-08-21
7423,Anil Mishra,anil.mishra1396@ymail.com,Kota,2022-09-03
7424,Deepak Pathak,deepak.pathak2988@yahoo.com,Chandigarh,2024-03-28
7425,Ritu Chauhan,ritu.chauhan3579@rediffmail.com,Ahmedabad,2022-09-18
7426,Gaurav Modi,gaurav.modi7565@hotmail.com,Faridabad,2024-12-02
7427,Kavita Shah,kavita.shah1679@ymail.com,Solapur,2023-03-01
7428,Yogesh Chatterjee,yogesh.chatterjee4071@outlook.com,Kalyan-Dombivali,2024-10-22
7429,Neha Agarwal,neha.agarwal5480@ymail.com,Amritsar,2022-01-24
7430,Nitika Patel,nitika.patel1084@gmail.com,Vijayawada,2024-04-08
7431,Uma Reddy,uma.reddy5954@gmail.com,Delhi,2024-05-25
7432,Jyoti Arora,jyoti.arora8126@gmail.com,Srinagar,2024-12-16
7433,Girish Srivastava,girish.srivastava8813@ymail.com,Jodhpur,2023-09-10
7434,Neeraj Nair,neeraj.nair4406@rediffmail.com,Nagpur,2022-01-22
7435,Hemant Ghosh,hemant.ghosh8480@hotmail.com,Srinagar,2023-03-13
7436,Mukesh Banerjee,mukesh.banerjee5384@ymail.com,Patna,2022-01-15
7437,Vikram Gupta,vikram.gupta4298@rediffmail.com,Jaipur,2024-09-08
7438,Divya Murthy,divya.murthy947@rediffmail.com,Mumbai,2023-01-23
7439,Ashish Chakraborty,ashish.chakraborty7401@rediffmail.com,Amritsar,2023-05-17
7440,Sunil Saxena,sunil.saxena6390@hotmail.com,Bhopal,2022-06-19
7441,Mohan Modi,mohan.modi8508@hotmail.com,Solapur,2024-10-26
7442,Tarun Goyal,tarun.goyal4278@hotmail.com,Bengaluru,2023-10-09
7443,Simran Patel,simran.patel3533@gmail.com,Nagpur,2023-01-17
7444,Sachin Arora,sachin.arora7556@ymail.com,Faridabad,2024-06-11
7445,Aarav Bose,aarav.bose5608@yahoo.com,Vasai-Virar,2022-04-21
7446,Ashish Sinha,ashish.sinha5925@yahoo.com,Indore,2022-03-19
7447,Yash Chopra,yash.chopra9946@rediffmail.com,Madurai,2024-04-03
7448,Madhav Deshpande,madhav.deshpande3588@gmail.com,Jabalpur,2022-12-05
7449,Yogesh Garg,yogesh.garg5870@outlook.com,Nashik,2023-06-27
7450,Aarav Garg,aarav.garg481@outlook.com,Jabalpur,2022-08-29
7451,Sunita Joshi,sunita.joshi4509@gmail.com,Kanpur,2024-08-06
7452,Girish Banerjee,girish.banerjee2677@gmail.com,Ahmedabad,2022-10-26
7453,Vikas Rao,vikas.rao9983@hotmail.com,Indore,2022-07-11
7454,Rajesh Chatterjee,rajesh.chatterjee5348@gmail.com,Delhi,2023-08-22
7455,Ashok Deshpande,ashok.deshpande1285@ymail.com,Allahabad,2022-10-14
7456,Shanti Arora,shanti.arora6300@rediffmail.com,Jaipur,2022-04-24
7457,Kavita Nair,kavita.nair2039@ymail.com,Bengaluru,2023-05-02
7458,Yogesh Bansal,yogesh.bansal5679@hotmail.com,Navi Mumbai,2023-08-13
7459,Shikha Malhotra,shikha.malhotra3564@rediffmail.com,Nashik,2024-06-27
7460,Sneha Verma,sneha.verma7954@rediffmail.com,Varanasi,2023-02-23
7461,Ravi Varma,ravi.varma8609@ymail.com,Surat,2023-07-09
7462,Tarun Shukla,tarun.shukla5399@ymail.com,Raipur,2023-11-02
7463,Ishaan Nair,ishaan.nair1720@hotmail.com,Kolkata,2022-11-18
7464,Nitika Choudhary,nitika.choudhary3077@rediffmail.com,Jaipur,2024-06-13
7465,Anand Goyal,anand.goyal2155@rediffmail.com,Nashik,2022-07-21
7466,Paras Jha,paras.jha3026@hotmail.com,Faridabad,2024-08-14
7467,Seema Kulkarni,seema.kulkarni8649@rediffmail.com,Madurai,2022-06-12
7468,Kunal Sengupta,kunal.sengupta5546@rediffmail.com,Bengaluru,2023-05-15
7469,Ananya Banerjee,ananya.banerjee8410@gmail.com,Howrah,2024-05-16
7470,Shruti Singh,shruti.singh5380@hotmail.com,Visakhapatnam,2024-10-24
7471,Nikhil Kaur,nikhil.kaur1693@ymail.com,Agra,2022-01-31
7472,Tanvi Shukla,tanvi.shukla4820@rediffmail.com,Ranchi,2023-07-31
7473,Ramesh Sinha,ramesh.sinha1887@ymail.com,Ludhiana,2022-03-04
7474,Parul Pande,parul.pande2232@ymail.com,Visakhapatnam,2023-08-14
7475,Megha Shukla,megha.shukla4760@gmail.com,Bhopal,2023-11-12
7476,Akash Malhotra,akash.malhotra6767@rediffmail.com,Faridabad,2023-12-11
7477,Sudhir Joshi,sudhir.joshi9853@ymail.com,Bareilly,2023-03-07
7478,Lokesh Chakraborty,lokesh.chakraborty5450@rediffmail.com,Amritsar,2022-06-09
7479,Varun Bansal,varun.bansal8320@ymail.com,Jaipur,2022-11-09
7480,Neha Malhotra,neha.malhotra5403@hotmail.com,Varanasi,2024-07-14
7481,Sachin Modi,sachin.modi8080@hotmail.com,Faridabad,2023-01-04
7482,Lokesh Gupta,lokesh.gupta1925@yahoo.com,Indore,2024-11-19
7483,Neha Choudhary,neha.choudhary4727@ymail.com,Coimbatore,2023-05-24
7484,Nitesh Pathak,nitesh.pathak7700@rediffmail.com,Bengaluru,2022-02-04
7485,Om Bansal,om.bansal4670@hotmail.com,Faridabad,2023-08-06
7486,Rahul Yadav,rahul.yadav5088@rediffmail.com,Kota,2024-05-02
7487,Nilesh Sengupta,nilesh.sengupta4345@ymail.com,Pune,2024-06-12
7488,Mohan Chopra,mohan.chopra3236@ymail.com,Howrah,2023-11-30
7489,Sudhir Kulkarni,sudhir.kulkarni8005@gmail.com,Surat,2023-11-07
7490,Lata Patel,lata.patel3621@hotmail.com,Delhi,2022-12-12
7491,Sonu Malhotra,sonu.malhotra7061@outlook.com,Visakhapatnam,2022-02-12
7492,Madhav Iyer,madhav.iyer2031@yahoo.com,Bareilly,2022-11-10
7493,Nitika Choudhary,nitika.choudhary7909@outlook.com,Faridabad,2023-02-09
7494,Suresh Bhatia,suresh.bhatia4638@hotmail.com,Ahmedabad,2023-02-18
7495,Kabir Chauhan,kabir.chauhan8134@ymail.com,Hyderabad,2022-04-25
7496,Kunal Gupta,kunal.gupta5973@hotmail.com,Ranchi,2023-05-08
7497,Sunil Gupta,sunil.gupta5787@hotmail.com,Gwalior,2023-11-20
7498,Vinod Yadav,vinod.yadav5957@outlook.com,Kanpur,2022-09-09
7499,Mohan Nanda,mohan.nanda3518@yahoo.com,Faridabad,2024-09-17
7500,Shanti Chakraborty,shanti.chakraborty6794@outlook.com,Amritsar,2022-04-21
7501,Rajesh Verma,rajesh.verma5835@gmail.com,Vadodara,2022-07-07
7502,Akash Murthy,akash.murthy6839@ymail.com,Hyderabad,2023-08-25
7503,Geeta Bhatt,geeta.bhatt7761@gmail.com,Faridabad,2023-11-07
7504,Seema Mishra,seema.mishra9162@hotmail.com,Bareilly,2022-11-21
7505,Ansh Rao,ansh.rao9488@outlook.com,Coimbatore,2023-04-20
7506,Heena Khanna,heena.khanna9110@outlook.com,Bengaluru,2023-05-12
7507,Vikram Bhatia,vikram.bhatia6886@gmail.com,Navi Mumbai,2024-11-26
7508,Paras Naik,paras.naik5739@ymail.com,Raipur,2022-02-20
7509,Ansh Arora,ansh.arora6039@hotmail.com,Hubli,2023-02-08
7510,Reena Bhatt,reena.bhatt1522@gmail.com,Faridabad,2023-02-24
7511,Dev Arora,dev.arora2651@outlook.com,Patna,2022-04-10
7512,Amit Pillai,amit.pillai3111@ymail.com,Raipur,2023-05-02
7513,Shikha Dubey,shikha.dubey9350@outlook.com,Bhopal,2024-10-20
7514,Ravi Arora,ravi.arora3031@gmail.com,Madurai,2023-04-29
7515,Priya Nanda,priya.nanda7333@rediffmail.com,Lucknow,2022-05-09
7516,Rajesh Naik,rajesh.naik3462@rediffmail.com,Vadodara,2023-08-04
7517,Neha Nair,neha.nair1628@outlook.com,Bareilly,2024-07-16
7518,Mukesh Khanna,mukesh.khanna4071@ymail.com,Pimpri-Chinchwad,2022-10-04
7519,Shyam Agarwal,shyam.agarwal8908@yahoo.com,Vadodara,2024-11-15
7520,Shanti Bhatt,shanti.bhatt3041@hotmail.com,Kanpur,2024-04-08
7521,Mukesh Gupta,mukesh.gupta7877@hotmail.com,Surat,2024-04-25
7522,Kedar Goyal,kedar.goyal492@hotmail.com,Srinagar,2023-02-02
7523,Sonali Shah,sonali.shah2728@outlook.com,Jabalpur,2024-06-08
7524,Megha Garg,megha.garg7248@rediffmail.com,Jodhpur,2023-11-02
7525,Pavan Bhatt,pavan.bhatt9006@outlook.com,Varanasi,2023-09-12
7526,Jyoti Pillai,jyoti.pillai9282@yahoo.com,Vadodara,2024-03-05
7527,Pooja Malhotra,pooja.malhotra1447@hotmail.com,Visakhapatnam,2024-02-26
7528,Swati Pillai,swati.pillai3560@rediffmail.com,Gwalior,2023-11-17
7529,Isha Bhatt,isha.bhatt5359@hotmail.com,Vasai-Virar,2024-04-06
7530,Kedar Reddy,kedar.reddy2363@yahoo.com,Gwalior,2023-07-26
7531,Aditya Choudhary,aditya.choudhary6208@rediffmail.com,Hubli,2022-01-23
7532,Uma Nanda,uma.nanda9263@outlook.com,Pimpri-Chinchwad,2024-03-06
7533,Mahesh Kulkarni,mahesh.kulkarni8510@gmail.com,Ahmedabad,2023-01-08
7534,Uday Chopra,uday.chopra9447@yahoo.com,Bhopal,2022-10-07
7535,Jyoti Kaur,jyoti.kaur9179@outlook.com,Jaipur,2023-01-16
7536,Yash Bansal,yash.bansal3712@outlook.com,Indore,2023-04-17
7537,Nitika Shukla,nitika.shukla9143@hotmail.com,Hyderabad,2024-03-03
7538,Sapna Shukla,sapna.shukla1054@yahoo.com,Amritsar,2024-04-27
7539,Nitika Chatterjee,nitika.chatterjee4929@ymail.com,Navi Mumbai,2023-11-01
7540,Om Murthy,om.murthy4008@gmail.com,Visakhapatnam,2023-11-07
7541,Komal Patel,komal.patel6309@ymail.com,Ludhiana,2024-07-09
7542,Sanjeev Khanna,sanjeev.khanna6093@outlook.com,Amritsar,2024-02-29
7543,Rajesh Shah,rajesh.shah35@gmail.com,Nashik,2023-11-22
7544,Anjali Bose,anjali.bose2159@outlook.com,Vijayawada,2024-09-07
7545,Sanjay Kumar,sanjay.kumar4279@ymail.com,Visakhapatnam,2023-06-25
7546,Harish Kulkarni,harish.kulkarni3674@yahoo.com,Srinagar,2022-03-16
7547,Lokesh Kulkarni,lokesh.kulkarni1760@hotmail.com,Vasai-Virar,2023-12-29
7548,Gaurav Mukherjee,gaurav.mukherjee4118@hotmail.com,Kanpur,2022-03-28
7549,Anil Gupta,anil.gupta2473@gmail.com,Raipur,2024-11-10
7550,Mukesh Malhotra,mukesh.malhotra4097@outlook.com,Guwahati,2022-07-24
7551,Vikas Kapoor,vikas.kapoor2250@gmail.com,Bhopal,2023-10-30
7552,Ankit Rao,ankit.rao9412@gmail.com,Howrah,2024-12-16
7553,Lakshmi Saxena,lakshmi.saxena356@hotmail.com,Kalyan-Dombivali,2024-02-06
7554,Sachin Chauhan,sachin.chauhan3858@yahoo.com,Ludhiana,2023-10-17
7555,Ananya Naik,ananya.naik1436@ymail.com,Visakhapatnam,2023-01-20
7556,Yogesh Desai,yogesh.desai3045@ymail.com,Howrah,2024-10-22
7557,Vikram Banerjee,vikram.banerjee7796@outlook.com,Kalyan-Dombivali,2023-02-24
7558,Divya Bose,divya.bose8028@ymail.com,Coimbatore,2022-04-08
7559,Sonu Goyal,sonu.goyal2112@yahoo.com,Indore,2022-07-16
7560,Aarav Khanna,aarav.khanna665@ymail.com,Amritsar,2022-06-08
7561,Shyam Verma,shyam.verma8046@gmail.com,Bengaluru,2024-01-15
7562,Chandra Chopra,chandra.chopra9882@gmail.com,Navi Mumbai,2023-07-02
7563,Lakshmi Mehta,lakshmi.mehta4842@rediffmail.com,Bareilly,2024-04-12
7564,Lata Pillai,lata.pillai9808@gmail.com,Agra,2022-09-29
7565,Nisha Ahuja,nisha.ahuja2953@hotmail.com,Gwalior,2024-05-29
7566,Arjun Chawla,arjun.chawla4751@yahoo.com,Ludhiana,2024-10-28
7567,Tanvi Deshpande,tanvi.deshpande734@hotmail.com,Mumbai,2024-09-18
7568,Nitesh Singh,nitesh.singh6002@gmail.com,Thane,2022-03-24
7569,Mohan Bhatia,mohan.bhatia178@rediffmail.com,Hubli,2022-11-10
7570,Vivek Mukherjee,vivek.mukherjee2293@gmail.com,Rajkot,2024-07-22
7571,Kajal Jha,kajal.jha3296@outlook.com,Ahmedabad,2023-08-02
7572,Neha Garg,neha.garg2540@gmail.com,Patna,2023-05-19
7573,Ankit Pillai,ankit.pillai2069@outlook.com,Patna,2023-05-25
7574,Sunita Bhatt,sunita.bhatt2943@outlook.com,Vasai-Virar,2024-04-22
7575,Lakshmi Khanna,lakshmi.khanna709@yahoo.com,Thane,2023-02-17
7576,Meena Bhatt,meena.bhatt6781@hotmail.com,Agra,2024-11-10
7577,Ajay Kulkarni,ajay.kulkarni2385@hotmail.com,Srinagar,2023-10-30
7578,Krishna Jha,krishna.jha2455@outlook.com,Srinagar,2022-10-12
7579,Vivek Bansal,vivek.bansal3965@outlook.com,Vijayawada,2024-08-26
7580,Simran Bansal,simran.bansal2359@outlook.com,Chandigarh,2023-10-06
7581,Asha Agarwal,asha.agarwal127@hotmail.com,Solapur,2024-06-13
7582,Rahul Modi,rahul.modi683@outlook.com,Coimbatore,2022-01-06
7583,Kiran Mehta,kiran.mehta1246@gmail.com,Kanpur,2022-06-20
7584,Shanti Nair,shanti.nair1497@outlook.com,Srinagar,2023-02-19
7585,Suresh Desai,suresh.desai3948@hotmail.com,Nagpur,2023-04-16
7586,Sonal Sharma,sonal.sharma3791@gmail.com,Vijayawada,2024-01-29
7587,Jyoti Nair,jyoti.nair4619@ymail.com,Coimbatore,2023-10-17
7588,Ankit Chakraborty,ankit.chakraborty6859@hotmail.com,Aurangabad,2022-04-25
7589,Vivek Malhotra,vivek.malhotra9531@hotmail.com,Nagpur,2022-10-25
7590,Vikas Chauhan,vikas.chauhan8651@yahoo.com,Bengaluru,2022-10-30
7591,Jyoti Desai,jyoti.desai6488@ymail.com,Visakhapatnam,2024-04-24
7592,Simran Nair,simran.nair5478@ymail.com,Raipur,2023-11-09
7593,Shyam Chawla,shyam.chawla9397@gmail.com,Surat,2022-03-12
7594,Kavita Bhatia,kavita.bhatia1062@hotmail.com,Guwahati,2023-09-17
7595,Priya Murthy,priya.murthy538@hotmail.com,Pune,2022-04-13
7596,Ritesh Dutta,ritesh.dutta3119@hotmail.com,Rajkot,2024-01-18
7597,Shiv Garg,shiv.garg3675@outlook.com,Nagpur,2023-05-03
7598,Aarav Jain,aarav.jain7897@ymail.com,Bareilly,2024-01-25
7599,Shanti Iyer,shanti.iyer3171@outlook.com,Kota,2022-04-19
7600,Aarav Pande,aarav.pande8852@hotmail.com,Ahmedabad,2024-04-10
7601,Sonali Ghosh,sonali.ghosh3823@outlook.com,Varanasi,2022-03-09
7602,Sahil Reddy,sahil.reddy2404@gmail.com,Srinagar,2022-01-22
7603,Tarun Sinha,tarun.sinha4417@outlook.com,Hyderabad,2022-08-16
7604,Swati Desai,swati.desai5588@ymail.com,Kota,2022-12-14
7605,Rahul Sengupta,rahul.sengupta3670@yahoo.com,Vijayawada,2024-08-21
7606,Ansh Malhotra,ansh.malhotra8833@hotmail.com,Meerut,2024-12-19
7607,Aryan Mehta,aryan.mehta6203@rediffmail.com,Varanasi,2024-02-07
7608,Amit Joshi,amit.joshi9901@gmail.com,Dhanbad,2023-04-30
7609,Shailesh Tiwari,shailesh.tiwari9221@yahoo.com,Delhi,2022-05-22
7610,Anil Shah,anil.shah5688@ymail.com,Faridabad,2022-06-21
7611,Sonu Kaur,sonu.kaur9939@rediffmail.com,Nagpur,2023-05-22
7612,Shilpa Reddy,shilpa.reddy1207@outlook.com,Coimbatore,2023-03-10
7613,Vinod Kaur,vinod.kaur4711@ymail.com,Dhanbad,2022-02-27
7614,Pavan Pathak,pavan.pathak4223@ymail.com,Vadodara,2022-03-30
7615,Mahesh Joshi,mahesh.joshi4850@hotmail.com,Surat,2023-11-16
7616,Ram Deshpande,ram.deshpande6040@outlook.com,Delhi,2024-10-15
7617,Varun Kaur,varun.kaur6041@gmail.com,Howrah,2023-06-19
7618,Manish Desai,manish.desai203@outlook.com,Allahabad,2023-10-19
7619,Mohan Choudhary,mohan.choudhary2987@outlook.com,Ahmedabad,2022-11-24
7620,Megha Ahuja,megha.ahuja2109@ymail.com,Madurai,2024-02-24
7621,Sudhir Sinha,sudhir.sinha1063@gmail.com,Ranchi,2024-06-12
7622,Parul Chakraborty,parul.chakraborty328@ymail.com,Ahmedabad,2022-02-24
7623,Ritesh Mukherjee,ritesh.mukherjee3610@outlook.com,Mumbai,2022-05-20
7624,Ravi Goyal,ravi.goyal9368@gmail.com,Ranchi,2022-05-18
7625,Sanjay Mehta,sanjay.mehta803@gmail.com,Nagpur,2022-10-06
7626,Om Sharma,om.sharma6656@ymail.com,Lucknow,2024-12-16
7627,Akash Joshi,akash.joshi8584@outlook.com,Srinagar,2024-10-02
7628,Uma Modi,uma.modi816@gmail.com,Pimpri-Chinchwad,2024-08-08
7629,Ayesha Sharma,ayesha.sharma6320@rediffmail.com,Jaipur,2022-07-25
7630,Aryan Pande,aryan.pande5503@outlook.com,Jodhpur,2024-04-01
7631,Kedar Kumar,kedar.kumar462@outlook.com,Varanasi,2023-02-19
7632,Sahil Jain,sahil.jain9743@hotmail.com,Meerut,2022-08-18
7633,Ravi Verma,ravi.verma2741@yahoo.com,Bengaluru,2023-12-27
7634,Vikas Verma,vikas.verma1969@yahoo.com,Faridabad,2024-04-01
7635,Ishaan Bose,ishaan.bose9322@ymail.com,Madurai,2024-07-30
7636,Sunita Gupta,sunita.gupta8695@ymail.com,Gwalior,2022-12-24
7637,Lalit Arora,lalit.arora799@outlook.com,Nashik,2022-08-05
7638,Mohan Mehta,mohan.mehta4353@ymail.com,Navi Mumbai,2024-05-02
7639,Sahil Mishra,sahil.mishra3099@hotmail.com,Allahabad,2022-09-05
7640,Rahul Chopra,rahul.chopra1852@outlook.com,Chandigarh,2024-10-14
7641,Jayesh Murthy,jayesh.murthy7361@hotmail.com,Dhanbad,2024-07-12
7642,Ritesh Garg,ritesh.garg6125@rediffmail.com,Gwalior,2023-11-14
7643,Sanjay Nanda,sanjay.nanda5029@yahoo.com,Allahabad,2023-04-27
7644,Lokesh Kaur,lokesh.kaur9903@rediffmail.com,Coimbatore,2024-08-19
7645,Sneha Chawla,sneha.chawla2908@hotmail.com,Surat,2022-03-15
7646,Uday Bhatt,uday.bhatt3280@gmail.com,Kota,2024-02-18
7647,Vivek Ghosh,vivek.ghosh6977@ymail.com,Howrah,2022-09-10
7648,Chandra Kaur,chandra.kaur8043@gmail.com,Howrah,2022-07-02
7649,Rakesh Kulkarni,rakesh.kulkarni9590@rediffmail.com,Nagpur,2023-03-08
7650,Lokesh Garg,lokesh.garg616@yahoo.com,Vijayawada,2022-06-06
7651,Isha Srivastava,isha.srivastava9095@outlook.com,Ranchi,2023-03-20
7652,Amitabh Jain,amitabh.jain6445@rediffmail.com,Jaipur,2024-11-21
7653,Sunita Sinha,sunita.sinha7823@hotmail.com,Thane,2023-04-28
7654,Krishna Yadav,krishna.yadav5432@yahoo.com,Vasai-Virar,2022-12-18
7655,Ananya Chopra,ananya.chopra9802@ymail.com,Pimpri-Chinchwad,2024-10-02
7656,Jatin Mishra,jatin.mishra8261@gmail.com,Ahmedabad,2023-01-17
7657,Rajesh Das,rajesh.das6607@rediffmail.com,Madurai,2023-02-08
7658,Karan Sinha,karan.sinha6036@gmail.com,Varanasi,2023-04-18
7659,Ram Das,ram.das2090@yahoo.com,Coimbatore,2023-03-29
7660,Ankit Malhotra,ankit.malhotra7539@rediffmail.com,Vasai-Virar,2023-11-19
7661,Yash Banerjee,yash.banerjee133@yahoo.com,Howrah,2023-07-22
7662,Seema Singh,seema.singh7199@hotmail.com,Hubli,2022-04-24
7663,Kiran Jain,kiran.jain7903@ymail.com,Madurai,2024-10-10
7664,Shiv Mishra,shiv.mishra9217@gmail.com,Srinagar,2023-09-08
7665,Girish Bhatia,girish.bhatia2057@ymail.com,Vadodara,2023-03-10
7666,Kavita Reddy,kavita.reddy5231@yahoo.com,Nashik,2023-05-23
7667,Paras Banerjee,paras.banerjee1254@gmail.com,Kota,2023-11-08
7668,Om Joshi,om.joshi519@rediffmail.com,Surat,2024-07-29
7669,Deepak Bansal,deepak.bansal4452@rediffmail.com,Bengaluru,2023-01-21
7670,Madhav Patel,madhav.patel6114@outlook.com,Jodhpur,2023-12-23
7671,Mihir Desai,mihir.desai4204@yahoo.com,Nagpur,2022-07-25
7672,Megha Naik,megha.naik6187@outlook.com,Mumbai,2024-12-02
7673,Pradeep Jain,pradeep.jain5317@gmail.com,Rajkot,2023-07-12
7674,Hemant Tiwari,hemant.tiwari9490@ymail.com,Pimpri-Chinchwad,2023-06-29
7675,Sunita Chauhan,sunita.chauhan991@ymail.com,Chennai,2022-02-02
7676,Kavita Choudhary,kavita.choudhary7976@ymail.com,Coimbatore,2024-08-28
7677,Jayesh Pillai,jayesh.pillai3162@hotmail.com,Pimpri-Chinchwad,2022-11-04
7678,Asha Chatterjee,asha.chatterjee23@gmail.com,Navi Mumbai,2022-05-26
7679,Paras Naik,paras.naik6811@rediffmail.com,Gwalior,2022-08-21
7680,Harish Choudhary,harish.choudhary9605@yahoo.com,Faridabad,2024-07-07
7681,Komal Dubey,komal.dubey8662@hotmail.com,Amritsar,2022-06-08
7682,Arjun Bhatt,arjun.bhatt5324@ymail.com,Dhanbad,2022-03-18
7683,Varun Deshpande,varun.deshpande4909@outlook.com,Faridabad,2024-03-21
7684,Ananya Reddy,ananya.reddy1516@outlook.com,Patna,2022-11-27
7685,Mahesh Desai,mahesh.desai4947@hotmail.com,Ludhiana,2023-08-05
7686,Mihir Das,mihir.das54@yahoo.com,Ahmedabad,2023-04-18
7687,Kunal Shukla,kunal.shukla4107@outlook.com,Gwalior,2022-12-14
7688,Bhaskar Saxena,bhaskar.saxena4096@rediffmail.com,Patna,2022-01-09
7689,Nitika Yadav,nitika.yadav1366@outlook.com,Bhopal,2023-08-28
7690,Hemant Goyal,hemant.goyal6307@outlook.com,Hyderabad,2023-11-29
7691,Tarun Banerjee,tarun.banerjee4247@outlook.com,Raipur,2022-04-12
7692,Shiv Saxena,shiv.saxena830@outlook.com,Hyderabad,2023-05-27
7693,Ritu Pande,ritu.pande8610@gmail.com,Hyderabad,2024-06-23
7694,Ram Tiwari,ram.tiwari5857@gmail.com,Rajkot,2023-01-24
7695,Kunal Chopra,kunal.chopra1222@hotmail.com,Vijayawada,2022-06-24
7696,Shyam Desai,shyam.desai8@yahoo.com,Lucknow,2023-08-20
7697,Sahil Chauhan,sahil.chauhan7989@hotmail.com,Rajkot,2022-05-18
7698,Mahesh Murthy,mahesh.murthy682@rediffmail.com,Agra,2024-06-12
7699,Jatin Saxena,jatin.saxena1408@rediffmail.com,Chandigarh,2023-11-19
7700,Jyoti Chawla,jyoti.chawla3142@yahoo.com,Raipur,2023-02-08
7701,Mukesh Khanna,mukesh.khanna5893@ymail.com,Mumbai,2022-10-15
7702,Pavan Jha,pavan.jha9786@gmail.com,Agra,2024-06-01
7703,Shanti Srivastava,shanti.srivastava5235@rediffmail.com,Ahmedabad,2024-06-18
7704,Sandeep Pillai,sandeep.pillai1621@ymail.com,Faridabad,2024-08-27
7705,Rahul Das,rahul.das9271@gmail.com,Guwahati,2023-11-06
7706,Dev Sinha,dev.sinha4982@rediffmail.com,Kanpur,2022-12-15
7707,Ankit Verma,ankit.verma9583@gmail.com,Jodhpur,2022-07-30
7708,Sanjay Gupta,sanjay.gupta2622@rediffmail.com,Coimbatore,2023-07-08
7709,Paras Chawla,paras.chawla4755@gmail.com,Patna,2022-01-15
7710,Sneha Bhatt,sneha.bhatt3546@rediffmail.com,Faridabad,2024-03-23
7711,Yash Pande,yash.pande9521@yahoo.com,Coimbatore,2022-09-05
7712,Kajal Bose,kajal.bose2760@outlook.com,Ludhiana,2022-11-12
7713,Aarav Sengupta,aarav.sengupta1978@yahoo.com,Guwahati,2022-03-04
7714,Aryan Malhotra,aryan.malhotra4948@gmail.com,Surat,2022-04-16
7715,Rohini Sengupta,rohini.sengupta8292@ymail.com,Vadodara,2023-09-22
7716,Mukesh Pillai,mukesh.pillai8245@rediffmail.com,Navi Mumbai,2024-03-11
7717,Meena Kapoor,meena.kapoor4871@rediffmail.com,Chennai,2022-10-28
7718,Nilesh Desai,nilesh.desai9829@gmail.com,Bhopal,2024-02-29
7719,Nikhil Mukherjee,nikhil.mukherjee5357@rediffmail.com,Pune,2024-05-02
7720,Kedar Goyal,kedar.goyal9449@gmail.com,Ludhiana,2023-01-27
7721,Sunil Choudhary,sunil.choudhary1863@rediffmail.com,Jodhpur,2022-02-22
7722,Vivek Chauhan,vivek.chauhan1612@yahoo.com,Hyderabad,2024-11-25
7723,Kiran Mukherjee,kiran.mukherjee2252@yahoo.com,Pune,2024-01-06
7724,Meena Yadav,meena.yadav8743@yahoo.com,Bhopal,2023-08-17
7725,Divya Naik,divya.naik4108@ymail.com,Mumbai,2022-09-14
7726,Bhaskar Mukherjee,bhaskar.mukherjee4126@outlook.com,Kanpur,2024-03-15
7727,Nitesh Yadav,nitesh.yadav1339@ymail.com,Bhopal,2022-11-20
7728,Aditya Chopra,aditya.chopra5131@yahoo.com,Hubli,2023-06-03
7729,Deepak Garg,deepak.garg8797@outlook.com,Varanasi,2022-03-22
7730,Swati Malhotra,swati.malhotra7768@outlook.com,Delhi,2023-09-29
7731,Sonali Chopra,sonali.chopra3243@ymail.com,Vijayawada,2025-01-01
7732,Om Rao,om.rao6990@ymail.com,Rajkot,2024-08-20
7733,Kavita Bansal,kavita.bansal8833@ymail.com,Dhanbad,2024-09-23
7734,Vikas Chopra,vikas.chopra1230@gmail.com,Varanasi,2023-11-24
7735,Dev Trivedi,dev.trivedi4786@ymail.com,Hyderabad,2022-02-11
7736,Ishaan Yadav,ishaan.yadav3583@ymail.com,Bengaluru,2024-01-29
7737,Varun Bhatia,varun.bhatia306@ymail.com,Raipur,2024-10-06
7738,Zara Choudhary,zara.choudhary4648@outlook.com,Jaipur,2023-12-07
7739,Kabir Desai,kabir.desai7083@hotmail.com,Patna,2022-05-13
7740,Mukesh Sinha,mukesh.sinha8714@rediffmail.com,Madurai,2023-03-01
7741,Ravi Desai,ravi.desai7953@outlook.com,Hubli,2023-04-25
7742,Ramesh Nanda,ramesh.nanda5228@ymail.com,Kanpur,2023-03-26
7743,Rajesh Saxena,rajesh.saxena1695@rediffmail.com,Lucknow,2024-11-13
7744,Ram Deshpande,ram.deshpande6248@ymail.com,Nagpur,2022-12-07
7745,Sonu Yadav,sonu.yadav7528@rediffmail.com,Jodhpur,2024-05-23
7746,Pavan Ahuja,pavan.ahuja7834@ymail.com,Bengaluru,2023-07-16
7747,Divya Reddy,divya.reddy3806@hotmail.com,Srinagar,2023-04-19
7748,Ankit Nair,ankit.nair9865@hotmail.com,Coimbatore,2023-04-27
7749,Ankita Verma,ankita.verma1322@ymail.com,Vasai-Virar,2023-01-19
7750,Sapna Bhatt,sapna.bhatt3133@hotmail.com,Bhopal,2023-10-02
7751,Shikha Mehta,shikha.mehta935@hotmail.com,Mumbai,2024-08-19
7752,Varun Reddy,varun.reddy55@outlook.com,Aurangabad,2024-02-07
7753,Aarav Singh,aarav.singh9152@rediffmail.com,Bareilly,2023-09-02
7754,Rakesh Gupta,rakesh.gupta9468@rediffmail.com,Gwalior,2024-03-29
7755,Geeta Trivedi,geeta.trivedi5678@outlook.com,Meerut,2024-10-30
7756,Mihir Shukla,mihir.shukla6793@yahoo.com,Bareilly,2022-05-25
7757,Ishaan Naik,ishaan.naik189@hotmail.com,Coimbatore,2024-01-05
7758,Ankita Pillai,ankita.pillai4215@rediffmail.com,Pimpri-Chinchwad,2024-01-06
7759,Kabir Sinha,kabir.sinha2807@yahoo.com,Faridabad,2023-11-13
7760,Kunal Chauhan,kunal.chauhan3214@yahoo.com,Guwahati,2022-03-12
7761,Simran Jain,simran.jain1103@hotmail.com,Patna,2022-07-17
7762,Ramesh Kulkarni,ramesh.kulkarni3411@ymail.com,Kota,2023-12-27
7763,Asha Chatterjee,asha.chatterjee1631@gmail.com,Jabalpur,2024-04-21
7764,Om Iyer,om.iyer5614@gmail.com,Raipur,2023-04-17
7765,Vikas Varma,vikas.varma7027@yahoo.com,Rajkot,2023-12-30
7766,Shruti Pathak,shruti.pathak161@hotmail.com,Chandigarh,2022-03-04
7767,Jatin Bhatia,jatin.bhatia8049@yahoo.com,Dhanbad,2022-10-19
7768,Bhaskar Garg,bhaskar.garg4274@yahoo.com,Kalyan-Dombivali,2024-09-24
7769,Uday Murthy,uday.murthy7637@gmail.com,Guwahati,2023-02-11
7770,Vinod Verma,vinod.verma2827@yahoo.com,Vijayawada,2022-08-18
7771,Ayesha Nair,ayesha.nair1314@outlook.com,Chennai,2024-12-13
7772,Swati Pillai,swati.pillai9343@yahoo.com,Nashik,2023-09-22
7773,Sapna Malhotra,sapna.malhotra5246@yahoo.com,Ahmedabad,2022-05-25
7774,Yash Das,yash.das7230@ymail.com,Ludhiana,2024-05-16
7775,Isha Srivastava,isha.srivastava8160@yahoo.com,Chennai,2022-06-29
7776,Kedar Pathak,kedar.pathak3373@yahoo.com,Pune,2022-02-03
7777,Pradeep Murthy,pradeep.murthy6599@yahoo.com,Bhopal,2022-04-21
7778,Swati Kumar,swati.kumar5478@rediffmail.com,Visakhapatnam,2022-02-23
7779,Akash Garg,akash.garg8726@gmail.com,Amritsar,2022-02-08
7780,Isha Shukla,isha.shukla6841@hotmail.com,Ranchi,2024-02-02
7781,Shilpa Bhatt,shilpa.bhatt614@gmail.com,Jaipur,2022-05-19
7782,Paras Choudhary,paras.choudhary4990@gmail.com,Guwahati,2023-06-02
7783,Akash Naik,akash.naik1430@outlook.com,Bengaluru,2022-10-03
7784,Pavan Ghosh,pavan.ghosh6925@gmail.com,Vasai-Virar,2024-08-21
7785,Pradeep Malhotra,pradeep.malhotra3139@yahoo.com,Hubli,2022-05-12
7786,Kajal Pande,kajal.pande9939@rediffmail.com,Aurangabad,2022-01-23
7787,Girish Saxena,girish.saxena2104@gmail.com,Pimpri-Chinchwad,2023-01-20
7788,Sandeep Iyer,sandeep.iyer8120@hotmail.com,Indore,2023-02-24
7789,Kedar Iyer,kedar.iyer2126@gmail.com,Bengaluru,2024-04-22
7790,Lata Bhatia,lata.bhatia738@gmail.com,Patna,2024-03-20
7791,Aarav Bhatia,aarav.bhatia197@ymail.com,Patna,2022-08-15
7792,Geeta Chawla,geeta.chawla3841@hotmail.com,Faridabad,2023-11-15
7793,Simran Mehta,simran.mehta9359@hotmail.com,Jaipur,2022-04-07
7794,Shiv Mishra,shiv.mishra2405@ymail.com,Raipur,2022-09-19
7795,Sapna Dutta,sapna.dutta9778@hotmail.com,Vasai-Virar,2024-08-08
7796,Ashok Saxena,ashok.saxena1395@outlook.com,Meerut,2022-06-07
7797,Shikha Nair,shikha.nair9829@rediffmail.com,Coimbatore,2024-10-14
7798,Shilpa Nanda,shilpa.nanda7438@outlook.com,Vasai-Virar,2024-09-02
7799,Shyam Malhotra,shyam.malhotra6080@gmail.com,Indore,2024-10-21
7800,Nitesh Mehta,nitesh.mehta1253@yahoo.com,Indore,2022-06-22
7801,Pradeep Pande,pradeep.pande3658@rediffmail.com,Srinagar,2022-11-26
7802,Amitabh Goyal,amitabh.goyal8302@outlook.com,Thane,2022-03-21
7803,Kabir Kapoor,kabir.kapoor1916@rediffmail.com,Visakhapatnam,2023-10-16
7804,Kunal Sinha,kunal.sinha8214@outlook.com,Amritsar,2022-06-23
7805,Sandeep Sinha,sandeep.sinha7476@ymail.com,Thane,2023-07-29
7806,Asha Naik,asha.naik9102@ymail.com,Delhi,2024-10-18
7807,Ramesh Saxena,ramesh.saxena6599@hotmail.com,Chandigarh,2022-03-24
7808,Isha Rao,isha.rao1753@hotmail.com,Dhanbad,2023-10-16
7809,Parul Jha,parul.jha3158@rediffmail.com,Pune,2023-10-29
7810,Ishaan Saxena,ishaan.saxena6412@ymail.com,Jaipur,2022-03-09
7811,Lata Sengupta,lata.sengupta4570@hotmail.com,Jabalpur,2023-01-27
7812,Sonali Garg,sonali.garg9561@yahoo.com,Varanasi,2022-06-16
7813,Sapna Pande,sapna.pande5181@hotmail.com,Delhi,2024-04-20
7814,Hemant Nair,hemant.nair5145@outlook.com,Srinagar,2022-01-18
7815,Ayesha Bansal,ayesha.bansal7672@ymail.com,Chennai,2023-12-29
7816,Geeta Mehta,geeta.mehta9158@ymail.com,Pimpri-Chinchwad,2023-01-16
7817,Anil Shah,anil.shah5675@hotmail.com,Raipur,2023-12-15
7818,Shiv Jha,shiv.jha3589@ymail.com,Ludhiana,2023-07-01
7819,Kajal Banerjee,kajal.banerjee591@outlook.com,Hubli,2024-11-23
7820,Shikha Patel,shikha.patel6770@outlook.com,Srinagar,2024-10-27
7821,Vikram Nair,vikram.nair8816@rediffmail.com,Lucknow,2022-10-05
7822,Sunita Chauhan,sunita.chauhan513@ymail.com,Bengaluru,2024-07-21
7823,Sonu Chopra,sonu.chopra150@hotmail.com,Delhi,2023-09-28
7824,Om Srivastava,om.srivastava1115@gmail.com,Kanpur,2023-08-28
7825,Meena Chauhan,meena.chauhan7268@hotmail.com,Madurai,2024-10-04
7826,Pradeep Sharma,pradeep.sharma256@hotmail.com,Pune,2022-02-17
7827,Shailesh Iyer,shailesh.iyer9044@outlook.com,Kalyan-Dombivali,2024-09-17
7828,Ankit Nair,ankit.nair6856@hotmail.com,Pimpri-Chinchwad,2022-11-02
7829,Mukesh Chopra,mukesh.chopra4790@hotmail.com,Dhanbad,2022-05-02
7830,Shanti Ghosh,shanti.ghosh9224@rediffmail.com,Kalyan-Dombivali,2024-08-20
7831,Ankit Chawla,ankit.chawla257@gmail.com,Amritsar,2024-08-06
7832,Nilesh Tiwari,nilesh.tiwari226@yahoo.com,Bhopal,2022-11-18
7833,Komal Mehta,komal.mehta771@ymail.com,Patna,2023-08-25
7834,Heena Trivedi,heena.trivedi478@outlook.com,Bhopal,2022-10-03
7835,Kedar Yadav,kedar.yadav6164@ymail.com,Vasai-Virar,2024-12-21
7836,Rakesh Pillai,rakesh.pillai7912@ymail.com,Visakhapatnam,2022-05-03
7837,Sneha Dubey,sneha.dubey935@hotmail.com,Thane,2024-11-17
7838,Arjun Varma,arjun.varma7603@outlook.com,Gwalior,2024-10-21
7839,Anand Patel,anand.patel9395@yahoo.com,Visakhapatnam,2024-04-07
7840,Uday Pande,uday.pande2636@hotmail.com,Srinagar,2022-02-15
7841,Kajal Bose,kajal.bose8641@gmail.com,Pune,2023-01-28
7842,Anil Bhatt,anil.bhatt8383@outlook.com,Bareilly,2023-08-14
7843,Isha Chopra,isha.chopra4055@gmail.com,Visakhapatnam,2024-01-02
7844,Shailesh Kaur,shailesh.kaur6089@gmail.com,Amritsar,2022-09-13
7845,Deepika Mehta,deepika.mehta6017@rediffmail.com,Kolkata,2024-08-30
7846,Anil Ahuja,anil.ahuja4027@hotmail.com,Bhopal,2024-07-31
7847,Jyoti Deshpande,jyoti.deshpande2533@hotmail.com,Meerut,2024-08-18
7848,Karan Ahuja,karan.ahuja5417@yahoo.com,Meerut,2022-10-10
7849,Kiran Bhatt,kiran.bhatt2537@yahoo.com,Ahmedabad,2022-05-30
7850,Tanvi Jha,tanvi.jha4225@gmail.com,Vijayawada,2022-05-17
7851,Asha Patel,asha.patel443@ymail.com,Jaipur,2022-02-26
7852,Madhav Agarwal,madhav.agarwal8009@gmail.com,Bhopal,2024-04-03
7853,Sanjay Patel,sanjay.patel3341@gmail.com,Bengaluru,2024-01-09
7854,Vikram Chopra,vikram.chopra2893@gmail.com,Raipur,2023-09-26
7855,Jayesh Das,jayesh.das6945@outlook.com,Jodhpur,2023-05-16
7856,Simran Srivastava,simran.srivastava5989@yahoo.com,Ranchi,2023-06-28
7857,Santosh Chopra,santosh.chopra5177@outlook.com,Ahmedabad,2022-09-11
7858,Tarun Kulkarni,tarun.kulkarni1781@ymail.com,Ludhiana,2023-09-30
7859,Jyoti Sinha,jyoti.sinha2322@outlook.com,Kota,2022-06-24
7860,Pradeep Goyal,pradeep.goyal5398@hotmail.com,Indore,2024-06-17
7861,Sonal Tiwari,sonal.tiwari5190@rediffmail.com,Surat,2024-04-02
7862,Pooja Chopra,pooja.chopra6042@gmail.com,Allahabad,2022-08-07
7863,Jyoti Bose,jyoti.bose9512@ymail.com,Vadodara,2022-03-06
7864,Divya Varma,divya.varma3138@yahoo.com,Nagpur,2023-12-13
7865,Rajesh Kapoor,rajesh.kapoor9719@yahoo.com,Nashik,2024-11-12
7866,Anil Sharma,anil.sharma3380@ymail.com,Solapur,2023-11-14
7867,Vinay Reddy,vinay.reddy2809@rediffmail.com,Navi Mumbai,2022-03-03
7868,Kunal Ahuja,kunal.ahuja8124@hotmail.com,Bengaluru,2024-10-15
7869,Shilpa Saxena,shilpa.saxena8331@gmail.com,Coimbatore,2024-07-12
7870,Suresh Dubey,suresh.dubey5910@hotmail.com,Patna,2022-09-27
7871,Lalit Desai,lalit.desai4596@ymail.com,Kota,2024-08-27
7872,Om Modi,om.modi7905@hotmail.com,Patna,2023-07-15
7873,Rakesh Kaur,rakesh.kaur4335@rediffmail.com,Bhopal,2022-03-11
7874,Kedar Kumar,kedar.kumar4626@gmail.com,Hyderabad,2024-06-09
7875,Aditya Kaur,aditya.kaur9312@rediffmail.com,Amritsar,2022-10-05
7876,Mahesh Iyer,mahesh.iyer8952@outlook.com,Jaipur,2024-07-25
7877,Lata Varma,lata.varma5981@yahoo.com,Dhanbad,2024-08-05
7878,Ravi Dutta,ravi.dutta9216@hotmail.com,Jodhpur,2023-08-18
7879,Sanjay Varma,sanjay.varma6224@gmail.com,Coimbatore,2022-07-26
7880,Ayesha Chawla,ayesha.chawla363@hotmail.com,Delhi,2024-08-16
7881,Deepak Chakraborty,deepak.chakraborty5906@hotmail.com,Nashik,2023-02-10
7882,Ritesh Kumar,ritesh.kumar714@gmail.com,Hubli,2024-06-08
7883,Anil Pande,anil.pande3647@yahoo.com,Vijayawada,2023-06-02
7884,Nilesh Ahuja,nilesh.ahuja7215@rediffmail.com,Surat,2024-03-24
7885,Ayesha Kapoor,ayesha.kapoor1707@ymail.com,Aurangabad,2023-08-31
7886,Geeta Chawla,geeta.chawla6460@gmail.com,Indore,2022-09-27
7887,Lokesh Bansal,lokesh.bansal3787@ymail.com,Raipur,2023-09-01
7888,Isha Shah,isha.shah9790@rediffmail.com,Navi Mumbai,2023-06-14
7889,Jyoti Choudhary,jyoti.choudhary7536@rediffmail.com,Howrah,2024-01-03
7890,Chandra Shah,chandra.shah3978@outlook.com,Kolkata,2024-10-19
7891,Ravi Chatterjee,ravi.chatterjee4336@rediffmail.com,Kalyan-Dombivali,2023-06-22
7892,Kunal Banerjee,kunal.banerjee5019@rediffmail.com,Kota,2023-12-27
7893,Shilpa Pillai,shilpa.pillai5801@outlook.com,Chandigarh,2024-11-04
7894,Vinay Chawla,vinay.chawla2840@outlook.com,Chandigarh,2023-01-31
7895,Shiv Chauhan,shiv.chauhan8078@ymail.com,Patna,2022-10-22
7896,Neeraj Singh,neeraj.singh1745@rediffmail.com,Thane,2022-09-29
7897,Uma Choudhary,uma.choudhary4586@gmail.com,Lucknow,2023-03-13
7898,Reena Dubey,reena.dubey6458@ymail.com,Jaipur,2024-09-01
7899,Mahesh Chauhan,mahesh.chauhan7564@outlook.com,Pimpri-Chinchwad,2022-03-04
7900,Sonali Saxena,sonali.saxena4535@gmail.com,Pimpri-Chinchwad,2024-03-08
7901,Kunal Saxena,kunal.saxena6007@gmail.com,Kolkata,2022-12-01
7902,Rahul Kaur,rahul.kaur3792@rediffmail.com,Kolkata,2022-09-09
7903,Ajay Joshi,ajay.joshi108@yahoo.com,Guwahati,2022-09-26
7904,Pradeep Shukla,pradeep.shukla9882@yahoo.com,Bengaluru,2024-09-03
7905,Sonu Reddy,sonu.reddy4784@ymail.com,Vijayawada,2023-11-25
7906,Ravi Joshi,ravi.joshi2781@rediffmail.com,Guwahati,2022-10-04
7907,Neeraj Tiwari,neeraj.tiwari6882@outlook.com,Aurangabad,2023-07-13
7908,Divya Dubey,divya.dubey3444@hotmail.com,Kota,2023-06-27
7909,Harish Chatterjee,harish.chatterjee3756@ymail.com,Srinagar,2023-02-01
7910,Shruti Trivedi,shruti.trivedi2183@ymail.com,Varanasi,2024-12-01
7911,Harish Pathak,harish.pathak6853@ymail.com,Coimbatore,2023-01-19
7912,Ankit Verma,ankit.verma5648@gmail.com,Bengaluru,2022-01-25
7913,Ayesha Kaur,ayesha.kaur24@outlook.com,Varanasi,2022-12-05
7914,Anjali Ghosh,anjali.ghosh3174@ymail.com,Vijayawada,2023-05-30
7915,Shanti Nair,shanti.nair6314@rediffmail.com,Madurai,2024-02-23
7916,Sunil Banerjee,sunil.banerjee5625@yahoo.com,Dhanbad,2022-05-20
7917,Lata Sengupta,lata.sengupta5841@outlook.com,Bhopal,2022-08-17
7918,Akash Joshi,akash.joshi2974@gmail.com,Ranchi,2023-02-03
7919,Anjali Nanda,anjali.nanda7425@yahoo.com,Delhi,2024-01-11
7920,Ananya Mishra,ananya.mishra3434@yahoo.com,Srinagar,2024-07-09
7921,Uma Yadav,uma.yadav3732@gmail.com,Jaipur,2024-09-02
7922,Gaurav Mukherjee,gaurav.mukherjee4509@gmail.com,Solapur,2023-09-30
7923,Pavan Jha,pavan.jha847@yahoo.com,Raipur,2024-07-18
7924,Santosh Chatterjee,santosh.chatterjee6114@rediffmail.com,Vijayawada,2022-02-24
7925,Pooja Choudhary,pooja.choudhary6750@rediffmail.com,Guwahati,2022-02-07
7926,Aarav Pathak,aarav.pathak964@outlook.com,Surat,2022-12-20
7927,Akash Nanda,akash.nanda7825@gmail.com,Lucknow,2022-09-06
7928,Pavan Patel,pavan.patel4576@hotmail.com,Kanpur,2023-05-18
7929,Reena Reddy,reena.reddy5298@rediffmail.com,Kalyan-Dombivali,2022-03-19
7930,Ashok Garg,ashok.garg3436@gmail.com,Ludhiana,2024-11-22
7931,Shiv Mehta,shiv.mehta5748@gmail.com,Srinagar,2024-01-09
7932,Neha Trivedi,neha.trivedi485@yahoo.com,Lucknow,2023-02-07
7933,Aditya Verma,aditya.verma9025@rediffmail.com,Allahabad,2022-04-27
7934,Sunil Kumar,sunil.kumar50@rediffmail.com,Patna,2022-05-18
7935,Nilesh Jha,nilesh.jha194@yahoo.com,Chandigarh,2023-07-27
7936,Ashish Dutta,ashish.dutta394@gmail.com,Varanasi,2024-11-17
7937,Sachin Naik,sachin.naik6934@outlook.com,Jodhpur,2023-12-17
7938,Pavan Sharma,pavan.sharma7940@hotmail.com,Agra,2023-11-24
7939,Aarav Patel,aarav.patel5551@rediffmail.com,Hubli,2022-07-18
7940,Kavita Jha,kavita.jha707@hotmail.com,Gwalior,2024-06-15
7941,Dev Sengupta,dev.sengupta4065@outlook.com,Kalyan-Dombivali,2023-08-20
7942,Sapna Khanna,sapna.khanna2097@outlook.com,Kanpur,2024-10-24
7943,Mohan Jha,mohan.jha1711@rediffmail.com,Ahmedabad,2023-08-13
7944,Sonali Sharma,sonali.sharma2201@gmail.com,Vadodara,2023-04-08
7945,Sanjay Nanda,sanjay.nanda4431@ymail.com,Ludhiana,2022-04-05
7946,Seema Sharma,seema.sharma4248@outlook.com,Surat,2022-08-06
7947,Nitika Mukherjee,nitika.mukherjee6326@hotmail.com,Madurai,2023-02-01
7948,Ritu Gupta,ritu.gupta9909@yahoo.com,Howrah,2023-08-10
7949,Aryan Kumar,aryan.kumar6188@outlook.com,Visakhapatnam,2022-03-10
7950,Neeraj Nanda,neeraj.nanda9171@ymail.com,Kota,2024-05-09
7951,Rakesh Murthy,rakesh.murthy5897@rediffmail.com,Ludhiana,2024-07-03
7952,Jyoti Pillai,jyoti.pillai1235@gmail.com,Hyderabad,2024-03-20
7953,Sandeep Varma,sandeep.varma7156@outlook.com,Jodhpur,2022-11-06
7954,Mohan Gupta,mohan.gupta1502@rediffmail.com,Varanasi,2023-04-29
7955,Sanjay Patel,sanjay.patel7374@rediffmail.com,Gwalior,2023-10-12
7956,Harish Mehta,harish.mehta7745@gmail.com,Chennai,2022-11-24
7957,Kabir Pande,kabir.pande3486@gmail.com,Vasai-Virar,2023-06-29
7958,Lalit Shah,lalit.shah9792@rediffmail.com,Surat,2023-06-14
7959,Isha Banerjee,isha.banerjee7186@rediffmail.com,Mumbai,2023-07-08
7960,Neeraj Agarwal,neeraj.agarwal4797@gmail.com,Aurangabad,2023-02-16
7961,Mahesh Joshi,mahesh.joshi1119@rediffmail.com,Varanasi,2024-02-04
7962,Manish Trivedi,manish.trivedi9502@yahoo.com,Vasai-Virar,2022-10-13
7963,Sneha Bansal,sneha.bansal3614@ymail.com,Chandigarh,2022-11-22
7964,Nisha Dubey,nisha.dubey5609@outlook.com,Ahmedabad,2022-10-16
7965,Lata Kaur,lata.kaur7927@yahoo.com,Chennai,2022-11-13
7966,Varun Garg,varun.garg80@gmail.com,Ranchi,2023-12-01
7967,Nikhil Saxena,nikhil.saxena8290@rediffmail.com,Nashik,2022-08-24
7968,Lokesh Dutta,lokesh.dutta2325@ymail.com,Vadodara,2023-01-07
7969,Kunal Tiwari,kunal.tiwari6363@outlook.com,Delhi,2022-01-15
7970,Ramesh Naik,ramesh.naik14@hotmail.com,Dhanbad,2023-03-12
7971,Megha Reddy,megha.reddy9925@gmail.com,Kota,2023-02-25
7972,Akash Deshpande,akash.deshpande4402@gmail.com,Bhopal,2024-04-10
7973,Kunal Reddy,kunal.reddy3098@yahoo.com,Coimbatore,2024-11-21
7974,Komal Kumar,komal.kumar8784@hotmail.com,Gwalior,2024-06-27
7975,Vikas Singh,vikas.singh7229@gmail.com,Solapur,2024-10-17
7976,Sunita Arora,sunita.arora6983@gmail.com,Delhi,2024-10-18
7977,Jyoti Kaur,jyoti.kaur1628@hotmail.com,Bhopal,2023-05-22
7978,Vikram Malhotra,vikram.malhotra515@gmail.com,Pimpri-Chinchwad,2022-06-12
7979,Shruti Chakraborty,shruti.chakraborty7999@hotmail.com,Patna,2023-02-08
7980,Mahesh Nanda,mahesh.nanda7171@gmail.com,Madurai,2024-02-21
7981,Ishaan Murthy,ishaan.murthy7511@outlook.com,Kanpur,2022-06-12
7982,Yogesh Joshi,yogesh.joshi7832@ymail.com,Dhanbad,2023-09-09
7983,Tarun Agarwal,tarun.agarwal5326@hotmail.com,Faridabad,2024-10-24
7984,Mukesh Kumar,mukesh.kumar1998@rediffmail.com,Surat,2023-08-18
7985,Sonal Naik,sonal.naik8184@hotmail.com,Chennai,2023-07-16
7986,Deepika Modi,deepika.modi8289@hotmail.com,Thane,2022-05-11
7987,Jatin Chauhan,jatin.chauhan9902@rediffmail.com,Amritsar,2024-08-20
7988,Dev Kulkarni,dev.kulkarni3396@ymail.com,Visakhapatnam,2022-12-19
7989,Ankit Rao,ankit.rao2639@yahoo.com,Indore,2023-03-25
7990,Ram Chakraborty,ram.chakraborty9589@rediffmail.com,Lucknow,2022-09-09
7991,Kiran Pande,kiran.pande391@gmail.com,Srinagar,2022-09-09
7992,Harish Chakraborty,harish.chakraborty2272@ymail.com,Kota,2022-01-14
7993,Karan Shukla,karan.shukla4475@rediffmail.com,Visakhapatnam,2023-12-21
7994,Mihir Mehta,mihir.mehta7914@gmail.com,Faridabad,2023-06-29
7995,Asha Singh,asha.singh7613@ymail.com,Kota,2024-02-17
7996,Mahesh Agarwal,mahesh.agarwal4862@hotmail.com,Kalyan-Dombivali,2023-04-18
7997,Ram Bhatt,ram.bhatt1618@outlook.com,Raipur,2023-09-28
7998,Lokesh Malhotra,lokesh.malhotra6565@outlook.com,Madurai,2024-07-10
7999,Sneha Verma,sneha.verma6546@hotmail.com,Aurangabad,2024-06-05
8000,Mahesh Khanna,mahesh.khanna4124@outlook.com,Rajkot,2022-04-06
8001,Rajesh Joshi,rajesh.joshi2060@gmail.com,Amritsar,2023-12-02
8002,Uma Reddy,uma.reddy2289@rediffmail.com,Vasai-Virar,2023-09-29
8003,Krishna Mukherjee,krishna.mukherjee5254@yahoo.com,Chennai,2024-10-02
8004,Lata Bansal,lata.bansal4711@rediffmail.com,Gwalior,2024-11-29
8005,Om Nair,om.nair2202@rediffmail.com,Ranchi,2024-10-23
8006,Nitika Choudhary,nitika.choudhary7669@hotmail.com,Vadodara,2023-07-19
8007,Bhaskar Das,bhaskar.das82@outlook.com,Chennai,2024-01-11
8008,Shailesh Arora,shailesh.arora6786@rediffmail.com,Lucknow,2024-08-15
8009,Sudhir Shah,sudhir.shah3804@ymail.com,Navi Mumbai,2024-06-03
8010,Sudhir Shah,sudhir.shah4516@gmail.com,Hyderabad,2024-02-18
8011,Sunita Mishra,sunita.mishra2289@hotmail.com,Kalyan-Dombivali,2024-06-03
8012,Geeta Patel,geeta.patel614@yahoo.com,Lucknow,2022-06-29
8013,Jatin Garg,jatin.garg912@yahoo.com,Kolkata,2023-01-24
8014,Rakesh Verma,rakesh.verma3917@yahoo.com,Delhi,2022-06-11
8015,Aryan Chatterjee,aryan.chatterjee1836@rediffmail.com,Visakhapatnam,2022-02-13
8016,Meena Joshi,meena.joshi4123@rediffmail.com,Allahabad,2023-10-25
8017,Kunal Nair,kunal.nair8162@hotmail.com,Faridabad,2022-10-01
8018,Shanti Gupta,shanti.gupta5825@yahoo.com,Howrah,2024-03-15
8019,Aryan Jha,aryan.jha1226@hotmail.com,Nagpur,2024-04-23
8020,Ritesh Mehta,ritesh.mehta4145@hotmail.com,Srinagar,2024-12-07
8021,Harish Jain,harish.jain1194@outlook.com,Howrah,2023-02-14
8022,Sanjay Murthy,sanjay.murthy7476@ymail.com,Kolkata,2023-05-10
8023,Krishna Joshi,krishna.joshi6512@outlook.com,Gwalior,2024-06-03
8024,Vinay Garg,vinay.garg3332@rediffmail.com,Guwahati,2023-12-29
8025,Shikha Mukherjee,shikha.mukherjee8802@outlook.com,Madurai,2023-05-28
8026,Anjali Mehta,anjali.mehta8748@yahoo.com,Ludhiana,2024-03-03
8027,Yash Arora,yash.arora2010@rediffmail.com,Gwalior,2022-08-16
8028,Sonu Verma,sonu.verma7081@yahoo.com,Visakhapatnam,2024-05-19
8029,Anand Pathak,anand.pathak5023@ymail.com,Aurangabad,2024-05-12
8030,Shikha Das,shikha.das9698@yahoo.com,Rajkot,2023-08-05
8031,Ayesha Kumar,ayesha.kumar8606@hotmail.com,Ahmedabad,2024-09-20
8032,Ravi Mehta,ravi.mehta3134@outlook.com,Aurangabad,2022-04-10
8033,Ansh Verma,ansh.verma65@yahoo.com,Jodhpur,2024-10-09
8034,Swati Bhatia,swati.bhatia9941@gmail.com,Raipur,2023-10-03
8035,Varun Singh,varun.singh2085@gmail.com,Nagpur,2024-07-19
8036,Deepak Chauhan,deepak.chauhan2108@gmail.com,Bareilly,2024-01-19
8037,Sahil Bhatia,sahil.bhatia9374@gmail.com,Vijayawada,2023-07-16
8038,Yash Joshi,yash.joshi6271@yahoo.com,Vadodara,2023-07-09
8039,Mihir Sharma,mihir.sharma2997@yahoo.com,Bengaluru,2022-07-12
8040,Manish Jha,manish.jha6964@outlook.com,Indore,2023-04-28
8041,Ritesh Dubey,ritesh.dubey5781@gmail.com,Navi Mumbai,2022-11-15
8042,Kajal Deshpande,kajal.deshpande2155@outlook.com,Jaipur,2023-10-24
8043,Ishaan Shah,ishaan.shah8823@gmail.com,Pimpri-Chinchwad,2022-01-30
8044,Ishaan Bansal,ishaan.bansal8103@hotmail.com,Ludhiana,2024-12-15
8045,Uday Gupta,uday.gupta1074@ymail.com,Pimpri-Chinchwad,2022-11-23
8046,Anil Choudhary,anil.choudhary4639@rediffmail.com,Vadodara,2023-01-24
8047,Sneha Joshi,sneha.joshi808@outlook.com,Pimpri-Chinchwad,2024-01-26
8048,Aditya Srivastava,aditya.srivastava9835@yahoo.com,Solapur,2023-05-21
8049,Divya Murthy,divya.murthy887@rediffmail.com,Vijayawada,2024-08-11
8050,Akash Chopra,akash.chopra4342@hotmail.com,Mumbai,2023-09-12
8051,Ritu Trivedi,ritu.trivedi3314@gmail.com,Delhi,2022-01-25
8052,Nilesh Mishra,nilesh.mishra1577@ymail.com,Ranchi,2022-12-23
8053,Ishaan Shah,ishaan.shah5383@ymail.com,Kota,2023-05-10
8054,Ritu Chopra,ritu.chopra8012@outlook.com,Vijayawada,2023-03-28
8055,Nitika Kumar,nitika.kumar5810@hotmail.com,Visakhapatnam,2024-06-21
8056,Manish Bhatia,manish.bhatia7170@yahoo.com,Varanasi,2024-01-02
8057,Nisha Dutta,nisha.dutta5531@hotmail.com,Vadodara,2022-08-07
8058,Kajal Mehta,kajal.mehta1595@yahoo.com,Meerut,2024-04-12
8059,Mohan Chauhan,mohan.chauhan5564@ymail.com,Bhopal,2023-03-21
8060,Sunita Tiwari,sunita.tiwari9456@ymail.com,Jaipur,2023-06-30
8061,Dev Mehta,dev.mehta836@yahoo.com,Chennai,2023-12-10
8062,Anil Banerjee,anil.banerjee1610@yahoo.com,Visakhapatnam,2023-04-01
8063,Sahil Garg,sahil.garg9329@gmail.com,Vasai-Virar,2022-11-19
8064,Nisha Pillai,nisha.pillai8841@rediffmail.com,Jodhpur,2023-11-08
8065,Paras Desai,paras.desai4719@outlook.com,Aurangabad,2023-01-22
8066,Harish Shukla,harish.shukla9257@gmail.com,Jaipur,2022-03-30
8067,Heena Malhotra,heena.malhotra1834@ymail.com,Jabalpur,2022-08-13
8068,Bhaskar Malhotra,bhaskar.malhotra5680@rediffmail.com,Bhopal,2024-01-13
8069,Kiran Mehta,kiran.mehta1435@hotmail.com,Kanpur,2022-06-22
8070,Sunil Sinha,sunil.sinha1468@outlook.com,Raipur,2023-01-18
8071,Dev Arora,dev.arora6416@ymail.com,Chandigarh,2023-10-29
8072,Reena Bhatt,reena.bhatt752@gmail.com,Guwahati,2023-07-20
8073,Tarun Ghosh,tarun.ghosh3107@outlook.com,Visakhapatnam,2023-03-18
8074,Manish Goyal,manish.goyal4754@hotmail.com,Indore,2022-11-25
8075,Simran Tiwari,simran.tiwari9232@outlook.com,Coimbatore,2022-07-10
8076,Jatin Choudhary,jatin.choudhary2561@ymail.com,Hubli,2022-01-16
8077,Sachin Bansal,sachin.bansal7593@ymail.com,Surat,2022-12-05
8078,Zara Mukherjee,zara.mukherjee7233@outlook.com,Guwahati,2024-10-21
8079,Ishaan Jain,ishaan.jain2576@outlook.com,Amritsar,2022-04-07
8080,Uma Rao,uma.rao8312@outlook.com,Allahabad,2023-10-17
8081,Santosh Mishra,santosh.mishra1744@gmail.com,Jabalpur,2023-03-24
8082,Gaurav Naik,gaurav.naik6098@yahoo.com,Bengaluru,2022-01-30
8083,Amitabh Patel,amitabh.patel711@gmail.com,Madurai,2024-05-16
8084,Harish Rao,harish.rao2303@hotmail.com,Amritsar,2024-05-18
8085,Sandeep Mishra,sandeep.mishra7307@hotmail.com,Patna,2024-04-04
8086,Lokesh Nanda,lokesh.nanda6770@gmail.com,Aurangabad,2022-12-06
8087,Rahul Saxena,rahul.saxena5064@outlook.com,Jodhpur,2022-02-26
8088,Ishaan Gupta,ishaan.gupta4493@outlook.com,Vijayawada,2023-03-20
8089,Heena Desai,heena.desai4703@outlook.com,Nashik,2024-04-26
8090,Varun Chakraborty,varun.chakraborty8657@hotmail.com,Bareilly,2022-05-14
8091,Krishna Gupta,krishna.gupta6731@ymail.com,Nagpur,2023-11-13
8092,Ashish Mehta,ashish.mehta5122@outlook.com,Indore,2023-10-05
8093,Sneha Bhatia,sneha.bhatia8433@hotmail.com,Pune,2024-10-20
8094,Manish Pande,manish.pande6335@hotmail.com,Guwahati,2024-01-10
8095,Yogesh Patel,yogesh.patel6692@hotmail.com,Kalyan-Dombivali,2022-01-26
8096,Amitabh Trivedi,amitabh.trivedi3747@ymail.com,Thane,2024-07-05
8097,Simran Jain,simran.jain2515@yahoo.com,Howrah,2024-03-20
8098,Shyam Goyal,shyam.goyal8452@hotmail.com,Vijayawada,2022-10-14
8099,Ansh Agarwal,ansh.agarwal9240@yahoo.com,Kanpur,2022-09-19
8100,Komal Bhatt,komal.bhatt4352@hotmail.com,Nashik,2024-09-09
8101,Zara Patel,zara.patel6034@ymail.com,Nagpur,2024-07-17
8102,Sandeep Chopra,sandeep.chopra3766@outlook.com,Rajkot,2024-04-26
8103,Amitabh Goyal,amitabh.goyal1149@hotmail.com,Surat,2024-05-29
8104,Kedar Dubey,kedar.dubey941@yahoo.com,Gwalior,2024-08-24
8105,Amitabh Naik,amitabh.naik1270@yahoo.com,Dhanbad,2022-11-14
8106,Dev Patel,dev.patel9168@yahoo.com,Ahmedabad,2022-02-03
8107,Rohini Tiwari,rohini.tiwari3282@hotmail.com,Vijayawada,2022-11-01
8108,Kedar Sengupta,kedar.sengupta3117@rediffmail.com,Surat,2022-12-07
8109,Ritesh Rao,ritesh.rao6051@gmail.com,Kolkata,2023-09-18
8110,Rakesh Khanna,rakesh.khanna2181@rediffmail.com,Visakhapatnam,2022-02-22
8111,Nikhil Varma,nikhil.varma7087@ymail.com,Jodhpur,2023-11-04
8112,Geeta Pathak,geeta.pathak892@rediffmail.com,Srinagar,2023-03-12
8113,Sanjeev Saxena,sanjeev.saxena4818@outlook.com,Rajkot,2024-07-26
8114,Seema Pillai,seema.pillai394@gmail.com,Varanasi,2024-11-01
8115,Chandra Iyer,chandra.iyer4972@outlook.com,Vasai-Virar,2024-03-14
8116,Madhav Pathak,madhav.pathak5057@ymail.com,Ranchi,2023-03-31
8117,Mukesh Banerjee,mukesh.banerjee80@ymail.com,Howrah,2023-09-26
8118,Girish Nair,girish.nair6693@rediffmail.com,Lucknow,2023-12-31
8119,Yash Singh,yash.singh269@rediffmail.com,Ludhiana,2023-11-18
8120,Ramesh Desai,ramesh.desai5476@ymail.com,Vasai-Virar,2022-12-05
8121,Ram Mishra,ram.mishra3021@outlook.com,Meerut,2022-10-27
8122,Girish Varma,girish.varma2339@hotmail.com,Varanasi,2022-11-22
8123,Nitika Garg,nitika.garg4984@ymail.com,Kalyan-Dombivali,2022-12-06
8124,Nisha Bansal,nisha.bansal4432@outlook.com,Kanpur,2023-01-30
8125,Sonu Shah,sonu.shah3948@hotmail.com,Vijayawada,2023-05-30
8126,Vinay Mukherjee,vinay.mukherjee7053@outlook.com,Rajkot,2022-08-04
8127,Amitabh Joshi,amitabh.joshi1641@hotmail.com,Jabalpur,2024-03-02
8128,Ansh Naik,ansh.naik790@outlook.com,Amritsar,2024-03-21
8129,Deepika Murthy,deepika.murthy8994@outlook.com,Hubli,2024-11-30
8130,Shanti Nair,shanti.nair7715@rediffmail.com,Lucknow,2023-07-11
8131,Jatin Pathak,jatin.pathak4175@gmail.com,Hubli,2023-05-19
8132,Seema Banerjee,seema.banerjee5902@gmail.com,Navi Mumbai,2024-05-24
8133,Rohini Shukla,rohini.shukla5309@outlook.com,Kolkata,2023-04-16
8134,Santosh Iyer,santosh.iyer4475@gmail.com,Ranchi,2023-04-12
8135,Shanti Reddy,shanti.reddy3856@gmail.com,Allahabad,2023-05-23
8136,Priya Ahuja,priya.ahuja1988@outlook.com,Coimbatore,2023-01-26
8137,Jyoti Mishra,jyoti.mishra6895@rediffmail.com,Chennai,2022-10-04
8138,Sandeep Yadav,sandeep.yadav3334@outlook.com,Dhanbad,2023-05-23
8139,Sachin Pillai,sachin.pillai9029@gmail.com,Kolkata,2022-11-20
8140,Deepak Banerjee,deepak.banerjee456@gmail.com,Meerut,2023-03-17
8141,Arjun Murthy,arjun.murthy6014@yahoo.com,Delhi,2022-01-13
8142,Sachin Choudhary,sachin.choudhary3940@rediffmail.com,Pune,2024-01-16
8143,Chandra Dubey,chandra.dubey1200@yahoo.com,Bhopal,2024-03-19
8144,Sahil Srivastava,sahil.srivastava3553@ymail.com,Chennai,2023-08-20
8145,Sonali Agarwal,sonali.agarwal9727@rediffmail.com,Kanpur,2022-06-12
8146,Deepika Modi,deepika.modi746@yahoo.com,Bhopal,2022-09-08
8147,Rahul Pathak,rahul.pathak6987@outlook.com,Kanpur,2022-03-13
8148,Tarun Chawla,tarun.chawla2998@rediffmail.com,Nashik,2022-02-07
8149,Vivek Bose,vivek.bose4013@gmail.com,Madurai,2024-07-23
8150,Nitika Rao,nitika.rao5247@outlook.com,Howrah,2022-01-29
8151,Aarav Sharma,aarav.sharma94@ymail.com,Pune,2022-06-12
8152,Nilesh Kaur,nilesh.kaur5616@yahoo.com,Hubli,2022-12-23
8153,Karan Bose,karan.bose5062@rediffmail.com,Bhopal,2023-06-11
8154,Harish Trivedi,harish.trivedi8361@outlook.com,Ahmedabad,2024-02-03
8155,Yogesh Bhatia,yogesh.bhatia5122@hotmail.com,Chandigarh,2024-10-06
8156,Kavita Kumar,kavita.kumar1889@gmail.com,Srinagar,2022-04-30
8157,Vivek Shukla,vivek.shukla9052@outlook.com,Mumbai,2022-10-01
8158,Nitesh Choudhary,nitesh.choudhary8734@yahoo.com,Bengaluru,2023-06-06
8159,Ananya Arora,ananya.arora3890@ymail.com,Chandigarh,2024-11-30
8160,Aditya Chakraborty,aditya.chakraborty8935@ymail.com,Nagpur,2023-08-03
8161,Sachin Shukla,sachin.shukla9305@ymail.com,Ahmedabad,2023-01-02
8162,Uday Dubey,uday.dubey2749@gmail.com,Meerut,2022-01-26
8163,Akash Kapoor,akash.kapoor9836@ymail.com,Indore,2022-12-31
8164,Jayesh Sharma,jayesh.sharma1247@rediffmail.com,Thane,2022-10-12
8165,Seema Sinha,seema.sinha5740@yahoo.com,Guwahati,2024-07-12
8166,Mahesh Das,mahesh.das5914@yahoo.com,Jodhpur,2022-03-29
8167,Vinod Das,vinod.das1447@yahoo.com,Ahmedabad,2022-07-22
8168,Mukesh Mehta,mukesh.mehta9241@hotmail.com,Chandigarh,2023-08-18
8169,Deepika Nair,deepika.nair3525@yahoo.com,Meerut,2024-10-08
8170,Sapna Ahuja,sapna.ahuja1664@ymail.com,Hubli,2022-06-20
8171,Meena Malhotra,meena.malhotra8283@gmail.com,Ahmedabad,2024-06-05
8172,Ritu Mehta,ritu.mehta8799@outlook.com,Solapur,2022-10-05
8173,Reena Agarwal,reena.agarwal2942@hotmail.com,Pune,2023-11-14
8174,Gaurav Murthy,gaurav.murthy6505@hotmail.com,Hubli,2022-12-13
8175,Mukesh Malhotra,mukesh.malhotra3832@gmail.com,Lucknow,2022-12-17
8176,Amitabh Pillai,amitabh.pillai9395@hotmail.com,Kolkata,2024-09-16
8177,Seema Varma,seema.varma5538@yahoo.com,Jodhpur,2022-02-17
8178,Kajal Shah,kajal.shah196@hotmail.com,Nagpur,2022-06-08
8179,Ritesh Nair,ritesh.nair4605@gmail.com,Hyderabad,2023-12-03
8180,Akash Malhotra,akash.malhotra5282@hotmail.com,Mumbai,2024-12-16
8181,Jayesh Murthy,jayesh.murthy5242@yahoo.com,Ranchi,2023-08-20
8182,Megha Banerjee,megha.banerjee8019@outlook.com,Hyderabad,2023-04-22
8183,Sudhir Modi,sudhir.modi8261@hotmail.com,Vasai-Virar,2024-07-14
8184,Rohan Modi,rohan.modi812@ymail.com,Mumbai,2023-04-11
8185,Akash Reddy,akash.reddy7365@outlook.com,Pimpri-Chinchwad,2023-08-26
8186,Tarun Arora,tarun.arora5567@rediffmail.com,Thane,2023-10-22
8187,Komal Shukla,komal.shukla128@gmail.com,Dhanbad,2022-12-01
8188,Neeraj Das,neeraj.das7448@ymail.com,Jabalpur,2024-06-25
8189,Isha Banerjee,isha.banerjee2254@rediffmail.com,Kanpur,2022-02-22
8190,Ashish Bose,ashish.bose8965@yahoo.com,Jaipur,2022-01-23
8191,Lata Chauhan,lata.chauhan1475@yahoo.com,Chennai,2023-01-31
8192,Jatin Ahuja,jatin.ahuja6999@yahoo.com,Meerut,2024-12-29
8193,Akash Bhatia,akash.bhatia9774@gmail.com,Faridabad,2022-03-02
8194,Dev Iyer,dev.iyer680@outlook.com,Ludhiana,2022-05-12
8195,Anjali Shah,anjali.shah7686@ymail.com,Guwahati,2023-07-14
8196,Varun Mishra,varun.mishra1273@ymail.com,Kolkata,2024-08-01
8197,Ananya Saxena,ananya.saxena6437@hotmail.com,Allahabad,2023-12-22
8198,Suresh Bose,suresh.bose7208@rediffmail.com,Vasai-Virar,2024-11-10
8199,Rajesh Khanna,rajesh.khanna3199@ymail.com,Madurai,2022-07-03
8200,Deepak Sengupta,deepak.sengupta4172@gmail.com,Varanasi,2022-02-21
8201,Kedar Rao,kedar.rao4879@rediffmail.com,Raipur,2022-06-14
8202,Isha Naik,isha.naik8540@gmail.com,Howrah,2022-05-08
8203,Yogesh Chawla,yogesh.chawla1636@hotmail.com,Agra,2024-04-13
8204,Om Trivedi,om.trivedi6589@outlook.com,Varanasi,2024-05-02
8205,Yash Bhatia,yash.bhatia9576@hotmail.com,Jaipur,2023-07-03
8206,Rakesh Khanna,rakesh.khanna475@gmail.com,Aurangabad,2022-03-21
8207,Rakesh Choudhary,rakesh.choudhary1550@outlook.com,Vasai-Virar,2023-09-20
8208,Krishna Bhatia,krishna.bhatia7917@outlook.com,Hubli,2022-03-24
8209,Ashok Mukherjee,ashok.mukherjee2500@ymail.com,Indore,2022-01-09
8210,Jatin Shukla,jatin.shukla5735@yahoo.com,Vadodara,2024-07-14
8211,Paras Chakraborty,paras.chakraborty2657@outlook.com,Srinagar,2022-10-06
8212,Komal Chakraborty,komal.chakraborty3107@ymail.com,Surat,2022-05-02
8213,Rohini Chatterjee,rohini.chatterjee5789@ymail.com,Coimbatore,2023-01-09
8214,Pradeep Goyal,pradeep.goyal8588@rediffmail.com,Ranchi,2024-08-29
8215,Sudhir Garg,sudhir.garg5911@ymail.com,Amritsar,2024-10-18
8216,Dev Mehta,dev.mehta2809@rediffmail.com,Jabalpur,2023-01-25
8217,Harish Rao,harish.rao5562@ymail.com,Aurangabad,2022-02-02
8218,Deepak Sharma,deepak.sharma4177@gmail.com,Gwalior,2023-05-13
8219,Ram Murthy,ram.murthy6569@ymail.com,Vasai-Virar,2023-02-05
8220,Shilpa Pathak,shilpa.pathak8660@hotmail.com,Bareilly,2024-02-26
8221,Kajal Naik,kajal.naik4686@hotmail.com,Jaipur,2024-07-20
8222,Isha Patel,isha.patel9130@yahoo.com,Ludhiana,2024-03-15
8223,Sunil Shah,sunil.shah5683@yahoo.com,Guwahati,2023-05-07
8224,Ritesh Bhatia,ritesh.bhatia9062@ymail.com,Ranchi,2024-05-02
8225,Sanjeev Mehta,sanjeev.mehta6640@yahoo.com,Surat,2024-08-27
8226,Isha Jha,isha.jha3699@yahoo.com,Vadodara,2022-01-07
8227,Mahesh Rao,mahesh.rao2590@gmail.com,Pune,2024-04-21
8228,Mohan Deshpande,mohan.deshpande4028@hotmail.com,Bareilly,2022-05-02
8229,Asha Ghosh,asha.ghosh2183@gmail.com,Faridabad,2024-03-26
8230,Shailesh Deshpande,shailesh.deshpande4185@ymail.com,Agra,2022-12-29
8231,Vikram Kulkarni,vikram.kulkarni3470@outlook.com,Lucknow,2024-12-17
8232,Rajesh Kulkarni,rajesh.kulkarni2982@yahoo.com,Nagpur,2024-01-17
8233,Nikhil Arora,nikhil.arora4642@hotmail.com,Pimpri-Chinchwad,2024-01-16
8234,Lata Varma,lata.varma1921@ymail.com,Jodhpur,2023-09-20
8235,Girish Goyal,girish.goyal4760@yahoo.com,Kolkata,2022-06-08
8236,Aryan Mehta,aryan.mehta5563@hotmail.com,Howrah,2023-06-27
8237,Karan Pande,karan.pande5447@outlook.com,Jodhpur,2023-08-15
8238,Deepika Srivastava,deepika.srivastava1328@ymail.com,Ranchi,2024-12-24
8239,Shilpa Iyer,shilpa.iyer2944@ymail.com,Bareilly,2023-09-07
8240,Madhav Garg,madhav.garg8285@gmail.com,Faridabad,2022-06-02
8241,Deepak Pillai,deepak.pillai1823@gmail.com,Kalyan-Dombivali,2023-07-14
8242,Sneha Modi,sneha.modi2845@hotmail.com,Madurai,2024-03-04
8243,Kajal Desai,kajal.desai9612@rediffmail.com,Amritsar,2024-06-24
8244,Dev Ghosh,dev.ghosh7225@ymail.com,Indore,2023-10-24
8245,Harish Reddy,harish.reddy8656@outlook.com,Faridabad,2022-08-31
8246,Lata Garg,lata.garg35@gmail.com,Srinagar,2023-10-10
8247,Suresh Chawla,suresh.chawla4278@hotmail.com,Jodhpur,2022-06-04
8248,Sunita Nair,sunita.nair3609@hotmail.com,Aurangabad,2022-12-30
8249,Zara Shah,zara.shah3844@gmail.com,Agra,2024-08-11
8250,Swati Mukherjee,swati.mukherjee9138@yahoo.com,Visakhapatnam,2023-10-27
8251,Shyam Deshpande,shyam.deshpande1249@gmail.com,Chandigarh,2024-10-27
8252,Ansh Chopra,ansh.chopra4113@outlook.com,Vadodara,2023-05-04
8253,Simran Mishra,simran.mishra8767@ymail.com,Raipur,2024-02-26
8254,Deepika Iyer,deepika.iyer3369@ymail.com,Hyderabad,2022-05-26
8255,Zara Goyal,zara.goyal6812@gmail.com,Vasai-Virar,2024-05-11
8256,Shyam Sinha,shyam.sinha9673@outlook.com,Ahmedabad,2022-02-24
8257,Madhav Varma,madhav.varma9748@ymail.com,Kalyan-Dombivali,2023-05-12
8258,Simran Malhotra,simran.malhotra5072@rediffmail.com,Pune,2022-10-29
8259,Sunita Bose,sunita.bose1047@rediffmail.com,Dhanbad,2022-03-17
8260,Mahesh Jha,mahesh.jha147@outlook.com,Chennai,2023-06-30
8261,Neeraj Bhatt,neeraj.bhatt5735@rediffmail.com,Mumbai,2022-07-29
8262,Aryan Sengupta,aryan.sengupta2699@hotmail.com,Mumbai,2022-10-12
8263,Shruti Deshpande,shruti.deshpande1334@outlook.com,Bengaluru,2022-01-04
8264,Yogesh Ghosh,yogesh.ghosh864@yahoo.com,Aurangabad,2022-12-05
8265,Rajesh Banerjee,rajesh.banerjee8866@outlook.com,Amritsar,2023-04-10
8266,Sahil Chopra,sahil.chopra1849@yahoo.com,Hyderabad,2024-03-11
8267,Vinod Bhatt,vinod.bhatt4330@ymail.com,Kota,2023-08-28
8268,Bhaskar Kapoor,bhaskar.kapoor602@outlook.com,Gwalior,2024-03-20
8269,Sonal Kaur,sonal.kaur9905@ymail.com,Hubli,2024-07-16
8270,Paras Mukherjee,paras.mukherjee4281@yahoo.com,Bengaluru,2022-05-07
8271,Sandeep Bhatia,sandeep.bhatia4685@gmail.com,Pimpri-Chinchwad,2023-07-07
8272,Ayesha Ghosh,ayesha.ghosh6427@gmail.com,Jodhpur,2024-09-01
8273,Heena Yadav,heena.yadav8001@yahoo.com,Bhopal,2024-12-28
8274,Zara Kumar,zara.kumar1110@ymail.com,Nashik,2024-01-25
8275,Deepika Nair,deepika.nair5277@ymail.com,Jabalpur,2023-07-14
8276,Nikhil Jain,nikhil.jain7710@ymail.com,Vasai-Virar,2023-03-13
8277,Vivek Srivastava,vivek.srivastava8025@ymail.com,Hubli,2024-10-28
8278,Deepika Patel,deepika.patel3763@gmail.com,Agra,2023-10-06
8279,Om Mishra,om.mishra9418@outlook.com,Madurai,2024-12-30
8280,Uma Yadav,uma.yadav3424@outlook.com,Varanasi,2024-06-08
8281,Ajay Mishra,ajay.mishra5110@ymail.com,Vijayawada,2022-07-24
8282,Amitabh Kapoor,amitabh.kapoor9612@yahoo.com,Jabalpur,2023-07-13
8283,Shruti Shah,shruti.shah8774@gmail.com,Ludhiana,2022-01-10
8284,Sonali Goyal,sonali.goyal3767@rediffmail.com,Hyderabad,2023-04-30
8285,Kunal Varma,kunal.varma7105@ymail.com,Delhi,2022-10-01
8286,Pooja Joshi,pooja.joshi9037@ymail.com,Kalyan-Dombivali,2024-02-24
8287,Mohan Shukla,mohan.shukla248@rediffmail.com,Kalyan-Dombivali,2023-03-10
8288,Lalit Iyer,lalit.iyer7668@outlook.com,Delhi,2024-09-22
8289,Komal Bose,komal.bose1342@yahoo.com,Kolkata,2022-04-27
8290,Ansh Murthy,ansh.murthy4768@yahoo.com,Meerut,2022-12-05
8291,Sanjeev Chopra,sanjeev.chopra6221@hotmail.com,Jodhpur,2023-08-09
8292,Zara Chauhan,zara.chauhan8625@gmail.com,Jaipur,2023-07-23
8293,Lakshmi Patel,lakshmi.patel4807@gmail.com,Amritsar,2023-12-16
8294,Sudhir Pathak,sudhir.pathak3837@hotmail.com,Rajkot,2024-02-04
8295,Ishaan Jha,ishaan.jha2581@hotmail.com,Jodhpur,2023-05-16
8296,Nisha Tiwari,nisha.tiwari7425@ymail.com,Coimbatore,2023-11-09
8297,Amit Verma,amit.verma7328@ymail.com,Kalyan-Dombivali,2024-01-13
8298,Sonu Tiwari,sonu.tiwari5288@outlook.com,Thane,2024-09-22
8299,Vinay Chakraborty,vinay.chakraborty4129@rediffmail.com,Solapur,2023-12-24
8300,Shruti Chatterjee,shruti.chatterjee2535@hotmail.com,Chennai,2022-12-16
8301,Deepika Jha,deepika.jha9025@hotmail.com,Kalyan-Dombivali,2024-07-26
8302,Sunil Patel,sunil.patel842@gmail.com,Madurai,2024-10-04
8303,Suresh Jain,suresh.jain2784@yahoo.com,Aurangabad,2022-12-25
8304,Rohini Goyal,rohini.goyal9218@ymail.com,Hubli,2024-05-26
8305,Komal Mukherjee,komal.mukherjee2656@yahoo.com,Gwalior,2024-03-24
8306,Om Ghosh,om.ghosh9582@rediffmail.com,Gwalior,2022-04-19
8307,Bhaskar Bansal,bhaskar.bansal3672@ymail.com,Navi Mumbai,2023-11-27
8308,Jyoti Arora,jyoti.arora7171@gmail.com,Hyderabad,2023-06-22
8309,Sonal Bhatt,sonal.bhatt5612@rediffmail.com,Guwahati,2022-06-18
8310,Ashok Gupta,ashok.gupta2352@outlook.com,Howrah,2023-10-18
8311,Nisha Mukherjee,nisha.mukherjee5246@yahoo.com,Kota,2023-11-29
8312,Anjali Shukla,anjali.shukla3305@ymail.com,Jabalpur,2024-09-14
8313,Madhav Shukla,madhav.shukla4058@hotmail.com,Lucknow,2023-08-06
8314,Mihir Bhatia,mihir.bhatia5117@yahoo.com,Chandigarh,2024-06-08
8315,Simran Das,simran.das357@hotmail.com,Hyderabad,2024-11-12
8316,Lalit Choudhary,lalit.choudhary368@outlook.com,Bhopal,2023-02-23
8317,Jayesh Mukherjee,jayesh.mukherjee6679@gmail.com,Chennai,2024-12-15
8318,Reena Modi,reena.modi8612@outlook.com,Nagpur,2024-07-08
8319,Bhaskar Nair,bhaskar.nair2942@ymail.com,Meerut,2023-12-17
8320,Ritesh Sengupta,ritesh.sengupta3090@ymail.com,Indore,2024-11-05
8321,Amitabh Gupta,amitabh.gupta1678@ymail.com,Gwalior,2022-05-16
8322,Nitesh Bhatt,nitesh.bhatt6302@gmail.com,Bhopal,2023-02-19
8323,Tarun Sinha,tarun.sinha3792@gmail.com,Amritsar,2024-02-05
8324,Karan Gupta,karan.gupta1423@rediffmail.com,Jodhpur,2023-09-10
8325,Isha Kulkarni,isha.kulkarni7044@gmail.com,Madurai,2023-01-06
8326,Sapna Ahuja,sapna.ahuja9911@yahoo.com,Kolkata,2023-04-01
8327,Nisha Chatterjee,nisha.chatterjee9066@rediffmail.com,Hyderabad,2022-11-21
8328,Seema Chatterjee,seema.chatterjee1095@gmail.com,Coimbatore,2023-05-08
8329,Anand Kulkarni,anand.kulkarni7955@ymail.com,Chandigarh,2024-04-26
8330,Om Mehta,om.mehta7599@outlook.com,Bhopal,2024-05-02
8331,Kunal Srivastava,kunal.srivastava7474@outlook.com,Vadodara,2024-01-02
8332,Lakshmi Iyer,lakshmi.iyer5421@rediffmail.com,Hyderabad,2023-03-03
8333,Jatin Sengupta,jatin.sengupta8262@gmail.com,Gwalior,2023-11-09
8334,Suresh Chakraborty,suresh.chakraborty4098@yahoo.com,Nashik,2022-08-16
8335,Aryan Sengupta,aryan.sengupta828@yahoo.com,Meerut,2023-02-23
8336,Ram Jain,ram.jain6087@yahoo.com,Bhopal,2022-04-11
8337,Pradeep Pillai,pradeep.pillai2217@yahoo.com,Kota,2023-05-26
8338,Gaurav Reddy,gaurav.reddy1348@yahoo.com,Faridabad,2022-05-24
8339,Kedar Reddy,kedar.reddy8521@hotmail.com,Agra,2022-02-28
8340,Nilesh Ahuja,nilesh.ahuja2348@outlook.com,Visakhapatnam,2022-02-05
8341,Mukesh Chopra,mukesh.chopra6924@gmail.com,Meerut,2024-06-20
8342,Kajal Shukla,kajal.shukla1739@hotmail.com,Vijayawada,2022-09-10
8343,Simran Verma,simran.verma4866@hotmail.com,Amritsar,2024-09-04
8344,Mukesh Das,mukesh.das1760@outlook.com,Patna,2023-05-17
8345,Shyam Ghosh,shyam.ghosh2226@outlook.com,Kota,2024-07-17
8346,Isha Bansal,isha.bansal2856@rediffmail.com,Patna,2022-04-20
8347,Mukesh Pande,mukesh.pande5361@outlook.com,Lucknow,2023-12-08
8348,Deepika Saxena,deepika.saxena551@yahoo.com,Thane,2024-01-10
8349,Paras Pillai,paras.pillai3380@outlook.com,Srinagar,2022-08-17
8350,Deepak Kapoor,deepak.kapoor8949@yahoo.com,Allahabad,2023-06-26
8351,Pooja Tiwari,pooja.tiwari9165@rediffmail.com,Kolkata,2023-09-07
8352,Tarun Pathak,tarun.pathak5870@gmail.com,Meerut,2023-11-15
8353,Rohini Patel,rohini.patel1102@ymail.com,Guwahati,2023-07-20
8354,Kiran Yadav,kiran.yadav6449@ymail.com,Patna,2023-09-04
8355,Mukesh Ghosh,mukesh.ghosh5267@yahoo.com,Bhopal,2022-01-13
8356,Akash Ghosh,akash.ghosh1189@hotmail.com,Lucknow,2023-09-13
8357,Vikram Choudhary,vikram.choudhary8624@outlook.com,Dhanbad,2024-01-19
8358,Krishna Ghosh,krishna.ghosh8089@gmail.com,Chennai,2024-10-25
8359,Ravi Mishra,ravi.mishra7997@rediffmail.com,Raipur,2023-12-11
8360,Sonal Arora,sonal.arora2047@ymail.com,Vadodara,2024-02-09
8361,Neha Arora,neha.arora3744@outlook.com,Dhanbad,2022-10-21
8362,Sonal Reddy,sonal.reddy5632@gmail.com,Solapur,2022-09-20
8363,Yogesh Murthy,yogesh.murthy457@gmail.com,Kota,2023-09-27
8364,Santosh Bhatia,santosh.bhatia7561@outlook.com,Guwahati,2022-03-08
8365,Tarun Rao,tarun.rao8115@yahoo.com,Pimpri-Chinchwad,2024-05-17
8366,Amitabh Shah,amitabh.shah4067@gmail.com,Kalyan-Dombivali,2022-07-20
8367,Heena Saxena,heena.saxena4884@gmail.com,Solapur,2024-09-25
8368,Ravi Pillai,ravi.pillai2090@ymail.com,Solapur,2022-06-29
8369,Mahesh Mukherjee,mahesh.mukherjee4395@hotmail.com,Aurangabad,2023-10-25
8370,Uday Desai,uday.desai7993@hotmail.com,Patna,2023-01-02
8371,Shilpa Murthy,shilpa.murthy3297@yahoo.com,Hubli,2024-03-29
8372,Nitika Shah,nitika.shah8227@hotmail.com,Kolkata,2023-12-29
8373,Seema Bansal,seema.bansal6929@outlook.com,Navi Mumbai,2024-11-06
8374,Anjali Joshi,anjali.joshi5875@ymail.com,Srinagar,2022-08-13
8375,Shailesh Jain,shailesh.jain5977@outlook.com,Raipur,2024-05-02
8376,Ankit Chakraborty,ankit.chakraborty6904@outlook.com,Ranchi,2023-09-10
8377,Amitabh Pande,amitabh.pande3925@outlook.com,Solapur,2023-05-05
8378,Mahesh Ghosh,mahesh.ghosh6674@ymail.com,Mumbai,2023-12-01
8379,Rakesh Mukherjee,rakesh.mukherjee6071@hotmail.com,Ahmedabad,2024-04-26
8380,Asha Chakraborty,asha.chakraborty1176@yahoo.com,Indore,2023-11-16
8381,Mihir Deshpande,mihir.deshpande3070@yahoo.com,Visakhapatnam,2024-01-31
8382,Anand Bhatia,anand.bhatia8369@yahoo.com,Faridabad,2024-03-19
8383,Ritesh Khanna,ritesh.khanna1104@rediffmail.com,Jaipur,2022-06-16
8384,Bhaskar Reddy,bhaskar.reddy7040@rediffmail.com,Varanasi,2023-10-01
8385,Rajesh Yadav,rajesh.yadav6355@rediffmail.com,Dhanbad,2023-09-15
8386,Pooja Mishra,pooja.mishra9357@rediffmail.com,Vijayawada,2024-04-16
8387,Shyam Deshpande,shyam.deshpande1398@rediffmail.com,Vasai-Virar,2023-04-05
8388,Anil Joshi,anil.joshi2655@outlook.com,Vijayawada,2022-04-15
8389,Jayesh Shukla,jayesh.shukla3357@outlook.com,Howrah,2023-01-11
8390,Divya Srivastava,divya.srivastava5695@rediffmail.com,Chandigarh,2022-06-10
8391,Mohan Ghosh,mohan.ghosh2182@yahoo.com,Mumbai,2022-09-04
8392,Ayesha Mishra,ayesha.mishra4614@outlook.com,Coimbatore,2022-01-21
8393,Asha Modi,asha.modi6398@yahoo.com,Pune,2022-07-05
8394,Ram Verma,ram.verma8232@outlook.com,Bhopal,2024-08-13
8395,Seema Reddy,seema.reddy279@rediffmail.com,Faridabad,2023-12-10
8396,Heena Varma,heena.varma6363@gmail.com,Kalyan-Dombivali,2022-11-04
8397,Dev Deshpande,dev.deshpande198@outlook.com,Nagpur,2023-12-15
8398,Mihir Mishra,mihir.mishra3377@ymail.com,Solapur,2023-12-24
8399,Nitika Mehta,nitika.mehta6123@outlook.com,Gwalior,2023-08-16
8400,Deepika Tiwari,deepika.tiwari9962@rediffmail.com,Vadodara,2022-05-13
8401,Aarav Varma,aarav.varma4882@gmail.com,Guwahati,2022-03-14
8402,Harish Bose,harish.bose2611@outlook.com,Indore,2022-02-07
8403,Harish Srivastava,harish.srivastava2089@hotmail.com,Bareilly,2024-12-08
8404,Dev Shukla,dev.shukla7283@hotmail.com,Kota,2024-02-20
8405,Girish Sinha,girish.sinha5323@yahoo.com,Raipur,2023-04-15
8406,Sudhir Jha,sudhir.jha6770@gmail.com,Ahmedabad,2024-11-20
8407,Shailesh Srivastava,shailesh.srivastava2479@gmail.com,Bhopal,2022-01-07
8408,Seema Yadav,seema.yadav7034@ymail.com,Guwahati,2023-11-06
8409,Paras Saxena,paras.saxena6768@yahoo.com,Madurai,2022-05-18
8410,Rajesh Jha,rajesh.jha3275@ymail.com,Madurai,2022-05-12
8411,Shikha Chauhan,shikha.chauhan1539@ymail.com,Lucknow,2024-10-26
8412,Sonal Bhatt,sonal.bhatt7646@outlook.com,Jabalpur,2022-03-03
8413,Suresh Dubey,suresh.dubey6412@outlook.com,Meerut,2024-03-16
8414,Hemant Khanna,hemant.khanna4977@outlook.com,Kanpur,2024-11-04
8415,Ankita Reddy,ankita.reddy4035@yahoo.com,Kalyan-Dombivali,2023-10-31
8416,Ramesh Murthy,ramesh.murthy4586@hotmail.com,Mumbai,2023-01-30
8417,Geeta Shah,geeta.shah8051@rediffmail.com,Hyderabad,2022-12-21
8418,Santosh Saxena,santosh.saxena9851@hotmail.com,Delhi,2023-04-06
8419,Nitika Kapoor,nitika.kapoor3584@hotmail.com,Vijayawada,2023-02-10
8420,Santosh Sinha,santosh.sinha1764@ymail.com,Nagpur,2022-11-15
8421,Shikha Ghosh,shikha.ghosh5619@yahoo.com,Kota,2024-07-06
8422,Shailesh Jha,shailesh.jha6793@outlook.com,Pune,2023-12-03
8423,Ananya Verma,ananya.verma4089@gmail.com,Faridabad,2024-04-04
8424,Paras Mehta,paras.mehta9101@gmail.com,Srinagar,2022-05-18
8425,Ashok Sharma,ashok.sharma6522@hotmail.com,Surat,2023-08-05
8426,Uma Bose,uma.bose4786@rediffmail.com,Jabalpur,2022-05-28
8427,Paras Joshi,paras.joshi2622@ymail.com,Jabalpur,2024-10-31
8428,Ishaan Murthy,ishaan.murthy8238@yahoo.com,Mumbai,2022-06-01
8429,Komal Chawla,komal.chawla4531@rediffmail.com,Srinagar,2024-06-23
8430,Om Kulkarni,om.kulkarni4395@rediffmail.com,Kolkata,2023-05-19
8431,Meena Singh,meena.singh1391@outlook.com,Nashik,2024-06-21
8432,Megha Yadav,megha.yadav5676@yahoo.com,Amritsar,2022-12-08
8433,Ayesha Shukla,ayesha.shukla6337@gmail.com,Howrah,2023-11-03
8434,Sanjeev Goyal,sanjeev.goyal9234@ymail.com,Delhi,2022-09-26
8435,Rakesh Iyer,rakesh.iyer9207@hotmail.com,Coimbatore,2023-08-31
8436,Gaurav Saxena,gaurav.saxena4195@ymail.com,Ludhiana,2024-07-27
8437,Nitesh Yadav,nitesh.yadav6706@outlook.com,Chennai,2023-05-02
8438,Zara Naik,zara.naik8783@outlook.com,Agra,2023-11-28
8439,Ajay Tiwari,ajay.tiwari557@ymail.com,Coimbatore,2022-07-05
8440,Shanti Kapoor,shanti.kapoor9738@hotmail.com,Chandigarh,2024-03-30
8441,Simran Malhotra,simran.malhotra8448@yahoo.com,Surat,2023-03-03
8442,Rakesh Sharma,rakesh.sharma5974@rediffmail.com,Hubli,2023-01-21
8443,Mahesh Varma,mahesh.varma251@gmail.com,Coimbatore,2023-08-07
8444,Ansh Choudhary,ansh.choudhary7532@gmail.com,Kalyan-Dombivali,2024-02-24
8445,Aryan Nanda,aryan.nanda5361@ymail.com,Thane,2024-04-19
8446,Amit Shukla,amit.shukla8701@outlook.com,Allahabad,2022-03-27
8447,Anand Malhotra,anand.malhotra2226@gmail.com,Madurai,2022-10-14
8448,Akash Sengupta,akash.sengupta3662@ymail.com,Guwahati,2023-03-16
8449,Rahul Nanda,rahul.nanda1642@gmail.com,Lucknow,2022-01-24
8450,Sonal Chatterjee,sonal.chatterjee9468@rediffmail.com,Vasai-Virar,2024-03-22
8451,Varun Mishra,varun.mishra7023@yahoo.com,Varanasi,2022-12-02
8452,Ajay Deshpande,ajay.deshpande7272@yahoo.com,Patna,2023-05-28
8453,Paras Dutta,paras.dutta6150@hotmail.com,Kalyan-Dombivali,2024-09-16
8454,Aarav Mehta,aarav.mehta1649@rediffmail.com,Vijayawada,2022-01-06
8455,Lakshmi Khanna,lakshmi.khanna5341@outlook.com,Patna,2023-02-01
8456,Ravi Kulkarni,ravi.kulkarni8014@outlook.com,Bengaluru,2023-10-13
8457,Jayesh Khanna,jayesh.khanna7383@yahoo.com,Jabalpur,2023-05-15
8458,Ankita Khanna,ankita.khanna4117@ymail.com,Jabalpur,2022-01-12
8459,Ravi Sinha,ravi.sinha5599@hotmail.com,Vasai-Virar,2024-12-26
8460,Om Sinha,om.sinha3950@ymail.com,Madurai,2022-04-13
8461,Sneha Joshi,sneha.joshi8479@rediffmail.com,Vasai-Virar,2024-12-29
8462,Ashish Bansal,ashish.bansal2636@hotmail.com,Indore,2022-07-13
8463,Ayesha Patel,ayesha.patel2886@outlook.com,Kalyan-Dombivali,2022-09-19
8464,Kiran Goyal,kiran.goyal8116@rediffmail.com,Hyderabad,2022-03-08
8465,Rakesh Jain,rakesh.jain8449@gmail.com,Vadodara,2022-01-29
8466,Uma Bhatt,uma.bhatt4815@outlook.com,Ahmedabad,2023-10-09
8467,Ritesh Trivedi,ritesh.trivedi7649@ymail.com,Mumbai,2022-03-25
8468,Akash Bhatia,akash.bhatia9502@ymail.com,Hyderabad,2022-03-13
8469,Neha Dubey,neha.dubey8505@rediffmail.com,Ludhiana,2023-06-12
8470,Manish Malhotra,manish.malhotra3798@ymail.com,Vadodara,2024-10-13
8471,Kajal Garg,kajal.garg6585@rediffmail.com,Thane,2022-03-08
8472,Rahul Pathak,rahul.pathak4527@gmail.com,Indore,2022-08-08
8473,Ram Nair,ram.nair5210@rediffmail.com,Meerut,2024-10-16
8474,Anjali Nair,anjali.nair3589@yahoo.com,Pune,2023-02-16
8475,Aditya Joshi,aditya.joshi4814@yahoo.com,Madurai,2023-06-03
8476,Sanjay Trivedi,sanjay.trivedi2870@hotmail.com,Vijayawada,2022-05-19
8477,Aryan Bhatt,aryan.bhatt9551@ymail.com,Bengaluru,2023-02-07
8478,Sneha Joshi,sneha.joshi9850@hotmail.com,Solapur,2022-01-30
8479,Ram Gupta,ram.gupta2721@ymail.com,Howrah,2023-08-02
8480,Anjali Verma,anjali.verma2973@hotmail.com,Howrah,2024-07-07
8481,Rohini Pillai,rohini.pillai9661@gmail.com,Chandigarh,2023-04-13
8482,Sonal Tiwari,sonal.tiwari2286@yahoo.com,Ranchi,2024-07-05
8483,Sapna Kulkarni,sapna.kulkarni7672@outlook.com,Vasai-Virar,2022-03-16
8484,Sachin Kaur,sachin.kaur2709@ymail.com,Navi Mumbai,2023-10-18
8485,Vivek Yadav,vivek.yadav1164@yahoo.com,Bareilly,2023-09-27
8486,Ajay Reddy,ajay.reddy3481@rediffmail.com,Gwalior,2024-08-21
8487,Rahul Dubey,rahul.dubey8746@outlook.com,Patna,2023-08-18
8488,Santosh Sharma,santosh.sharma3186@gmail.com,Navi Mumbai,2022-07-24
8489,Parul Deshpande,parul.deshpande6676@yahoo.com,Lucknow,2023-02-23
8490,Sahil Pillai,sahil.pillai7336@ymail.com,Mumbai,2023-01-05
8491,Mahesh Srivastava,mahesh.srivastava6257@yahoo.com,Amritsar,2022-12-08
8492,Vinay Agarwal,vinay.agarwal7732@gmail.com,Nashik,2023-09-25
8493,Rajesh Bhatt,rajesh.bhatt9027@hotmail.com,Ahmedabad,2023-04-01
8494,Heena Verma,heena.verma1728@gmail.com,Aurangabad,2024-11-09
8495,Mihir Bansal,mihir.bansal5589@outlook.com,Varanasi,2024-04-11
8496,Uday Malhotra,uday.malhotra8083@gmail.com,Coimbatore,2022-10-07
8497,Shikha Trivedi,shikha.trivedi9154@rediffmail.com,Jabalpur,2022-10-04
8498,Sonal Arora,sonal.arora3731@gmail.com,Surat,2024-12-22
8499,Neeraj Jain,neeraj.jain7174@hotmail.com,Bengaluru,2024-01-03
8500,Paras Pillai,paras.pillai3043@yahoo.com,Raipur,2022-01-27
8501,Girish Kulkarni,girish.kulkarni213@outlook.com,Varanasi,2024-09-28
8502,Pooja Mishra,pooja.mishra1815@rediffmail.com,Jodhpur,2022-12-14
8503,Jyoti Srivastava,jyoti.srivastava9783@outlook.com,Madurai,2022-12-25
8504,Madhav Jain,madhav.jain5597@outlook.com,Chennai,2023-01-23
8505,Ritu Khanna,ritu.khanna4618@rediffmail.com,Kalyan-Dombivali,2024-09-03
8506,Jayesh Sharma,jayesh.sharma5956@gmail.com,Kota,2023-09-26
8507,Kiran Dutta,kiran.dutta7416@hotmail.com,Hubli,2022-12-30
8508,Lalit Malhotra,lalit.malhotra4923@hotmail.com,Raipur,2024-11-27
8509,Pradeep Choudhary,pradeep.choudhary5295@yahoo.com,Chandigarh,2024-05-08
8510,Sanjay Yadav,sanjay.yadav9889@rediffmail.com,Hyderabad,2022-08-19
8511,Swati Nair,swati.nair5986@gmail.com,Hubli,2022-07-30
8512,Swati Chawla,swati.chawla5156@ymail.com,Vasai-Virar,2024-09-02
8513,Vivek Garg,vivek.garg3805@rediffmail.com,Nashik,2022-06-02
8514,Kiran Mehta,kiran.mehta7010@hotmail.com,Solapur,2024-05-11
8515,Om Arora,om.arora6034@gmail.com,Madurai,2024-04-27
8516,Sneha Chakraborty,sneha.chakraborty8718@gmail.com,Jabalpur,2023-02-19
8517,Paras Sinha,paras.sinha3433@gmail.com,Coimbatore,2023-04-03
8518,Jayesh Kumar,jayesh.kumar5303@ymail.com,Hyderabad,2022-12-30
8519,Sonal Modi,sonal.modi5244@rediffmail.com,Vasai-Virar,2022-04-16
8520,Isha Chatterjee,isha.chatterjee4903@ymail.com,Solapur,2023-12-06
8521,Madhav Deshpande,madhav.deshpande3950@yahoo.com,Bareilly,2022-11-05
8522,Isha Iyer,isha.iyer5892@yahoo.com,Pimpri-Chinchwad,2023-10-20
8523,Neha Bansal,neha.bansal5555@gmail.com,Ludhiana,2023-11-22
8524,Shiv Mishra,shiv.mishra8692@ymail.com,Jaipur,2024-04-04
8525,Gaurav Naik,gaurav.naik8912@gmail.com,Vijayawada,2023-02-19
8526,Sunita Das,sunita.das4413@ymail.com,Solapur,2022-10-25
8527,Nilesh Bhatt,nilesh.bhatt6186@gmail.com,Madurai,2024-12-11
8528,Simran Saxena,simran.saxena6385@yahoo.com,Guwahati,2024-11-13
8529,Yogesh Rao,yogesh.rao6191@rediffmail.com,Srinagar,2023-05-29
8530,Nitesh Kulkarni,nitesh.kulkarni2947@yahoo.com,Vijayawada,2024-08-19
8531,Akash Dubey,akash.dubey9118@hotmail.com,Jodhpur,2023-07-26
8532,Nisha Nanda,nisha.nanda7273@ymail.com,Kanpur,2024-04-26
8533,Pooja Chauhan,pooja.chauhan9352@yahoo.com,Ahmedabad,2022-11-14
8534,Dev Singh,dev.singh9371@hotmail.com,Kolkata,2022-12-26
8535,Anand Sharma,anand.sharma3653@yahoo.com,Amritsar,2022-01-02
8536,Vikas Srivastava,vikas.srivastava6419@yahoo.com,Nashik,2023-05-08
8537,Seema Patel,seema.patel4108@ymail.com,Pune,2024-10-24
8538,Lata Goyal,lata.goyal5599@hotmail.com,Pimpri-Chinchwad,2022-05-12
8539,Uday Naik,uday.naik2691@hotmail.com,Allahabad,2024-12-21
8540,Vinod Banerjee,vinod.banerjee3917@gmail.com,Visakhapatnam,2022-01-08
8541,Ananya Mukherjee,ananya.mukherjee3806@hotmail.com,Rajkot,2023-04-06
8542,Akash Deshpande,akash.deshpande2598@rediffmail.com,Surat,2024-06-01
8543,Nisha Deshpande,nisha.deshpande5348@ymail.com,Vadodara,2022-01-19
8544,Kedar Malhotra,kedar.malhotra9496@rediffmail.com,Meerut,2024-01-08
8545,Neeraj Chauhan,neeraj.chauhan6990@rediffmail.com,Coimbatore,2024-06-13
8546,Sanjay Chopra,sanjay.chopra1514@yahoo.com,Surat,2024-01-21
8547,Anil Nair,anil.nair6846@yahoo.com,Allahabad,2024-04-15
8548,Yogesh Naik,yogesh.naik5141@outlook.com,Patna,2023-03-07
8549,Kavita Malhotra,kavita.malhotra6335@gmail.com,Raipur,2024-12-08
8550,Tanvi Chakraborty,tanvi.chakraborty8819@yahoo.com,Indore,2022-02-11
8551,Ram Das,ram.das5923@rediffmail.com,Varanasi,2022-12-29
8552,Pavan Pathak,pavan.pathak4743@outlook.com,Srinagar,2023-03-14
8553,Manish Dubey,manish.dubey1279@outlook.com,Nagpur,2023-05-15
8554,Ajay Bose,ajay.bose9079@hotmail.com,Meerut,2022-03-27
8555,Aryan Mishra,aryan.mishra2584@ymail.com,Rajkot,2022-11-08
8556,Parul Tiwari,parul.tiwari234@yahoo.com,Indore,2024-04-09
8557,Kedar Pathak,kedar.pathak805@rediffmail.com,Patna,2024-10-20
8558,Kajal Pande,kajal.pande1323@ymail.com,Kolkata,2024-06-06
8559,Suresh Garg,suresh.garg4164@ymail.com,Guwahati,2023-04-01
8560,Varun Shah,varun.shah567@yahoo.com,Pune,2022-05-06
8561,Shilpa Sharma,shilpa.sharma1605@outlook.com,Kalyan-Dombivali,2023-04-27
8562,Sonali Kaur,sonali.kaur7071@yahoo.com,Hubli,2022-10-22
8563,Pooja Goyal,pooja.goyal5945@hotmail.com,Vadodara,2022-05-29
8564,Karan Srivastava,karan.srivastava44@rediffmail.com,Vijayawada,2023-11-10
8565,Nikhil Pillai,nikhil.pillai6200@yahoo.com,Lucknow,2023-12-22
8566,Ankita Srivastava,ankita.srivastava1706@ymail.com,Mumbai,2024-11-13
8567,Kedar Nair,kedar.nair6996@gmail.com,Bengaluru,2024-02-23
8568,Shruti Tiwari,shruti.tiwari6793@ymail.com,Bengaluru,2022-05-04
8569,Divya Chakraborty,divya.chakraborty6382@gmail.com,Patna,2024-05-07
8570,Ravi Ahuja,ravi.ahuja1703@outlook.com,Visakhapatnam,2023-11-19
8571,Geeta Murthy,geeta.murthy1736@ymail.com,Meerut,2022-10-02
8572,Yash Iyer,yash.iyer4546@gmail.com,Delhi,2024-05-02
8573,Mahesh Rao,mahesh.rao8055@rediffmail.com,Allahabad,2023-08-13
8574,Kiran Mishra,kiran.mishra3619@yahoo.com,Chennai,2024-05-31
8575,Lakshmi Bansal,lakshmi.bansal2912@ymail.com,Pimpri-Chinchwad,2022-11-10
8576,Vivek Dubey,vivek.dubey8599@rediffmail.com,Nagpur,2023-12-11
8577,Jyoti Sinha,jyoti.sinha4166@gmail.com,Srinagar,2022-06-06
8578,Sunita Bhatia,sunita.bhatia251@ymail.com,Srinagar,2022-12-18
8579,Rohan Nair,rohan.nair6142@gmail.com,Lucknow,2023-05-15
8580,Sanjeev Saxena,sanjeev.saxena419@hotmail.com,Vijayawada,2022-03-04
8581,Uday Kumar,uday.kumar7107@outlook.com,Pune,2023-06-02
8582,Priya Jha,priya.jha3834@yahoo.com,Madurai,2023-02-12
8583,Sonu Chawla,sonu.chawla8186@gmail.com,Visakhapatnam,2024-07-21
8584,Ram Srivastava,ram.srivastava5191@hotmail.com,Visakhapatnam,2022-05-16
8585,Deepika Pande,deepika.pande9051@ymail.com,Lucknow,2023-08-23
8586,Sneha Srivastava,sneha.srivastava9487@yahoo.com,Lucknow,2022-01-12
8587,Tanvi Trivedi,tanvi.trivedi2948@rediffmail.com,Madurai,2022-05-28
8588,Lalit Trivedi,lalit.trivedi2966@gmail.com,Amritsar,2023-12-27
8589,Ayesha Chawla,ayesha.chawla7217@outlook.com,Ranchi,2022-01-08
8590,Ashish Verma,ashish.verma2588@outlook.com,Jabalpur,2024-05-30
8591,Deepika Jha,deepika.jha746@hotmail.com,Hubli,2022-04-27
8592,Nitesh Sinha,nitesh.sinha3736@ymail.com,Jaipur,2023-07-25
8593,Simran Chatterjee,simran.chatterjee9833@gmail.com,Thane,2023-08-28
8594,Ishaan Bansal,ishaan.bansal4048@ymail.com,Hubli,2022-12-12
8595,Lata Arora,lata.arora2759@outlook.com,Visakhapatnam,2024-03-24
8596,Swati Choudhary,swati.choudhary3928@rediffmail.com,Thane,2024-11-01
8597,Kajal Gupta,kajal.gupta775@ymail.com,Thane,2024-09-13
8598,Sandeep Khanna,sandeep.khanna5813@hotmail.com,Indore,2023-06-29
8599,Chandra Yadav,chandra.yadav9211@hotmail.com,Solapur,2024-12-10
8600,Ajay Deshpande,ajay.deshpande3683@gmail.com,Navi Mumbai,2024-04-21
8601,Sahil Ghosh,sahil.ghosh1574@hotmail.com,Ranchi,2024-04-22
8602,Sanjay Garg,sanjay.garg2098@rediffmail.com,Jodhpur,2022-04-06
8603,Parul Jain,parul.jain334@hotmail.com,Hyderabad,2023-07-12
8604,Anand Saxena,anand.saxena8375@outlook.com,Madurai,2022-08-05
8605,Krishna Patel,krishna.patel455@hotmail.com,Ahmedabad,2022-09-14
8606,Yogesh Dubey,yogesh.dubey7646@outlook.com,Lucknow,2022-08-03
8607,Anil Pillai,anil.pillai852@outlook.com,Visakhapatnam,2023-08-15
8608,Jatin Mishra,jatin.mishra9379@ymail.com,Thane,2022-08-08
8609,Shailesh Bhatia,shailesh.bhatia7728@gmail.com,Dhanbad,2023-05-30
8610,Varun Shukla,varun.shukla162@gmail.com,Nagpur,2023-06-09
8611,Lalit Khanna,lalit.khanna8649@ymail.com,Amritsar,2023-07-22
8612,Zara Nair,zara.nair6491@hotmail.com,Raipur,2024-09-23
8613,Sneha Dubey,sneha.dubey7846@hotmail.com,Bareilly,2023-07-24
8614,Reena Kaur,reena.kaur6634@outlook.com,Mumbai,2024-06-25
8615,Ayesha Dutta,ayesha.dutta6452@outlook.com,Chandigarh,2022-04-29
8616,Sonali Gupta,sonali.gupta7700@hotmail.com,Pune,2022-10-31
8617,Aarav Nanda,aarav.nanda1731@rediffmail.com,Mumbai,2023-01-31
8618,Mukesh Nair,mukesh.nair9736@yahoo.com,Amritsar,2022-11-12
8619,Lalit Yadav,lalit.yadav2176@rediffmail.com,Raipur,2023-08-01
8620,Aarav Iyer,aarav.iyer3539@rediffmail.com,Bhopal,2024-01-18
8621,Asha Khanna,asha.khanna299@yahoo.com,Rajkot,2023-11-04
8622,Nitesh Malhotra,nitesh.malhotra6119@yahoo.com,Kota,2024-05-31
8623,Mihir Nanda,mihir.nanda4746@rediffmail.com,Hyderabad,2023-03-21
8624,Santosh Sinha,santosh.sinha1617@outlook.com,Nagpur,2024-03-30
8625,Nisha Nair,nisha.nair1139@outlook.com,Ludhiana,2022-11-03
8626,Jayesh Yadav,jayesh.yadav9069@gmail.com,Bhopal,2023-11-24
8627,Isha Modi,isha.modi6316@hotmail.com,Lucknow,2024-11-21
8628,Hemant Srivastava,hemant.srivastava3608@gmail.com,Indore,2024-01-03
8629,Ishaan Pathak,ishaan.pathak6008@yahoo.com,Solapur,2024-03-24
8630,Amitabh Nair,amitabh.nair8804@hotmail.com,Nagpur,2023-01-06
8631,Reena Varma,reena.varma9157@outlook.com,Bhopal,2023-08-18
8632,Shikha Chakraborty,shikha.chakraborty495@gmail.com,Kolkata,2023-06-05
8633,Rohini Varma,rohini.varma9870@outlook.com,Chandigarh,2023-09-16
8634,Nikhil Jha,nikhil.jha4462@ymail.com,Dhanbad,2023-02-18
8635,Sapna Chakraborty,sapna.chakraborty7366@outlook.com,Bengaluru,2023-07-19
8636,Sonal Patel,sonal.patel653@rediffmail.com,Kalyan-Dombivali,2024-07-28
8637,Pradeep Bhatia,pradeep.bhatia9883@hotmail.com,Faridabad,2024-03-08
8638,Vikas Jha,vikas.jha9421@outlook.com,Varanasi,2023-04-23
8639,Rohan Kaur,rohan.kaur1542@gmail.com,Madurai,2023-02-15
8640,Sonali Shah,sonali.shah4110@gmail.com,Agra,2024-08-20
8641,Girish Chatterjee,girish.chatterjee6578@rediffmail.com,Chandigarh,2022-07-17
8642,Ritu Bansal,ritu.bansal8502@ymail.com,Delhi,2023-08-24
8643,Suresh Chawla,suresh.chawla8142@hotmail.com,Vasai-Virar,2023-07-24
8644,Vinod Dubey,vinod.dubey520@outlook.com,Guwahati,2022-11-27
8645,Suresh Chauhan,suresh.chauhan8239@ymail.com,Amritsar,2024-07-23
8646,Sanjeev Mehta,sanjeev.mehta1120@ymail.com,Chandigarh,2024-05-19
8647,Ritu Pande,ritu.pande9637@gmail.com,Meerut,2023-10-18
8648,Paras Mehta,paras.mehta2967@yahoo.com,Kalyan-Dombivali,2023-05-22
8649,Kedar Srivastava,kedar.srivastava1150@gmail.com,Bengaluru,2023-06-25
8650,Pradeep Bose,pradeep.bose5437@outlook.com,Ranchi,2024-05-09
8651,Neha Banerjee,neha.banerjee1809@yahoo.com,Meerut,2023-11-03
8652,Suresh Mishra,suresh.mishra2619@rediffmail.com,Chennai,2022-10-22
8653,Uday Tiwari,uday.tiwari9615@gmail.com,Lucknow,2024-10-01
8654,Sonal Nanda,sonal.nanda8750@rediffmail.com,Faridabad,2022-12-04
8655,Jayesh Pande,jayesh.pande9544@gmail.com,Gwalior,2024-04-08
8656,Akash Rao,akash.rao8681@hotmail.com,Pune,2023-12-14
8657,Sapna Nanda,sapna.nanda5485@hotmail.com,Nagpur,2024-08-10
8658,Shilpa Dutta,shilpa.dutta1012@ymail.com,Pimpri-Chinchwad,2023-03-16
8659,Nikhil Sengupta,nikhil.sengupta6822@yahoo.com,Ahmedabad,2024-12-20
8660,Komal Kapoor,komal.kapoor9265@outlook.com,Dhanbad,2022-02-14
8661,Om Verma,om.verma2020@outlook.com,Hubli,2023-06-08
8662,Jatin Nanda,jatin.nanda1565@hotmail.com,Solapur,2023-09-18
8663,Aarav Agarwal,aarav.agarwal969@ymail.com,Chandigarh,2023-07-11
8664,Amit Trivedi,amit.trivedi7284@hotmail.com,Kalyan-Dombivali,2022-04-03
8665,Chandra Garg,chandra.garg2016@gmail.com,Chandigarh,2024-05-15
8666,Kedar Tiwari,kedar.tiwari662@outlook.com,Bareilly,2024-09-22
8667,Deepak Patel,deepak.patel6736@rediffmail.com,Solapur,2022-11-27
8668,Dev Singh,dev.singh9205@rediffmail.com,Madurai,2023-11-08
8669,Simran Trivedi,simran.trivedi5006@yahoo.com,Srinagar,2023-02-27
8670,Simran Goyal,simran.goyal4238@rediffmail.com,Guwahati,2024-09-21
8671,Ram Verma,ram.verma9818@yahoo.com,Faridabad,2022-08-24
8672,Sunita Bose,sunita.bose9775@outlook.com,Kota,2023-02-04
8673,Suresh Kulkarni,suresh.kulkarni6683@ymail.com,Ludhiana,2023-07-19
8674,Neha Singh,neha.singh6001@rediffmail.com,Srinagar,2023-05-14
8675,Santosh Mishra,santosh.mishra1097@gmail.com,Kota,2023-10-23
8676,Gaurav Patel,gaurav.patel2341@hotmail.com,Jodhpur,2022-04-23
8677,Sunil Kumar,sunil.kumar8120@outlook.com,Ahmedabad,2023-10-26
8678,Gaurav Shukla,gaurav.shukla6575@gmail.com,Bareilly,2022-08-07
8679,Nisha Gupta,nisha.gupta3677@ymail.com,Delhi,2023-06-11
8680,Anil Banerjee,anil.banerjee2586@hotmail.com,Meerut,2022-05-01
8681,Amitabh Gupta,amitabh.gupta1982@yahoo.com,Pune,2024-04-17
8682,Seema Khanna,seema.khanna8098@outlook.com,Nashik,2022-10-30
8683,Nitesh Tiwari,nitesh.tiwari10@outlook.com,Ahmedabad,2022-11-15
8684,Vinay Malhotra,vinay.malhotra9432@ymail.com,Solapur,2024-08-17
8685,Aryan Malhotra,aryan.malhotra7045@yahoo.com,Solapur,2023-10-30
8686,Aditya Kulkarni,aditya.kulkarni4844@yahoo.com,Kota,2024-07-28
8687,Deepak Pande,deepak.pande9954@gmail.com,Kota,2023-08-26
8688,Girish Murthy,girish.murthy8975@ymail.com,Pune,2024-09-24
8689,Yogesh Singh,yogesh.singh6672@outlook.com,Rajkot,2022-10-05
8690,Anand Chakraborty,anand.chakraborty2752@outlook.com,Bengaluru,2022-10-22
8691,Shyam Joshi,shyam.joshi5112@yahoo.com,Chennai,2024-03-22
8692,Sahil Dutta,sahil.dutta9414@gmail.com,Ludhiana,2024-11-11
8693,Kedar Kulkarni,kedar.kulkarni4469@outlook.com,Jaipur,2023-11-19
8694,Mihir Bansal,mihir.bansal4633@outlook.com,Srinagar,2024-11-15
8695,Deepak Reddy,deepak.reddy735@ymail.com,Indore,2024-06-11
8696,Rohini Ahuja,rohini.ahuja6403@ymail.com,Pune,2023-10-18
8697,Shikha Trivedi,shikha.trivedi5750@gmail.com,Madurai,2023-01-14
8698,Manish Chatterjee,manish.chatterjee1060@yahoo.com,Visakhapatnam,2022-03-02
8699,Shanti Pillai,shanti.pillai7722@yahoo.com,Kolkata,2022-10-04
8700,Chandra Trivedi,chandra.trivedi909@ymail.com,Vasai-Virar,2024-02-26
8701,Neeraj Kumar,neeraj.kumar6652@hotmail.com,Patna,2022-01-09
8702,Komal Dutta,komal.dutta2929@hotmail.com,Lucknow,2022-08-22
8703,Shailesh Chakraborty,shailesh.chakraborty6749@rediffmail.com,Pimpri-Chinchwad,2023-03-30
8704,Krishna Dutta,krishna.dutta2731@rediffmail.com,Solapur,2024-06-08
8705,Yogesh Bhatia,yogesh.bhatia7641@rediffmail.com,Madurai,2022-01-25
8706,Lata Nanda,lata.nanda1111@yahoo.com,Navi Mumbai,2022-03-07
8707,Krishna Malhotra,krishna.malhotra3676@yahoo.com,Ahmedabad,2023-04-03
8708,Madhav Tiwari,madhav.tiwari7268@rediffmail.com,Hubli,2024-02-28
8709,Karan Joshi,karan.joshi5444@hotmail.com,Jaipur,2024-04-17
8710,Asha Jain,asha.jain1953@gmail.com,Varanasi,2022-01-23
8711,Shyam Joshi,shyam.joshi5987@outlook.com,Mumbai,2024-01-16
8712,Deepak Pillai,deepak.pillai6120@gmail.com,Ranchi,2024-03-27
8713,Pradeep Modi,pradeep.modi4374@hotmail.com,Kolkata,2022-09-17
8714,Sonali Deshpande,sonali.deshpande5631@ymail.com,Coimbatore,2024-06-07
8715,Sanjay Desai,sanjay.desai5210@rediffmail.com,Rajkot,2022-11-05
8716,Vikram Khanna,vikram.khanna4039@hotmail.com,Vasai-Virar,2022-02-21
8717,Amit Kaur,amit.kaur3066@hotmail.com,Madurai,2023-12-10
8718,Anjali Kapoor,anjali.kapoor1432@outlook.com,Hubli,2024-07-03
8719,Shailesh Kapoor,shailesh.kapoor1238@rediffmail.com,Nagpur,2024-08-30
8720,Vinay Nair,vinay.nair4104@rediffmail.com,Agra,2023-03-23
8721,Anjali Yadav,anjali.yadav2829@outlook.com,Nagpur,2023-07-02
8722,Sonal Chakraborty,sonal.chakraborty4116@hotmail.com,Navi Mumbai,2022-02-10
8723,Santosh Bhatia,santosh.bhatia8070@outlook.com,Kota,2022-11-23
8724,Asha Deshpande,asha.deshpande4405@outlook.com,Hubli,2022-07-02
8725,Manish Goyal,manish.goyal6172@gmail.com,Ludhiana,2022-11-01
8726,Shanti Varma,shanti.varma7071@hotmail.com,Bhopal,2022-11-06
8727,Suresh Choudhary,suresh.choudhary2090@ymail.com,Visakhapatnam,2024-07-09
8728,Amitabh Sinha,amitabh.sinha8357@gmail.com,Mumbai,2022-08-08
8729,Jyoti Nair,jyoti.nair1772@yahoo.com,Coimbatore,2024-06-25
8730,Ankita Pillai,ankita.pillai9149@rediffmail.com,Pimpri-Chinchwad,2022-03-31
8731,Sonu Yadav,sonu.yadav9103@rediffmail.com,Madurai,2023-05-30
8732,Isha Malhotra,isha.malhotra4949@rediffmail.com,Madurai,2022-09-02
8733,Suresh Chopra,suresh.chopra6584@rediffmail.com,Ahmedabad,2024-09-25
8734,Sneha Banerjee,sneha.banerjee9855@yahoo.com,Mumbai,2022-01-30
8735,Pavan Bose,pavan.bose297@hotmail.com,Amritsar,2022-01-25
8736,Krishna Bose,krishna.bose8321@gmail.com,Allahabad,2022-09-05
8737,Jyoti Ahuja,jyoti.ahuja3156@yahoo.com,Patna,2022-02-21
8738,Kunal Arora,kunal.arora9059@ymail.com,Ahmedabad,2022-04-09
8739,Kunal Kaur,kunal.kaur3627@hotmail.com,Jodhpur,2024-11-27
8740,Shiv Verma,shiv.verma7080@rediffmail.com,Coimbatore,2022-03-19
8741,Sahil Desai,sahil.desai1732@yahoo.com,Chennai,2022-07-19
8742,Megha Sharma,megha.sharma6797@rediffmail.com,Vadodara,2024-05-06
8743,Ajay Mukherjee,ajay.mukherjee2247@ymail.com,Chennai,2022-11-26
8744,Yogesh Mukherjee,yogesh.mukherjee4762@outlook.com,Varanasi,2024-05-14
8745,Sonu Ghosh,sonu.ghosh2363@rediffmail.com,Ahmedabad,2022-11-02
8746,Shikha Shah,shikha.shah5681@rediffmail.com,Navi Mumbai,2023-01-25
8747,Manish Tiwari,manish.tiwari2601@gmail.com,Srinagar,2023-07-02
8748,Rohini Murthy,rohini.murthy9176@hotmail.com,Coimbatore,2023-10-20
8749,Reena Bhatia,reena.bhatia2821@outlook.com,Mumbai,2022-11-01
8750,Aarav Garg,aarav.garg3672@gmail.com,Chandigarh,2023-06-16
8751,Simran Kumar,simran.kumar6053@outlook.com,Raipur,2023-12-26
8752,Om Shukla,om.shukla1966@outlook.com,Rajkot,2023-12-27
8753,Nitika Bose,nitika.bose8394@ymail.com,Pune,2023-03-09
8754,Ajay Gupta,ajay.gupta9416@rediffmail.com,Nashik,2022-04-28
8755,Kavita Garg,kavita.garg8214@rediffmail.com,Raipur,2024-03-22
8756,Karan Reddy,karan.reddy1646@outlook.com,Pimpri-Chinchwad,2023-12-22
8757,Amitabh Nair,amitabh.nair6318@yahoo.com,Chandigarh,2023-10-24
8758,Gaurav Trivedi,gaurav.trivedi2133@yahoo.com,Thane,2022-02-17
8759,Nisha Choudhary,nisha.choudhary4444@ymail.com,Ranchi,2024-09-28
8760,Mahesh Ghosh,mahesh.ghosh1541@yahoo.com,Kalyan-Dombivali,2022-07-22
8761,Vivek Dubey,vivek.dubey9315@hotmail.com,Bareilly,2024-01-14
8762,Nitika Ghosh,nitika.ghosh5253@rediffmail.com,Rajkot,2022-08-31
8763,Paras Sinha,paras.sinha219@ymail.com,Ludhiana,2024-10-29
8764,Geeta Pande,geeta.pande4021@hotmail.com,Bengaluru,2024-11-27
8765,Heena Kapoor,heena.kapoor4445@ymail.com,Pimpri-Chinchwad,2022-10-16
8766,Sapna Rao,sapna.rao7764@rediffmail.com,Navi Mumbai,2023-12-24
8767,Rakesh Naik,rakesh.naik8355@gmail.com,Coimbatore,2022-12-19
8768,Aditya Kumar,aditya.kumar6277@hotmail.com,Meerut,2023-02-06
8769,Dev Kapoor,dev.kapoor9797@outlook.com,Surat,2024-07-27
8770,Mukesh Sharma,mukesh.sharma2675@yahoo.com,Bhopal,2024-04-28
8771,Pradeep Garg,pradeep.garg1359@yahoo.com,Aurangabad,2023-11-29
8772,Hemant Sengupta,hemant.sengupta4167@gmail.com,Allahabad,2023-02-26
8773,Rohan Sinha,rohan.sinha9951@ymail.com,Hubli,2023-12-07
8774,Kunal Rao,kunal.rao7706@rediffmail.com,Solapur,2022-03-09
8775,Deepak Sengupta,deepak.sengupta2199@rediffmail.com,Delhi,2022-06-30
8776,Vikas Mehta,vikas.mehta8146@gmail.com,Raipur,2022-02-24
8777,Mihir Chopra,mihir.chopra9242@hotmail.com,Faridabad,2022-02-06
8778,Ayesha Sinha,ayesha.sinha6334@ymail.com,Hubli,2023-08-10
8779,Jyoti Mehta,jyoti.mehta3658@hotmail.com,Madurai,2023-03-14
8780,Kabir Chauhan,kabir.chauhan4619@ymail.com,Bhopal,2022-05-30
8781,Akash Sinha,akash.sinha3555@yahoo.com,Bhopal,2022-09-11
8782,Tanvi Nair,tanvi.nair7065@ymail.com,Solapur,2024-05-24
8783,Nilesh Bose,nilesh.bose9390@ymail.com,Hyderabad,2024-05-19
8784,Mohan Rao,mohan.rao7969@ymail.com,Visakhapatnam,2024-08-21
8785,Nitesh Reddy,nitesh.reddy2225@gmail.com,Guwahati,2022-07-19
8786,Ankit Saxena,ankit.saxena1008@hotmail.com,Mumbai,2023-04-17
8787,Parul Ghosh,parul.ghosh4046@ymail.com,Srinagar,2022-12-22
8788,Manish Ahuja,manish.ahuja1392@ymail.com,Allahabad,2024-07-04
8789,Nisha Shukla,nisha.shukla7794@rediffmail.com,Hubli,2023-12-10
8790,Sandeep Dutta,sandeep.dutta3087@ymail.com,Patna,2022-10-19
8791,Ayesha Jain,ayesha.jain3470@rediffmail.com,Thane,2022-09-23
8792,Ayesha Ghosh,ayesha.ghosh2100@hotmail.com,Hubli,2024-10-05
8793,Nitesh Malhotra,nitesh.malhotra2974@outlook.com,Srinagar,2023-06-01
8794,Lata Malhotra,lata.malhotra5556@gmail.com,Lucknow,2022-08-07
8795,Sanjeev Varma,sanjeev.varma8539@rediffmail.com,Nashik,2023-01-18
8796,Ansh Chauhan,ansh.chauhan4620@rediffmail.com,Vadodara,2024-06-03
8797,Amit Dutta,amit.dutta6201@yahoo.com,Navi Mumbai,2023-04-17
8798,Ramesh Verma,ramesh.verma6492@ymail.com,Bareilly,2024-12-30
8799,Nitika Naik,nitika.naik8283@hotmail.com,Kanpur,2022-02-02
8800,Sonal Sinha,sonal.sinha4676@outlook.com,Agra,2023-05-21
8801,Lokesh Saxena,lokesh.saxena8241@rediffmail.com,Vadodara,2024-07-04
8802,Sneha Mishra,sneha.mishra918@outlook.com,Howrah,2023-05-16
8803,Seema Patel,seema.patel2911@rediffmail.com,Agra,2023-05-10
8804,Ashok Reddy,ashok.reddy895@yahoo.com,Ludhiana,2023-09-28
8805,Megha Bhatt,megha.bhatt6877@ymail.com,Madurai,2024-08-29
8806,Ravi Gupta,ravi.gupta6743@ymail.com,Varanasi,2024-07-15
8807,Pooja Saxena,pooja.saxena1119@rediffmail.com,Hubli,2024-11-24
8808,Sudhir Kumar,sudhir.kumar3527@ymail.com,Kalyan-Dombivali,2022-06-10
8809,Vikram Dutta,vikram.dutta9408@hotmail.com,Gwalior,2023-08-19
8810,Sonu Rao,sonu.rao5375@rediffmail.com,Jaipur,2022-05-13
8811,Asha Shukla,asha.shukla9180@hotmail.com,Solapur,2024-06-16
8812,Dev Dutta,dev.dutta5443@ymail.com,Hyderabad,2022-06-28
8813,Rohini Goyal,rohini.goyal7547@yahoo.com,Dhanbad,2024-09-25
8814,Ram Kumar,ram.kumar2256@outlook.com,Raipur,2023-02-07
8815,Paras Chatterjee,paras.chatterjee9559@outlook.com,Nashik,2023-08-22
8816,Sonali Pande,sonali.pande8085@ymail.com,Srinagar,2022-06-25
8817,Shikha Mishra,shikha.mishra9077@ymail.com,Vijayawada,2022-11-11
8818,Suresh Chakraborty,suresh.chakraborty2215@gmail.com,Bengaluru,2022-09-10
8819,Ajay Trivedi,ajay.trivedi495@gmail.com,Solapur,2023-06-08
8820,Dev Murthy,dev.murthy6682@ymail.com,Kalyan-Dombivali,2022-04-29
8821,Manish Desai,manish.desai5239@gmail.com,Ludhiana,2024-09-27
8822,Komal Patel,komal.patel5574@gmail.com,Visakhapatnam,2022-03-29
8823,Rakesh Sharma,rakesh.sharma6514@outlook.com,Pune,2022-01-29
8824,Sanjeev Murthy,sanjeev.murthy130@gmail.com,Guwahati,2023-06-28
8825,Sachin Joshi,sachin.joshi8436@ymail.com,Aurangabad,2023-01-11
8826,Jyoti Das,jyoti.das2859@outlook.com,Raipur,2023-08-24
8827,Vinay Singh,vinay.singh9653@outlook.com,Vasai-Virar,2023-12-17
8828,Shikha Saxena,shikha.saxena2106@rediffmail.com,Vadodara,2024-11-23
8829,Geeta Bose,geeta.bose736@hotmail.com,Ahmedabad,2024-07-24
8830,Ashish Patel,ashish.patel7615@yahoo.com,Solapur,2023-11-11
8831,Anjali Desai,anjali.desai3558@hotmail.com,Indore,2023-04-27
8832,Komal Dutta,komal.dutta7079@outlook.com,Faridabad,2024-07-05
8833,Seema Mishra,seema.mishra8155@outlook.com,Indore,2023-05-29
8834,Yash Singh,yash.singh2132@outlook.com,Bareilly,2023-11-17
8835,Pradeep Bose,pradeep.bose7899@hotmail.com,Hyderabad,2023-02-28
8836,Santosh Bhatia,santosh.bhatia149@hotmail.com,Guwahati,2024-06-15
8837,Reena Bhatt,reena.bhatt4207@gmail.com,Aurangabad,2024-09-04
8838,Ankita Rao,ankita.rao2988@rediffmail.com,Delhi,2024-04-25
8839,Ankit Saxena,ankit.saxena9445@rediffmail.com,Bengaluru,2024-09-12
8840,Uday Ghosh,uday.ghosh6461@outlook.com,Guwahati,2024-04-24
8841,Ritesh Srivastava,ritesh.srivastava8152@ymail.com,Pimpri-Chinchwad,2024-08-29
8842,Chandra Trivedi,chandra.trivedi1477@outlook.com,Ahmedabad,2022-12-15
8843,Karan Tiwari,karan.tiwari3773@hotmail.com,Meerut,2024-05-16
8844,Paras Saxena,paras.saxena4014@ymail.com,Hyderabad,2023-03-23
8845,Chandra Joshi,chandra.joshi3232@outlook.com,Howrah,2024-02-01
8846,Shilpa Choudhary,shilpa.choudhary5938@hotmail.com,Allahabad,2024-07-01
8847,Shruti Sinha,shruti.sinha6222@outlook.com,Indore,2023-10-18
8848,Shruti Agarwal,shruti.agarwal7776@rediffmail.com,Hubli,2022-07-11
8849,Simran Bansal,simran.bansal8180@yahoo.com,Navi Mumbai,2023-04-04
8850,Sanjay Pathak,sanjay.pathak4875@outlook.com,Meerut,2023-07-03
8851,Shiv Kulkarni,shiv.kulkarni1180@yahoo.com,Raipur,2024-02-15
8852,Ansh Ghosh,ansh.ghosh9985@ymail.com,Vijayawada,2023-02-24
8853,Sanjeev Khanna,sanjeev.khanna3876@gmail.com,Bareilly,2024-03-19
8854,Dev Chakraborty,dev.chakraborty7232@hotmail.com,Rajkot,2023-09-03
8855,Jatin Dutta,jatin.dutta9505@gmail.com,Coimbatore,2023-10-15
8856,Anjali Rao,anjali.rao9915@hotmail.com,Rajkot,2024-04-01
8857,Harish Ahuja,harish.ahuja1011@ymail.com,Rajkot,2023-02-16
8858,Mahesh Choudhary,mahesh.choudhary1936@gmail.com,Nashik,2022-06-08
8859,Mahesh Ghosh,mahesh.ghosh926@outlook.com,Amritsar,2024-08-04
8860,Vikram Sinha,vikram.sinha909@hotmail.com,Amritsar,2022-08-10
8861,Ansh Dubey,ansh.dubey5963@yahoo.com,Kota,2024-09-02
8862,Simran Rao,simran.rao4037@rediffmail.com,Kalyan-Dombivali,2024-01-18
8863,Anand Das,anand.das7910@ymail.com,Lucknow,2023-10-12
8864,Ramesh Sinha,ramesh.sinha8915@outlook.com,Varanasi,2024-08-01
8865,Nisha Sharma,nisha.sharma1003@hotmail.com,Faridabad,2023-09-03
8866,Pavan Patel,pavan.patel9581@ymail.com,Bareilly,2022-03-17
8867,Nisha Bhatt,nisha.bhatt2985@ymail.com,Coimbatore,2024-02-26
8868,Ritesh Srivastava,ritesh.srivastava9853@gmail.com,Ludhiana,2023-08-22
8869,Shikha Nanda,shikha.nanda3000@outlook.com,Mumbai,2022-04-12
8870,Sanjeev Chopra,sanjeev.chopra9403@yahoo.com,Indore,2022-08-03
8871,Harish Chopra,harish.chopra6408@rediffmail.com,Howrah,2023-02-04
8872,Nisha Verma,nisha.verma4290@outlook.com,Delhi,2022-11-17
8873,Anjali Garg,anjali.garg7120@rediffmail.com,Allahabad,2023-08-12
8874,Ankita Kapoor,ankita.kapoor8188@outlook.com,Kolkata,2022-10-05
8875,Shyam Pathak,shyam.pathak1105@rediffmail.com,Pimpri-Chinchwad,2022-12-20
8876,Shanti Rao,shanti.rao6135@gmail.com,Chandigarh,2023-12-25
8877,Sunil Kulkarni,sunil.kulkarni1393@outlook.com,Vasai-Virar,2024-01-17
8878,Kunal Nanda,kunal.nanda9831@yahoo.com,Surat,2023-03-27
8879,Shailesh Kapoor,shailesh.kapoor5924@yahoo.com,Kota,2023-10-24
8880,Rajesh Modi,rajesh.modi424@outlook.com,Nagpur,2022-01-12
8881,Sudhir Saxena,sudhir.saxena2480@yahoo.com,Ranchi,2022-12-30
8882,Ritesh Banerjee,ritesh.banerjee3651@yahoo.com,Nashik,2022-10-22
8883,Priya Bose,priya.bose7190@rediffmail.com,Gwalior,2024-10-16
8884,Aryan Kapoor,aryan.kapoor3177@hotmail.com,Jabalpur,2024-04-19
8885,Kavita Modi,kavita.modi2567@outlook.com,Navi Mumbai,2023-09-27
8886,Uma Sinha,uma.sinha8173@hotmail.com,Kalyan-Dombivali,2023-07-22
8887,Sapna Kapoor,sapna.kapoor5259@gmail.com,Srinagar,2022-11-06
8888,Vivek Nair,vivek.nair4021@gmail.com,Hubli,2022-01-21
8889,Ritu Chawla,ritu.chawla9022@hotmail.com,Chandigarh,2022-04-11
8890,Pooja Naik,pooja.naik805@rediffmail.com,Aurangabad,2023-10-10
8891,Meena Sinha,meena.sinha5088@hotmail.com,Hubli,2022-02-22
8892,Simran Shah,simran.shah5545@rediffmail.com,Ahmedabad,2022-01-25
8893,Kiran Nair,kiran.nair173@gmail.com,Mumbai,2024-05-11
8894,Nitika Pathak,nitika.pathak8059@hotmail.com,Visakhapatnam,2024-10-20
8895,Mukesh Bhatt,mukesh.bhatt9639@yahoo.com,Varanasi,2024-12-24
8896,Suresh Tiwari,suresh.tiwari8980@outlook.com,Meerut,2023-02-02
8897,Tarun Kaur,tarun.kaur4845@outlook.com,Hubli,2023-11-08
8898,Isha Banerjee,isha.banerjee3593@yahoo.com,Vadodara,2024-06-28
8899,Neeraj Goyal,neeraj.goyal9406@outlook.com,Thane,2023-02-11
8900,Nitesh Pande,nitesh.pande2424@yahoo.com,Kota,2024-05-31
8901,Zara Sengupta,zara.sengupta2790@rediffmail.com,Ahmedabad,2022-06-02
8902,Lakshmi Agarwal,lakshmi.agarwal2971@yahoo.com,Dhanbad,2023-08-18
8903,Girish Nanda,girish.nanda8172@yahoo.com,Patna,2023-10-04
8904,Ananya Jain,ananya.jain2697@gmail.com,Jabalpur,2023-08-17
8905,Aditya Jain,aditya.jain64@hotmail.com,Aurangabad,2022-09-25
8906,Sneha Kulkarni,sneha.kulkarni433@rediffmail.com,Aurangabad,2024-05-24
8907,Deepak Pathak,deepak.pathak1246@hotmail.com,Nashik,2024-09-23
8908,Neha Garg,neha.garg6713@outlook.com,Delhi,2024-12-26
8909,Sneha Sinha,sneha.sinha5196@rediffmail.com,Ahmedabad,2022-07-10
8910,Neeraj Srivastava,neeraj.srivastava4884@outlook.com,Chandigarh,2023-04-20
8911,Mahesh Kumar,mahesh.kumar5978@yahoo.com,Gwalior,2024-06-22
8912,Sandeep Nair,sandeep.nair8637@hotmail.com,Navi Mumbai,2024-07-11
8913,Suresh Iyer,suresh.iyer8290@ymail.com,Jabalpur,2023-12-11
8914,Yash Reddy,yash.reddy5935@outlook.com,Ahmedabad,2023-05-17
8915,Asha Varma,asha.varma8770@hotmail.com,Visakhapatnam,2023-06-25
8916,Sunil Singh,sunil.singh9846@outlook.com,Chennai,2024-06-10
8917,Isha Bose,isha.bose9249@hotmail.com,Kanpur,2023-11-26
8918,Nitesh Ghosh,nitesh.ghosh7823@outlook.com,Aurangabad,2023-07-23
8919,Ishaan Malhotra,ishaan.malhotra2586@gmail.com,Surat,2023-04-01
8920,Paras Goyal,paras.goyal8442@outlook.com,Varanasi,2024-01-27
8921,Mahesh Sengupta,mahesh.sengupta1192@rediffmail.com,Kolkata,2024-11-29
8922,Nisha Jha,nisha.jha6117@outlook.com,Coimbatore,2023-03-29
8923,Ashok Singh,ashok.singh3071@rediffmail.com,Bengaluru,2022-02-28
8924,Zara Bansal,zara.bansal5304@rediffmail.com,Mumbai,2023-10-17
8925,Kajal Joshi,kajal.joshi1857@outlook.com,Thane,2024-02-17
8926,Komal Nanda,komal.nanda5970@hotmail.com,Bengaluru,2023-10-23
8927,Shruti Pande,shruti.pande1101@rediffmail.com,Thane,2023-07-22
8928,Kavita Banerjee,kavita.banerjee3030@hotmail.com,Kalyan-Dombivali,2022-09-15
8929,Vikas Saxena,vikas.saxena7690@gmail.com,Jaipur,2023-01-21
8930,Rohan Dutta,rohan.dutta4047@gmail.com,Bareilly,2024-04-12
8931,Kunal Garg,kunal.garg3313@hotmail.com,Nagpur,2024-01-25
8932,Rohan Mishra,rohan.mishra5141@rediffmail.com,Madurai,2022-02-11
8933,Ram Khanna,ram.khanna2563@rediffmail.com,Kanpur,2022-09-03
8934,Reena Khanna,reena.khanna2@rediffmail.com,Dhanbad,2024-09-28
8935,Sonal Rao,sonal.rao5329@ymail.com,Aurangabad,2024-10-29
8936,Sanjay Chakraborty,sanjay.chakraborty9045@yahoo.com,Bareilly,2024-09-02
8937,Gaurav Mehta,gaurav.mehta6962@yahoo.com,Hyderabad,2024-08-18
8938,Nikhil Dutta,nikhil.dutta9520@ymail.com,Amritsar,2023-05-22
8939,Vikram Kumar,vikram.kumar6305@outlook.com,Delhi,2024-10-20
8940,Sanjeev Pande,sanjeev.pande8169@rediffmail.com,Ludhiana,2023-11-18
8941,Aditya Trivedi,aditya.trivedi906@ymail.com,Jodhpur,2023-08-22
8942,Kabir Kapoor,kabir.kapoor760@outlook.com,Guwahati,2022-10-15
8943,Reena Khanna,reena.khanna2574@rediffmail.com,Chandigarh,2022-02-25
8944,Seema Bhatt,seema.bhatt283@outlook.com,Gwalior,2023-04-19
8945,Shikha Desai,shikha.desai2418@outlook.com,Nashik,2022-10-30
8946,Neha Nair,neha.nair2595@hotmail.com,Patna,2024-03-01
8947,Ishaan Ahuja,ishaan.ahuja5449@rediffmail.com,Vadodara,2022-06-10
8948,Shyam Joshi,shyam.joshi6970@outlook.com,Ahmedabad,2022-05-19
8949,Nikhil Malhotra,nikhil.malhotra5235@yahoo.com,Coimbatore,2024-06-24
8950,Deepika Goyal,deepika.goyal5173@rediffmail.com,Kolkata,2024-07-31
8951,Santosh Arora,santosh.arora8291@ymail.com,Amritsar,2023-09-15
8952,Aarav Modi,aarav.modi5396@ymail.com,Ludhiana,2023-02-15
8953,Shailesh Nanda,shailesh.nanda37@hotmail.com,Nagpur,2024-03-13
8954,Kunal Pillai,kunal.pillai7819@yahoo.com,Vasai-Virar,2024-12-04
8955,Harish Chakraborty,harish.chakraborty6078@gmail.com,Bareilly,2024-07-17
8956,Shyam Sharma,shyam.sharma394@hotmail.com,Kolkata,2023-01-24
8957,Varun Arora,varun.arora6697@rediffmail.com,Kalyan-Dombivali,2024-07-07
8958,Divya Bhatia,divya.bhatia2106@rediffmail.com,Pune,2023-10-13
8959,Mahesh Nanda,mahesh.nanda3971@rediffmail.com,Varanasi,2022-02-27
8960,Tanvi Banerjee,tanvi.banerjee3001@outlook.com,Navi Mumbai,2023-11-15
8961,Heena Malhotra,heena.malhotra9326@rediffmail.com,Bareilly,2022-11-15
8962,Asha Gupta,asha.gupta9397@yahoo.com,Vadodara,2022-06-22
8963,Heena Mishra,heena.mishra1695@outlook.com,Bhopal,2022-01-06
8964,Vikram Mukherjee,vikram.mukherjee6982@ymail.com,Nagpur,2022-03-14
8965,Tarun Nair,tarun.nair6095@rediffmail.com,Indore,2022-03-10
8966,Megha Nanda,megha.nanda4274@ymail.com,Amritsar,2023-02-23
8967,Vikas Kumar,vikas.kumar8453@gmail.com,Vasai-Virar,2024-06-26
8968,Deepak Deshpande,deepak.deshpande8778@outlook.com,Vasai-Virar,2023-11-20
8969,Santosh Kulkarni,santosh.kulkarni753@outlook.com,Aurangabad,2024-09-11
8970,Lokesh Banerjee,lokesh.banerjee5733@rediffmail.com,Nashik,2024-07-08
8971,Sudhir Garg,sudhir.garg5360@hotmail.com,Pune,2022-01-07
8972,Kiran Sinha,kiran.sinha7241@outlook.com,Madurai,2022-09-25
8973,Lalit Agarwal,lalit.agarwal4812@gmail.com,Kanpur,2023-11-04
8974,Shailesh Verma,shailesh.verma8736@ymail.com,Gwalior,2024-10-25
8975,Rahul Bhatia,rahul.bhatia423@ymail.com,Allahabad,2023-10-18
8976,Suresh Jain,suresh.jain8661@outlook.com,Surat,2023-03-09
8977,Kunal Modi,kunal.modi8256@hotmail.com,Hubli,2024-01-07
8978,Sudhir Mishra,sudhir.mishra2441@gmail.com,Navi Mumbai,2022-02-13
8979,Chandra Gupta,chandra.gupta1871@gmail.com,Patna,2022-06-25
8980,Lokesh Bansal,lokesh.bansal7650@ymail.com,Hubli,2023-09-13
8981,Ramesh Garg,ramesh.garg1916@outlook.com,Meerut,2022-01-29
8982,Pavan Saxena,pavan.saxena1948@outlook.com,Bareilly,2022-08-23
8983,Ansh Jha,ansh.jha6009@ymail.com,Meerut,2024-06-13
8984,Ansh Dutta,ansh.dutta4662@gmail.com,Guwahati,2023-07-19
8985,Neeraj Saxena,neeraj.saxena5838@gmail.com,Bengaluru,2022-03-26
8986,Vikram Yadav,vikram.yadav5110@hotmail.com,Ranchi,2023-09-09
8987,Amit Reddy,amit.reddy9073@rediffmail.com,Jaipur,2022-09-24
8988,Sachin Mishra,sachin.mishra379@outlook.com,Howrah,2022-03-18
8989,Ritu Reddy,ritu.reddy6299@hotmail.com,Jabalpur,2023-09-23
8990,Rohini Garg,rohini.garg5441@outlook.com,Jodhpur,2023-12-15
8991,Shyam Sharma,shyam.sharma8294@gmail.com,Raipur,2023-04-07
8992,Sudhir Reddy,sudhir.reddy6452@yahoo.com,Ranchi,2023-03-22
8993,Meena Gupta,meena.gupta7983@yahoo.com,Lucknow,2023-09-16
8994,Lata Jain,lata.jain8356@ymail.com,Pune,2024-09-19
8995,Amit Nair,amit.nair3620@yahoo.com,Nashik,2022-05-13
8996,Sudhir Srivastava,sudhir.srivastava4863@ymail.com,Madurai,2023-01-12
8997,Jayesh Goyal,jayesh.goyal6668@outlook.com,Kota,2023-05-23
8998,Santosh Pathak,santosh.pathak578@gmail.com,Chandigarh,2022-03-13
8999,Jayesh Joshi,jayesh.joshi3469@rediffmail.com,Guwahati,2022-02-07
9000,Jyoti Sharma,jyoti.sharma9014@rediffmail.com,Solapur,2024-05-04
9001,Om Rao,om.rao2716@hotmail.com,Pune,2023-09-10
9002,Aditya Shah,aditya.shah9427@outlook.com,Ahmedabad,2024-06-15
9003,Ananya Pande,ananya.pande9496@rediffmail.com,Varanasi,2023-03-08
9004,Ankita Modi,ankita.modi228@rediffmail.com,Amritsar,2022-08-25
9005,Vinod Khanna,vinod.khanna6657@rediffmail.com,Ranchi,2022-07-30
9006,Heena Sengupta,heena.sengupta292@yahoo.com,Vijayawada,2023-08-26
9007,Madhav Pathak,madhav.pathak1780@ymail.com,Kanpur,2022-07-16
9008,Lata Bansal,lata.bansal1658@outlook.com,Visakhapatnam,2023-10-29
9009,Jayesh Banerjee,jayesh.banerjee6699@outlook.com,Surat,2024-01-28
9010,Neeraj Dutta,neeraj.dutta1831@yahoo.com,Nashik,2023-03-25
9011,Mihir Chauhan,mihir.chauhan2085@outlook.com,Rajkot,2024-10-22
9012,Neha Khanna,neha.khanna2822@yahoo.com,Hubli,2023-12-28
9013,Ritu Modi,ritu.modi9575@hotmail.com,Dhanbad,2023-07-28
9014,Lata Arora,lata.arora9100@gmail.com,Vijayawada,2024-11-01
9015,Rohan Trivedi,rohan.trivedi7395@gmail.com,Srinagar,2023-04-20
9016,Sanjay Dutta,sanjay.dutta1468@hotmail.com,Bareilly,2024-10-12
9017,Arjun Banerjee,arjun.banerjee6952@gmail.com,Pimpri-Chinchwad,2022-12-20
9018,Madhav Verma,madhav.verma1352@hotmail.com,Bareilly,2023-06-02
9019,Neha Bhatt,neha.bhatt6839@hotmail.com,Bengaluru,2023-06-27
9020,Jayesh Tiwari,jayesh.tiwari1717@hotmail.com,Kanpur,2024-05-30
9021,Jayesh Gupta,jayesh.gupta5653@ymail.com,Madurai,2024-10-21
9022,Shyam Rao,shyam.rao2351@rediffmail.com,Kalyan-Dombivali,2023-08-09
9023,Shruti Kapoor,shruti.kapoor4210@gmail.com,Madurai,2022-08-23
9024,Tarun Dutta,tarun.dutta7585@rediffmail.com,Bengaluru,2023-06-05
9025,Reena Murthy,reena.murthy7948@outlook.com,Jaipur,2022-02-12
9026,Ritesh Deshpande,ritesh.deshpande8972@yahoo.com,Varanasi,2023-05-20
9027,Reena Khanna,reena.khanna5330@ymail.com,Lucknow,2023-10-02
9028,Yash Desai,yash.desai7787@ymail.com,Kalyan-Dombivali,2022-01-05
9029,Shikha Varma,shikha.varma7961@hotmail.com,Madurai,2022-09-05
9030,Kedar Kumar,kedar.kumar4285@hotmail.com,Mumbai,2022-12-15
9031,Mukesh Sharma,mukesh.sharma2032@yahoo.com,Nashik,2023-01-27
9032,Kajal Choudhary,kajal.choudhary5334@hotmail.com,Agra,2024-02-29
9033,Ansh Nanda,ansh.nanda3236@yahoo.com,Vasai-Virar,2022-11-09
9034,Tarun Bhatt,tarun.bhatt3405@rediffmail.com,Visakhapatnam,2022-09-09
9035,Vikas Sharma,vikas.sharma5900@hotmail.com,Chennai,2022-01-19
9036,Ram Saxena,ram.saxena5761@hotmail.com,Jaipur,2024-01-12
9037,Sonali Choudhary,sonali.choudhary7885@hotmail.com,Mumbai,2024-01-24
9038,Meena Sengupta,meena.sengupta8867@rediffmail.com,Vijayawada,2022-05-07
9039,Parul Sengupta,parul.sengupta4488@ymail.com,Navi Mumbai,2022-12-19
9040,Shanti Agarwal,shanti.agarwal7187@yahoo.com,Aurangabad,2022-05-28
9041,Chandra Khanna,chandra.khanna3083@yahoo.com,Vadodara,2022-03-08
9042,Shailesh Saxena,shailesh.saxena3021@ymail.com,Gwalior,2023-03-10
9043,Nitika Nair,nitika.nair1726@ymail.com,Bhopal,2022-11-07
9044,Megha Mishra,megha.mishra2595@outlook.com,Bhopal,2023-05-15
9045,Chandra Mukherjee,chandra.mukherjee6709@yahoo.com,Varanasi,2024-07-04
9046,Zara Singh,zara.singh7038@outlook.com,Patna,2024-06-08
9047,Vinay Pillai,vinay.pillai5501@rediffmail.com,Amritsar,2022-09-11
9048,Ramesh Rao,ramesh.rao4799@outlook.com,Allahabad,2024-07-03
9049,Sahil Shukla,sahil.shukla7501@hotmail.com,Coimbatore,2022-11-06
9050,Ram Gupta,ram.gupta4399@rediffmail.com,Gwalior,2023-02-02
9051,Sudhir Bhatia,sudhir.bhatia3298@outlook.com,Dhanbad,2023-12-11
9052,Sahil Mukherjee,sahil.mukherjee8109@yahoo.com,Chandigarh,2024-04-05
9053,Megha Murthy,megha.murthy4271@ymail.com,Jabalpur,2022-01-10
9054,Yogesh Shah,yogesh.shah5413@yahoo.com,Rajkot,2024-05-15
9055,Vivek Malhotra,vivek.malhotra8215@yahoo.com,Hubli,2023-01-18
9056,Amit Deshpande,amit.deshpande1240@outlook.com,Ahmedabad,2023-02-27
9057,Vikram Chauhan,vikram.chauhan7925@outlook.com,Jabalpur,2022-01-31
9058,Kunal Garg,kunal.garg4955@gmail.com,Indore,2024-12-29
9059,Heena Deshpande,heena.deshpande3272@gmail.com,Jodhpur,2023-10-16
9060,Sunil Saxena,sunil.saxena1571@rediffmail.com,Delhi,2022-08-04
9061,Manish Khanna,manish.khanna4581@rediffmail.com,Mumbai,2022-11-19
9062,Isha Kumar,isha.kumar2215@rediffmail.com,Hyderabad,2022-09-02
9063,Vikram Pathak,vikram.pathak3639@rediffmail.com,Navi Mumbai,2024-01-19
9064,Gaurav Bhatia,gaurav.bhatia1808@hotmail.com,Pimpri-Chinchwad,2023-05-09
9065,Rakesh Mishra,rakesh.mishra8916@gmail.com,Faridabad,2024-09-19
9066,Isha Ghosh,isha.ghosh1419@hotmail.com,Coimbatore,2022-06-22
9067,Ajay Shah,ajay.shah6187@outlook.com,Mumbai,2024-10-21
9068,Mihir Bose,mihir.bose3005@yahoo.com,Guwahati,2024-02-18
9069,Lalit Bansal,lalit.bansal4747@outlook.com,Bengaluru,2022-10-17
9070,Megha Chatterjee,megha.chatterjee2861@yahoo.com,Vadodara,2024-10-09
9071,Rahul Rao,rahul.rao9915@yahoo.com,Surat,2023-11-21
9072,Aryan Rao,aryan.rao9016@ymail.com,Surat,2024-05-22
9073,Sandeep Chauhan,sandeep.chauhan4010@hotmail.com,Bengaluru,2024-05-01
9074,Ashok Bhatia,ashok.bhatia989@rediffmail.com,Patna,2022-03-09
9075,Ankita Jain,ankita.jain7866@rediffmail.com,Coimbatore,2024-10-13
9076,Ritu Reddy,ritu.reddy290@outlook.com,Jaipur,2024-12-08
9077,Anjali Arora,anjali.arora9247@rediffmail.com,Aurangabad,2023-12-26
9078,Divya Chakraborty,divya.chakraborty6925@rediffmail.com,Rajkot,2024-05-06
9079,Anand Kapoor,anand.kapoor813@rediffmail.com,Indore,2024-05-07
9080,Rahul Bhatt,rahul.bhatt6412@rediffmail.com,Raipur,2022-12-02
9081,Asha Gupta,asha.gupta688@outlook.com,Thane,2024-08-22
9082,Geeta Bansal,geeta.bansal8610@ymail.com,Srinagar,2022-06-19
9083,Ritu Goyal,ritu.goyal3239@rediffmail.com,Delhi,2023-02-04
9084,Rohini Agarwal,rohini.agarwal9876@yahoo.com,Delhi,2022-04-17
9085,Kunal Bose,kunal.bose6409@yahoo.com,Rajkot,2022-03-23
9086,Nitesh Agarwal,nitesh.agarwal2905@ymail.com,Patna,2024-10-05
9087,Kajal Murthy,kajal.murthy5348@ymail.com,Varanasi,2024-12-07
9088,Shilpa Naik,shilpa.naik8678@rediffmail.com,Lucknow,2022-05-10
9089,Hemant Das,hemant.das7567@yahoo.com,Allahabad,2022-08-29
9090,Vinod Jha,vinod.jha2853@yahoo.com,Jabalpur,2023-03-01
9091,Dev Chopra,dev.chopra9420@outlook.com,Madurai,2022-12-24
9092,Sonali Jain,sonali.jain4194@gmail.com,Ahmedabad,2023-08-31
9093,Ravi Saxena,ravi.saxena4077@rediffmail.com,Raipur,2023-08-29
9094,Nitika Tiwari,nitika.tiwari6027@hotmail.com,Bhopal,2022-06-24
9095,Paras Naik,paras.naik6584@hotmail.com,Faridabad,2023-07-04
9096,Nikhil Naik,nikhil.naik854@gmail.com,Aurangabad,2022-12-22
9097,Shyam Goyal,shyam.goyal7021@yahoo.com,Rajkot,2024-04-21
9098,Reena Yadav,reena.yadav8573@yahoo.com,Aurangabad,2023-12-19
9099,Lata Rao,lata.rao5989@ymail.com,Delhi,2023-07-28
9100,Tarun Chatterjee,tarun.chatterjee5509@rediffmail.com,Bhopal,2024-10-06
9101,Lata Arora,lata.arora224@ymail.com,Dhanbad,2024-08-09
9102,Amit Pillai,amit.pillai9521@gmail.com,Chandigarh,2023-01-21
9103,Asha Malhotra,asha.malhotra2373@gmail.com,Vijayawada,2022-06-09
9104,Sunil Dutta,sunil.dutta5941@rediffmail.com,Guwahati,2024-10-21
9105,Aarav Gupta,aarav.gupta3162@yahoo.com,Bhopal,2022-08-14
9106,Suresh Srivastava,suresh.srivastava6141@ymail.com,Kalyan-Dombivali,2024-05-11
9107,Jayesh Ahuja,jayesh.ahuja1893@gmail.com,Kolkata,2023-10-02
9108,Meena Ahuja,meena.ahuja1485@rediffmail.com,Raipur,2023-02-14
9109,Zara Chatterjee,zara.chatterjee3421@hotmail.com,Kanpur,2022-01-15
9110,Uma Banerjee,uma.banerjee7124@yahoo.com,Kanpur,2024-02-24
9111,Ananya Shah,ananya.shah9291@yahoo.com,Chennai,2024-03-05
9112,Simran Goyal,simran.goyal2138@outlook.com,Rajkot,2023-04-10
9113,Hemant Chawla,hemant.chawla6212@gmail.com,Patna,2022-04-18
9114,Yash Nanda,yash.nanda2559@yahoo.com,Pune,2022-01-16
9115,Anjali Mishra,anjali.mishra1405@ymail.com,Varanasi,2022-09-05
9116,Ritesh Trivedi,ritesh.trivedi9537@hotmail.com,Ludhiana,2024-08-10
9117,Zara Sinha,zara.sinha4097@gmail.com,Agra,2022-08-14
9118,Ritesh Saxena,ritesh.saxena9383@hotmail.com,Delhi,2022-05-31
9119,Reena Sengupta,reena.sengupta191@gmail.com,Hubli,2023-11-13
9120,Megha Tiwari,megha.tiwari7225@yahoo.com,Vijayawada,2024-01-04
9121,Deepak Varma,deepak.varma6836@yahoo.com,Faridabad,2024-01-26
9122,Ansh Mishra,ansh.mishra7082@yahoo.com,Faridabad,2023-01-08
9123,Jayesh Chawla,jayesh.chawla3930@ymail.com,Delhi,2022-11-04
9124,Shikha Desai,shikha.desai8639@outlook.com,Aurangabad,2022-07-20
9125,Ananya Khanna,ananya.khanna6787@hotmail.com,Solapur,2024-05-17
9126,Ajay Das,ajay.das4831@rediffmail.com,Lucknow,2023-01-31
9127,Lata Mukherjee,lata.mukherjee7304@outlook.com,Varanasi,2023-08-12
9128,Ankit Saxena,ankit.saxena4932@rediffmail.com,Bengaluru,2024-01-23
9129,Nisha Bhatt,nisha.bhatt8166@hotmail.com,Nagpur,2022-11-06
9130,Ashok Shukla,ashok.shukla8127@ymail.com,Gwalior,2024-10-07
9131,Shailesh Trivedi,shailesh.trivedi5700@yahoo.com,Rajkot,2022-09-07
9132,Kiran Nair,kiran.nair7612@rediffmail.com,Gwalior,2024-12-09
9133,Reena Varma,reena.varma1890@outlook.com,Chandigarh,2023-05-26
9134,Arjun Mishra,arjun.mishra1735@hotmail.com,Ahmedabad,2022-07-11
9135,Anjali Ghosh,anjali.ghosh2663@ymail.com,Visakhapatnam,2022-08-26
9136,Deepak Gupta,deepak.gupta8205@hotmail.com,Faridabad,2023-09-18
9137,Mihir Malhotra,mihir.malhotra3553@gmail.com,Raipur,2023-02-22
9138,Neeraj Bhatia,neeraj.bhatia7700@ymail.com,Visakhapatnam,2022-07-09
9139,Ram Sengupta,ram.sengupta9@ymail.com,Kalyan-Dombivali,2024-04-03
9140,Reena Jain,reena.jain5084@hotmail.com,Jodhpur,2022-04-20
9141,Priya Joshi,priya.joshi7793@ymail.com,Mumbai,2023-01-29
9142,Jatin Agarwal,jatin.agarwal2003@ymail.com,Kolkata,2024-10-06
9143,Meena Mukherjee,meena.mukherjee1464@outlook.com,Delhi,2024-03-03
9144,Aryan Dubey,aryan.dubey603@gmail.com,Pune,2022-09-15
9145,Neha Dubey,neha.dubey8721@yahoo.com,Kolkata,2024-12-05
9146,Sachin Yadav,sachin.yadav1440@outlook.com,Lucknow,2022-03-02
9147,Isha Jain,isha.jain7703@rediffmail.com,Meerut,2024-01-03
9148,Uday Kumar,uday.kumar4253@gmail.com,Delhi,2022-05-11
9149,Rakesh Bhatia,rakesh.bhatia5197@hotmail.com,Jaipur,2024-03-27
9150,Shiv Bansal,shiv.bansal7172@rediffmail.com,Surat,2023-08-19
9151,Ankita Chawla,ankita.chawla6901@hotmail.com,Indore,2023-07-10
9152,Sonal Sharma,sonal.sharma2827@hotmail.com,Madurai,2022-05-23
9153,Uday Chawla,uday.chawla4153@outlook.com,Ludhiana,2023-08-21
9154,Sanjeev Khanna,sanjeev.khanna7152@yahoo.com,Pimpri-Chinchwad,2024-12-17
9155,Bhaskar Chopra,bhaskar.chopra3750@gmail.com,Jodhpur,2024-05-21
9156,Vivek Mukherjee,vivek.mukherjee4815@yahoo.com,Solapur,2022-05-31
9157,Sunil Bhatt,sunil.bhatt6926@rediffmail.com,Visakhapatnam,2024-03-30
9158,Anil Dutta,anil.dutta8496@rediffmail.com,Nashik,2022-07-20
9159,Sachin Sharma,sachin.sharma5537@rediffmail.com,Surat,2023-05-03
9160,Kabir Chatterjee,kabir.chatterjee6924@outlook.com,Ludhiana,2022-10-28
9161,Anjali Bose,anjali.bose8115@hotmail.com,Vasai-Virar,2023-06-11
9162,Komal Deshpande,komal.deshpande3828@gmail.com,Vasai-Virar,2023-07-08
9163,Ramesh Trivedi,ramesh.trivedi5153@gmail.com,Vasai-Virar,2022-03-11
9164,Sonu Jain,sonu.jain4719@gmail.com,Pune,2023-03-13
9165,Nisha Banerjee,nisha.banerjee1708@yahoo.com,Jodhpur,2023-08-19
9166,Sandeep Kumar,sandeep.kumar3967@ymail.com,Pune,2022-01-25
9167,Om Naik,om.naik9808@ymail.com,Bengaluru,2024-09-17
9168,Pradeep Kumar,pradeep.kumar9448@ymail.com,Solapur,2023-10-20
9169,Neha Sinha,neha.sinha6157@gmail.com,Ahmedabad,2024-12-15
9170,Hemant Agarwal,hemant.agarwal4494@gmail.com,Kota,2023-10-23
9171,Sahil Bose,sahil.bose4560@ymail.com,Patna,2024-09-27
9172,Kedar Yadav,kedar.yadav8165@yahoo.com,Bhopal,2023-07-02
9173,Shanti Dutta,shanti.dutta6081@ymail.com,Jodhpur,2024-08-18
9174,Isha Kumar,isha.kumar9880@outlook.com,Bengaluru,2022-07-12
9175,Santosh Kumar,santosh.kumar8225@hotmail.com,Surat,2024-01-14
9176,Uday Garg,uday.garg1254@ymail.com,Kota,2024-09-17
9177,Sunita Chakraborty,sunita.chakraborty5240@gmail.com,Visakhapatnam,2022-01-09
9178,Sunil Pande,sunil.pande3511@outlook.com,Delhi,2022-06-19
9179,Yogesh Sinha,yogesh.sinha1894@rediffmail.com,Ludhiana,2024-03-25
9180,Rajesh Pande,rajesh.pande7335@hotmail.com,Jodhpur,2022-02-06
9181,Shyam Pillai,shyam.pillai5874@yahoo.com,Howrah,2022-02-13
9182,Komal Singh,komal.singh5805@gmail.com,Jabalpur,2023-12-19
9183,Nitesh Chatterjee,nitesh.chatterjee9348@yahoo.com,Amritsar,2022-05-19
9184,Pooja Goyal,pooja.goyal7323@ymail.com,Surat,2024-03-10
9185,Manish Murthy,manish.murthy814@outlook.com,Indore,2022-12-19
9186,Kajal Bhatia,kajal.bhatia6980@ymail.com,Pune,2022-07-05
9187,Reena Joshi,reena.joshi4414@gmail.com,Kota,2024-02-20
9188,Dev Sinha,dev.sinha7995@rediffmail.com,Jodhpur,2022-02-23
9189,Parul Naik,parul.naik884@outlook.com,Amritsar,2023-02-17
9190,Ansh Srivastava,ansh.srivastava2011@yahoo.com,Madurai,2022-08-30
9191,Nikhil Banerjee,nikhil.banerjee9545@hotmail.com,Jabalpur,2022-10-13
9192,Vinay Nanda,vinay.nanda2434@yahoo.com,Indore,2023-05-10
9193,Ankit Desai,ankit.desai5396@outlook.com,Dhanbad,2024-10-17
9194,Ayesha Joshi,ayesha.joshi38@ymail.com,Guwahati,2023-03-15
9195,Pavan Bose,pavan.bose5637@outlook.com,Ahmedabad,2024-05-19
9196,Dev Sharma,dev.sharma7545@ymail.com,Ahmedabad,2023-06-19
9197,Ansh Deshpande,ansh.deshpande4576@yahoo.com,Dhanbad,2024-10-09
9198,Gaurav Choudhary,gaurav.choudhary3303@hotmail.com,Jodhpur,2024-10-04
9199,Hemant Sharma,hemant.sharma8030@hotmail.com,Kanpur,2022-07-27
9200,Sapna Sengupta,sapna.sengupta5072@ymail.com,Surat,2022-01-25
9201,Ritesh Ghosh,ritesh.ghosh3034@gmail.com,Varanasi,2023-05-04
9202,Vivek Mishra,vivek.mishra4275@gmail.com,Faridabad,2024-11-06
9203,Nikhil Bhatia,nikhil.bhatia4711@yahoo.com,Agra,2022-04-14
9204,Vikas Saxena,vikas.saxena5396@rediffmail.com,Jaipur,2023-11-07
9205,Heena Chakraborty,heena.chakraborty36@rediffmail.com,Faridabad,2024-01-06
9206,Shailesh Bose,shailesh.bose8969@outlook.com,Dhanbad,2023-04-04
9207,Manish Gupta,manish.gupta2985@outlook.com,Indore,2024-07-31
9208,Ramesh Joshi,ramesh.joshi7436@yahoo.com,Thane,2024-12-02
9209,Shiv Rao,shiv.rao1631@outlook.com,Raipur,2022-05-27
9210,Ashok Patel,ashok.patel2435@gmail.com,Bhopal,2023-10-19
9211,Aryan Chauhan,aryan.chauhan1207@yahoo.com,Jodhpur,2023-03-01
9212,Ananya Chauhan,ananya.chauhan482@outlook.com,Agra,2023-01-20
9213,Lokesh Srivastava,lokesh.srivastava727@yahoo.com,Visakhapatnam,2024-04-09
9214,Ram Goyal,ram.goyal8607@hotmail.com,Guwahati,2022-08-01
9215,Deepika Dubey,deepika.dubey2285@ymail.com,Jaipur,2023-01-07
9216,Hemant Bose,hemant.bose2788@gmail.com,Ranchi,2024-09-18
9217,Sudhir Garg,sudhir.garg8581@hotmail.com,Guwahati,2024-08-29
9218,Anil Tiwari,anil.tiwari9430@hotmail.com,Indore,2022-08-03
9219,Isha Mishra,isha.mishra196@rediffmail.com,Nashik,2024-06-19
9220,Pavan Dubey,pavan.dubey7860@rediffmail.com,Lucknow,2022-09-11
9221,Heena Chawla,heena.chawla6951@ymail.com,Ranchi,2023-01-16
9222,Ayesha Kaur,ayesha.kaur887@rediffmail.com,Mumbai,2023-03-05
9223,Neha Bhatia,neha.bhatia6102@gmail.com,Gwalior,2023-04-20
9224,Ankita Banerjee,ankita.banerjee7359@rediffmail.com,Vadodara,2023-07-07
9225,Shilpa Pathak,shilpa.pathak8921@rediffmail.com,Bareilly,2023-05-20
9226,Priya Agarwal,priya.agarwal3234@outlook.com,Vijayawada,2023-07-24
9227,Sanjay Malhotra,sanjay.malhotra3790@rediffmail.com,Ahmedabad,2022-07-16
9228,Heena Trivedi,heena.trivedi3423@outlook.com,Hyderabad,2023-05-28
9229,Ram Goyal,ram.goyal6483@yahoo.com,Vadodara,2024-01-21
9230,Kiran Iyer,kiran.iyer511@outlook.com,Dhanbad,2022-02-01
9231,Aditya Jain,aditya.jain3812@hotmail.com,Ludhiana,2024-11-05
9232,Pavan Chopra,pavan.chopra3350@hotmail.com,Ranchi,2022-07-27
9233,Santosh Chawla,santosh.chawla8376@gmail.com,Madurai,2023-01-02
9234,Rakesh Reddy,rakesh.reddy3807@rediffmail.com,Ludhiana,2022-04-29
9235,Suresh Banerjee,suresh.banerjee2233@ymail.com,Allahabad,2023-07-29
9236,Nitika Mishra,nitika.mishra9693@rediffmail.com,Hubli,2022-12-06
9237,Kunal Murthy,kunal.murthy7968@ymail.com,Nashik,2023-03-25
9238,Nilesh Bhatia,nilesh.bhatia6081@outlook.com,Bareilly,2023-08-27
9239,Arjun Jain,arjun.jain3848@yahoo.com,Solapur,2022-03-10
9240,Neha Tiwari,neha.tiwari265@outlook.com,Kalyan-Dombivali,2024-05-02
9241,Seema Sengupta,seema.sengupta8085@gmail.com,Jodhpur,2024-04-02
9242,Harish Srivastava,harish.srivastava3817@gmail.com,Pune,2022-05-22
9243,Shilpa Kumar,shilpa.kumar1529@gmail.com,Coimbatore,2023-11-12
9244,Kunal Sinha,kunal.sinha3609@gmail.com,Jabalpur,2023-05-17
9245,Nitika Dubey,nitika.dubey1870@yahoo.com,Visakhapatnam,2022-04-27
9246,Hemant Modi,hemant.modi8076@rediffmail.com,Chennai,2024-08-13
9247,Aditya Tiwari,aditya.tiwari3522@outlook.com,Howrah,2023-03-09
9248,Akash Kulkarni,akash.kulkarni1598@rediffmail.com,Coimbatore,2022-10-08
9249,Vinay Bansal,vinay.bansal239@hotmail.com,Faridabad,2024-11-25
9250,Ashok Arora,ashok.arora7813@yahoo.com,Pune,2024-03-12
9251,Divya Yadav,divya.yadav4429@outlook.com,Kota,2023-09-04
9252,Ashok Iyer,ashok.iyer7072@rediffmail.com,Pimpri-Chinchwad,2024-09-06
9253,Isha Choudhary,isha.choudhary5902@hotmail.com,Hyderabad,2024-05-19
9254,Krishna Yadav,krishna.yadav2203@rediffmail.com,Madurai,2022-02-19
9255,Krishna Shukla,krishna.shukla3586@outlook.com,Varanasi,2022-09-03
9256,Ashok Ahuja,ashok.ahuja7378@yahoo.com,Solapur,2022-03-12
9257,Rohini Joshi,rohini.joshi7811@rediffmail.com,Madurai,2022-02-16
9258,Uma Dutta,uma.dutta5141@ymail.com,Kota,2023-10-20
9259,Aditya Chatterjee,aditya.chatterjee8801@gmail.com,Howrah,2024-04-28
9260,Priya Chakraborty,priya.chakraborty4310@hotmail.com,Ludhiana,2024-06-10
9261,Komal Shukla,komal.shukla7319@ymail.com,Kota,2022-06-12
9262,Tanvi Singh,tanvi.singh7328@hotmail.com,Patna,2023-01-15
9263,Amit Jain,amit.jain4265@gmail.com,Vijayawada,2024-01-11
9264,Yash Bhatt,yash.bhatt6061@ymail.com,Madurai,2023-10-30
9265,Mihir Mishra,mihir.mishra4598@gmail.com,Howrah,2022-12-23
9266,Ananya Chawla,ananya.chawla6449@ymail.com,Dhanbad,2023-10-10
9267,Reena Sinha,reena.sinha9778@ymail.com,Bhopal,2022-03-14
9268,Ritu Ahuja,ritu.ahuja1173@yahoo.com,Visakhapatnam,2022-06-10
9269,Kavita Chakraborty,kavita.chakraborty546@hotmail.com,Solapur,2022-04-17
9270,Mahesh Rao,mahesh.rao7844@gmail.com,Howrah,2022-05-28
9271,Uday Ghosh,uday.ghosh4453@outlook.com,Nashik,2023-09-26
9272,Pavan Ghosh,pavan.ghosh92@gmail.com,Mumbai,2022-03-24
9273,Vinod Gupta,vinod.gupta613@gmail.com,Patna,2024-04-24
9274,Jatin Bose,jatin.bose5879@hotmail.com,Gwalior,2024-08-04
9275,Mahesh Nair,mahesh.nair3458@hotmail.com,Chandigarh,2025-01-01
9276,Suresh Malhotra,suresh.malhotra5751@yahoo.com,Faridabad,2024-04-12
9277,Ajay Gupta,ajay.gupta9038@rediffmail.com,Jabalpur,2022-10-18
9278,Vikas Gupta,vikas.gupta6494@outlook.com,Jaipur,2023-10-10
9279,Neeraj Kumar,neeraj.kumar992@gmail.com,Nagpur,2024-12-22
9280,Amitabh Sharma,amitabh.sharma7709@rediffmail.com,Agra,2022-06-12
9281,Ansh Murthy,ansh.murthy1837@yahoo.com,Madurai,2022-08-07
9282,Sunil Verma,sunil.verma6293@hotmail.com,Kanpur,2024-02-03
9283,Anil Nanda,anil.nanda1926@hotmail.com,Howrah,2023-11-07
9284,Ritesh Ahuja,ritesh.ahuja5051@yahoo.com,Pune,2023-11-24
9285,Ajay Malhotra,ajay.malhotra1158@outlook.com,Visakhapatnam,2022-05-26
9286,Sachin Kumar,sachin.kumar4498@outlook.com,Aurangabad,2024-03-04
9287,Vinay Deshpande,vinay.deshpande1664@ymail.com,Bengaluru,2023-04-14
9288,Sonu Verma,sonu.verma2561@ymail.com,Bhopal,2022-09-07
9289,Ramesh Mehta,ramesh.mehta6587@outlook.com,Hyderabad,2022-11-29
9290,Lata Iyer,lata.iyer6157@gmail.com,Kalyan-Dombivali,2024-11-10
9291,Jatin Chatterjee,jatin.chatterjee4793@hotmail.com,Meerut,2024-05-08
9292,Kajal Kapoor,kajal.kapoor8276@rediffmail.com,Hubli,2023-01-04
9293,Jatin Shah,jatin.shah5052@gmail.com,Madurai,2023-04-12
9294,Divya Murthy,divya.murthy1103@gmail.com,Bhopal,2024-06-28
9295,Sachin Chopra,sachin.chopra4455@ymail.com,Raipur,2023-07-26
9296,Sonali Modi,sonali.modi9760@ymail.com,Lucknow,2024-07-26
9297,Simran Shukla,simran.shukla5319@rediffmail.com,Kolkata,2023-06-30
9298,Zara Yadav,zara.yadav4905@rediffmail.com,Howrah,2023-09-19
9299,Ajay Mukherjee,ajay.mukherjee82@rediffmail.com,Madurai,2023-09-26
9300,Mahesh Jha,mahesh.jha8920@hotmail.com,Rajkot,2023-04-26
9301,Vinay Trivedi,vinay.trivedi9504@yahoo.com,Jodhpur,2023-08-16
9302,Rajesh Sinha,rajesh.sinha8244@outlook.com,Ranchi,2022-02-07
9303,Sandeep Mishra,sandeep.mishra3997@outlook.com,Rajkot,2024-09-04
9304,Mihir Varma,mihir.varma4173@rediffmail.com,Aurangabad,2023-02-26
9305,Neha Nair,neha.nair742@hotmail.com,Bhopal,2023-07-16
9306,Varun Choudhary,varun.choudhary5745@gmail.com,Howrah,2022-07-24
9307,Varun Naik,varun.naik7448@gmail.com,Vasai-Virar,2022-09-17
9308,Uma Naik,uma.naik9366@outlook.com,Vadodara,2024-06-23
9309,Mukesh Varma,mukesh.varma7500@outlook.com,Vasai-Virar,2024-03-30
9310,Sneha Bansal,sneha.bansal1338@rediffmail.com,Ahmedabad,2023-01-24
9311,Vivek Kapoor,vivek.kapoor2682@outlook.com,Visakhapatnam,2022-09-16
9312,Kunal Pande,kunal.pande3451@gmail.com,Varanasi,2024-06-10
9313,Vikas Patel,vikas.patel8131@gmail.com,Navi Mumbai,2023-12-29
9314,Mihir Srivastava,mihir.srivastava7332@hotmail.com,Howrah,2022-08-28
9315,Akash Rao,akash.rao6141@ymail.com,Vasai-Virar,2023-03-12
9316,Sunil Sengupta,sunil.sengupta9687@ymail.com,Madurai,2024-05-01
9317,Nitika Arora,nitika.arora4965@hotmail.com,Varanasi,2024-09-04
9318,Nitesh Chatterjee,nitesh.chatterjee1819@hotmail.com,Bengaluru,2023-12-29
9319,Suresh Malhotra,suresh.malhotra7669@gmail.com,Jaipur,2024-01-18
9320,Simran Ahuja,simran.ahuja1402@hotmail.com,Faridabad,2023-08-01
9321,Jatin Pillai,jatin.pillai4624@gmail.com,Vijayawada,2023-10-19
9322,Nikhil Varma,nikhil.varma5305@yahoo.com,Faridabad,2024-03-08
9323,Sachin Dubey,sachin.dubey8039@hotmail.com,Pimpri-Chinchwad,2023-07-06
9324,Lalit Jha,lalit.jha5519@ymail.com,Madurai,2024-08-27
9325,Mahesh Yadav,mahesh.yadav6718@yahoo.com,Bhopal,2023-11-24
9326,Shailesh Goyal,shailesh.goyal3011@gmail.com,Guwahati,2023-11-15
9327,Akash Pande,akash.pande5595@yahoo.com,Bareilly,2022-01-21
9328,Seema Malhotra,seema.malhotra2631@outlook.com,Chandigarh,2024-08-20
9329,Ashok Nair,ashok.nair2342@outlook.com,Meerut,2023-11-01
9330,Sapna Murthy,sapna.murthy9115@outlook.com,Hyderabad,2023-07-13
9331,Uday Chakraborty,uday.chakraborty2582@ymail.com,Jodhpur,2024-05-23
9332,Swati Khanna,swati.khanna375@yahoo.com,Kalyan-Dombivali,2024-05-17
9333,Suresh Pillai,suresh.pillai8853@gmail.com,Vijayawada,2023-01-19
9334,Sonu Mehta,sonu.mehta7130@ymail.com,Vadodara,2023-06-26
9335,Priya Desai,priya.desai9832@hotmail.com,Nagpur,2024-01-09
9336,Amitabh Bansal,amitabh.bansal7897@rediffmail.com,Rajkot,2022-07-30
9337,Mukesh Joshi,mukesh.joshi3669@outlook.com,Dhanbad,2024-08-14
9338,Seema Nair,seema.nair4196@yahoo.com,Pimpri-Chinchwad,2024-10-02
9339,Aryan Kulkarni,aryan.kulkarni4718@rediffmail.com,Chennai,2022-08-17
9340,Mahesh Deshpande,mahesh.deshpande7018@rediffmail.com,Agra,2022-02-14
9341,Varun Yadav,varun.yadav7713@yahoo.com,Agra,2022-12-27
9342,Lakshmi Arora,lakshmi.arora1624@outlook.com,Jabalpur,2022-06-01
9343,Lakshmi Kumar,lakshmi.kumar7806@rediffmail.com,Hyderabad,2024-09-10
9344,Rohini Murthy,rohini.murthy2326@yahoo.com,Hyderabad,2024-09-06
9345,Santosh Arora,santosh.arora347@rediffmail.com,Chennai,2023-02-07
9346,Harish Srivastava,harish.srivastava5045@ymail.com,Coimbatore,2022-02-07
9347,Bhaskar Dubey,bhaskar.dubey7870@hotmail.com,Thane,2022-12-31
9348,Tarun Kumar,tarun.kumar9408@ymail.com,Kanpur,2023-07-25
9349,Rohini Gupta,rohini.gupta1601@rediffmail.com,Mumbai,2022-07-04
9350,Shanti Kaur,shanti.kaur9458@ymail.com,Nashik,2022-08-30
9351,Ashish Reddy,ashish.reddy2860@rediffmail.com,Vadodara,2024-05-11
9352,Yash Ghosh,yash.ghosh646@yahoo.com,Chennai,2022-08-08
9353,Priya Choudhary,priya.choudhary9066@outlook.com,Jabalpur,2022-07-13
9354,Jayesh Kumar,jayesh.kumar5853@rediffmail.com,Nashik,2022-07-16
9355,Ankit Reddy,ankit.reddy2378@gmail.com,Nagpur,2023-04-18
9356,Rakesh Verma,rakesh.verma976@hotmail.com,Jabalpur,2024-02-28
9357,Mukesh Shah,mukesh.shah7090@ymail.com,Coimbatore,2023-06-04
9358,Chandra Dubey,chandra.dubey9404@hotmail.com,Nagpur,2023-03-02
9359,Shiv Mishra,shiv.mishra5854@ymail.com,Solapur,2023-08-11
9360,Vinod Das,vinod.das8682@rediffmail.com,Vadodara,2024-02-28
9361,Isha Mishra,isha.mishra7854@yahoo.com,Vadodara,2023-10-27
9362,Ananya Sinha,ananya.sinha3992@gmail.com,Chandigarh,2023-01-03
9363,Vikram Malhotra,vikram.malhotra7781@yahoo.com,Raipur,2022-06-12
9364,Nikhil Pande,nikhil.pande3349@gmail.com,Rajkot,2022-11-21
9365,Lalit Arora,lalit.arora5407@hotmail.com,Nagpur,2022-11-20
9366,Mohan Malhotra,mohan.malhotra9935@yahoo.com,Pimpri-Chinchwad,2023-09-18
9367,Sapna Tiwari,sapna.tiwari8373@yahoo.com,Kota,2024-08-12
9368,Bhaskar Khanna,bhaskar.khanna9149@ymail.com,Srinagar,2024-09-25
9369,Ravi Mukherjee,ravi.mukherjee3942@ymail.com,Amritsar,2024-12-14
9370,Rakesh Yadav,rakesh.yadav4398@rediffmail.com,Kolkata,2022-12-18
9371,Varun Nair,varun.nair7147@outlook.com,Lucknow,2024-11-03
9372,Nitika Mishra,nitika.mishra4213@outlook.com,Allahabad,2024-02-25
9373,Zara Pillai,zara.pillai1368@gmail.com,Patna,2022-02-06
9374,Neeraj Kaur,neeraj.kaur2710@rediffmail.com,Meerut,2024-02-20
9375,Kiran Desai,kiran.desai4616@gmail.com,Solapur,2023-10-11
9376,Nitika Dutta,nitika.dutta1218@ymail.com,Amritsar,2022-04-13
9377,Bhaskar Ahuja,bhaskar.ahuja4681@gmail.com,Visakhapatnam,2022-06-08
9378,Shikha Sengupta,shikha.sengupta131@outlook.com,Pune,2022-05-22
9379,Ayesha Pathak,ayesha.pathak4585@yahoo.com,Kota,2023-05-24
9380,Nikhil Bansal,nikhil.bansal2950@outlook.com,Faridabad,2024-06-15
9381,Pooja Banerjee,pooja.banerjee1634@hotmail.com,Gwalior,2024-03-21
9382,Heena Varma,heena.varma5859@hotmail.com,Delhi,2022-06-11
9383,Ramesh Dubey,ramesh.dubey6063@yahoo.com,Chennai,2022-06-12
9384,Akash Mukherjee,akash.mukherjee1865@ymail.com,Ludhiana,2024-11-12
9385,Kavita Kapoor,kavita.kapoor6483@outlook.com,Thane,2022-07-07
9386,Swati Dutta,swati.dutta7818@gmail.com,Kota,2022-04-05
9387,Shiv Sharma,shiv.sharma1075@ymail.com,Kota,2024-08-02
9388,Kabir Pande,kabir.pande3123@gmail.com,Varanasi,2024-01-07
9389,Mihir Ahuja,mihir.ahuja8187@yahoo.com,Mumbai,2023-01-14
9390,Aryan Shukla,aryan.shukla7296@yahoo.com,Srinagar,2023-03-13
9391,Ishaan Yadav,ishaan.yadav9758@outlook.com,Vijayawada,2022-04-01
9392,Ankit Yadav,ankit.yadav94@gmail.com,Madurai,2023-08-16
9393,Rakesh Das,rakesh.das6779@yahoo.com,Chennai,2022-11-20
9394,Zara Chakraborty,zara.chakraborty2610@ymail.com,Raipur,2023-06-19
9395,Aditya Agarwal,aditya.agarwal6815@gmail.com,Indore,2024-12-09
9396,Madhav Jha,madhav.jha4423@ymail.com,Coimbatore,2024-05-23
9397,Ritu Khanna,ritu.khanna869@yahoo.com,Jodhpur,2023-10-04
9398,Varun Bhatt,varun.bhatt4438@yahoo.com,Agra,2022-03-26
9399,Tarun Goyal,tarun.goyal7717@gmail.com,Chennai,2022-03-05
9400,Sudhir Arora,sudhir.arora4962@hotmail.com,Hyderabad,2022-06-19
9401,Vivek Jain,vivek.jain3972@gmail.com,Guwahati,2022-08-19
9402,Ram Jain,ram.jain6660@gmail.com,Surat,2024-09-13
9403,Meena Pathak,meena.pathak3122@ymail.com,Pimpri-Chinchwad,2024-10-09
9404,Nitika Pathak,nitika.pathak7161@outlook.com,Hyderabad,2023-11-02
9405,Jatin Chatterjee,jatin.chatterjee8232@hotmail.com,Meerut,2022-11-03
9406,Kiran Mishra,kiran.mishra5734@gmail.com,Pimpri-Chinchwad,2022-12-13
9407,Dev Iyer,dev.iyer6566@hotmail.com,Hubli,2022-04-27
9408,Mahesh Patel,mahesh.patel4317@ymail.com,Solapur,2024-10-21
9409,Mihir Srivastava,mihir.srivastava1797@ymail.com,Hubli,2024-10-04
9410,Kunal Bose,kunal.bose4225@gmail.com,Solapur,2024-11-27
9411,Deepak Modi,deepak.modi8176@gmail.com,Ahmedabad,2023-09-07
9412,Rajesh Nanda,rajesh.nanda1592@outlook.com,Hyderabad,2024-01-26
9413,Rajesh Ahuja,rajesh.ahuja1240@rediffmail.com,Dhanbad,2023-11-08
9414,Lalit Chatterjee,lalit.chatterjee8030@gmail.com,Ranchi,2022-12-15
9415,Meena Modi,meena.modi8986@outlook.com,Ludhiana,2022-04-06
9416,Jayesh Goyal,jayesh.goyal4747@gmail.com,Vadodara,2023-07-26
9417,Simran Chopra,simran.chopra4270@yahoo.com,Solapur,2024-04-08
9418,Om Trivedi,om.trivedi308@rediffmail.com,Allahabad,2022-05-05
9419,Shanti Joshi,shanti.joshi715@gmail.com,Agra,2022-09-11
9420,Hemant Malhotra,hemant.malhotra8386@ymail.com,Kalyan-Dombivali,2022-12-29
9421,Megha Murthy,megha.murthy4130@rediffmail.com,Varanasi,2022-03-30
9422,Karan Choudhary,karan.choudhary4175@gmail.com,Kalyan-Dombivali,2024-10-31
9423,Asha Gupta,asha.gupta2456@gmail.com,Varanasi,2024-02-22
9424,Sanjeev Naik,sanjeev.naik1288@outlook.com,Jodhpur,2022-01-22
9425,Amitabh Kumar,amitabh.kumar8764@gmail.com,Visakhapatnam,2023-03-27
9426,Mohan Kapoor,mohan.kapoor9450@outlook.com,Surat,2023-04-08
9427,Reena Sinha,reena.sinha7660@outlook.com,Kalyan-Dombivali,2022-08-03
9428,Seema Bansal,seema.bansal5127@hotmail.com,Ahmedabad,2024-07-29
9429,Sudhir Bhatt,sudhir.bhatt5283@gmail.com,Delhi,2024-10-09
9430,Mukesh Agarwal,mukesh.agarwal1317@ymail.com,Srinagar,2023-12-14
9431,Sneha Chawla,sneha.chawla8797@gmail.com,Mumbai,2024-07-08
9432,Yogesh Mishra,yogesh.mishra9071@hotmail.com,Kanpur,2024-11-04
9433,Kajal Kapoor,kajal.kapoor5941@outlook.com,Vasai-Virar,2022-07-30
9434,Pooja Rao,pooja.rao7011@outlook.com,Aurangabad,2022-04-04
9435,Mukesh Kumar,mukesh.kumar7998@yahoo.com,Kota,2022-07-09
9436,Ritesh Singh,ritesh.singh2611@yahoo.com,Ranchi,2023-04-22
9437,Kavita Patel,kavita.patel1923@hotmail.com,Indore,2022-01-22
9438,Sahil Patel,sahil.patel2475@gmail.com,Faridabad,2022-11-21
9439,Neha Desai,neha.desai5957@rediffmail.com,Dhanbad,2024-12-31
9440,Heena Deshpande,heena.deshpande6928@outlook.com,Pimpri-Chinchwad,2022-04-22
9441,Vivek Nair,vivek.nair9441@gmail.com,Lucknow,2022-04-03
9442,Lakshmi Patel,lakshmi.patel9569@hotmail.com,Patna,2024-08-10
9443,Sachin Mukherjee,sachin.mukherjee6408@rediffmail.com,Solapur,2024-12-28
9444,Vikas Naik,vikas.naik480@gmail.com,Kanpur,2022-12-05
9445,Kunal Srivastava,kunal.srivastava6636@yahoo.com,Hyderabad,2024-12-25
9446,Harish Kulkarni,harish.kulkarni1574@ymail.com,Mumbai,2022-03-20
9447,Chandra Joshi,chandra.joshi8043@ymail.com,Bengaluru,2022-05-24
9448,Uma Khanna,uma.khanna2760@ymail.com,Hyderabad,2024-03-26
9449,Shilpa Garg,shilpa.garg7499@gmail.com,Thane,2024-02-01
9450,Ritu Jha,ritu.jha5763@rediffmail.com,Pune,2023-10-14
9451,Ashish Khanna,ashish.khanna7179@outlook.com,Hubli,2022-06-07
9452,Mukesh Shukla,mukesh.shukla6773@yahoo.com,Howrah,2024-04-11
9453,Vinay Varma,vinay.varma5689@rediffmail.com,Rajkot,2023-01-30
9454,Mahesh Bose,mahesh.bose891@yahoo.com,Bareilly,2024-01-07
9455,Isha Chakraborty,isha.chakraborty6156@rediffmail.com,Dhanbad,2023-01-21
9456,Ritu Choudhary,ritu.choudhary994@rediffmail.com,Surat,2022-12-31
9457,Komal Chakraborty,komal.chakraborty4521@hotmail.com,Bengaluru,2022-02-10
9458,Mahesh Pillai,mahesh.pillai4395@gmail.com,Gwalior,2024-06-18
9459,Rajesh Varma,rajesh.varma7588@yahoo.com,Jodhpur,2024-10-16
9460,Yogesh Chauhan,yogesh.chauhan8779@yahoo.com,Vijayawada,2023-08-12
9461,Vivek Chawla,vivek.chawla917@gmail.com,Vijayawada,2022-01-10
9462,Mukesh Kaur,mukesh.kaur5286@rediffmail.com,Patna,2024-11-21
9463,Kajal Garg,kajal.garg9234@yahoo.com,Delhi,2022-01-12
9464,Kabir Kumar,kabir.kumar1016@yahoo.com,Kota,2023-10-04
9465,Uday Reddy,uday.reddy6785@gmail.com,Guwahati,2024-12-28
9466,Ritesh Sharma,ritesh.sharma8135@gmail.com,Meerut,2023-07-20
9467,Rakesh Chakraborty,rakesh.chakraborty4014@outlook.com,Faridabad,2022-01-11
9468,Kajal Gupta,kajal.gupta7660@rediffmail.com,Hyderabad,2023-10-07
9469,Simran Nanda,simran.nanda3975@gmail.com,Visakhapatnam,2024-08-20
9470,Aditya Chopra,aditya.chopra8005@ymail.com,Navi Mumbai,2022-02-18
9471,Deepak Bose,deepak.bose7463@outlook.com,Visakhapatnam,2024-01-25
9472,Asha Deshpande,asha.deshpande72@ymail.com,Bareilly,2022-04-08
9473,Komal Chatterjee,komal.chatterjee819@gmail.com,Gwalior,2023-11-03
9474,Zara Modi,zara.modi5381@hotmail.com,Aurangabad,2023-03-06
9475,Yash Naik,yash.naik8323@gmail.com,Allahabad,2023-08-03
9476,Divya Modi,divya.modi5038@gmail.com,Meerut,2022-11-24
9477,Parul Das,parul.das8215@hotmail.com,Mumbai,2024-06-29
9478,Deepak Joshi,deepak.joshi5157@yahoo.com,Kanpur,2022-01-27
9479,Lokesh Sharma,lokesh.sharma2295@rediffmail.com,Faridabad,2022-05-30
9480,Kiran Yadav,kiran.yadav6059@gmail.com,Ahmedabad,2023-01-22
9481,Krishna Das,krishna.das4144@outlook.com,Kolkata,2022-07-08
9482,Sunita Malhotra,sunita.malhotra9059@rediffmail.com,Aurangabad,2023-12-09
9483,Aditya Singh,aditya.singh5922@gmail.com,Indore,2022-09-04
9484,Vinay Nair,vinay.nair4379@gmail.com,Amritsar,2022-02-20
9485,Lalit Sinha,lalit.sinha1517@hotmail.com,Pune,2022-09-18
9486,Ajay Shukla,ajay.shukla54@outlook.com,Visakhapatnam,2022-03-27
9487,Kabir Sinha,kabir.sinha6123@gmail.com,Agra,2024-05-26
9488,Ramesh Pathak,ramesh.pathak3488@yahoo.com,Bareilly,2022-11-12
9489,Nisha Kulkarni,nisha.kulkarni2383@outlook.com,Ranchi,2023-06-28
9490,Neha Dutta,neha.dutta8372@outlook.com,Gwalior,2023-02-20
9491,Amitabh Pande,amitabh.pande2472@ymail.com,Faridabad,2022-12-31
9492,Uma Dubey,uma.dubey9876@gmail.com,Meerut,2022-04-15
9493,Lata Kulkarni,lata.kulkarni3256@outlook.com,Bengaluru,2024-06-17
9494,Ankit Choudhary,ankit.choudhary4943@gmail.com,Indore,2024-09-04
9495,Girish Pillai,girish.pillai4868@rediffmail.com,Kolkata,2022-10-08
9496,Sandeep Jain,sandeep.jain8769@gmail.com,Howrah,2023-03-31
9497,Vivek Kumar,vivek.kumar6380@rediffmail.com,Patna,2023-01-24
9498,Mukesh Iyer,mukesh.iyer3401@outlook.com,Nashik,2023-02-04
9499,Ankit Saxena,ankit.saxena5018@ymail.com,Ludhiana,2023-07-28
9500,Lokesh Kulkarni,lokesh.kulkarni9043@gmail.com,Faridabad,2022-03-06
9501,Sneha Naik,sneha.naik9563@hotmail.com,Pune,2023-08-25
9502,Madhav Sharma,madhav.sharma3813@ymail.com,Pune,2024-12-29
9503,Neha Pillai,neha.pillai9021@rediffmail.com,Aurangabad,2024-04-21
9504,Sonu Dutta,sonu.dutta3930@ymail.com,Hubli,2022-04-05
9505,Ashok Deshpande,ashok.deshpande129@hotmail.com,Surat,2023-03-07
9506,Ishaan Verma,ishaan.verma3638@ymail.com,Navi Mumbai,2024-12-11
9507,Sachin Srivastava,sachin.srivastava3921@gmail.com,Madurai,2024-03-02
9508,Aarav Tiwari,aarav.tiwari2379@hotmail.com,Delhi,2022-11-11
9509,Om Ahuja,om.ahuja4236@gmail.com,Delhi,2023-09-28
9510,Isha Tiwari,isha.tiwari8951@outlook.com,Meerut,2024-05-28
9511,Parul Iyer,parul.iyer7657@gmail.com,Dhanbad,2022-11-09
9512,Mahesh Arora,mahesh.arora2625@outlook.com,Ludhiana,2024-09-03
9513,Shruti Murthy,shruti.murthy9929@outlook.com,Vasai-Virar,2023-02-19
9514,Megha Murthy,megha.murthy475@hotmail.com,Indore,2024-09-21
9515,Gaurav Nair,gaurav.nair949@rediffmail.com,Bareilly,2024-12-12
9516,Bhaskar Deshpande,bhaskar.deshpande3112@gmail.com,Howrah,2024-07-31
9517,Akash Bhatt,akash.bhatt9974@rediffmail.com,Allahabad,2022-12-14
9518,Karan Mehta,karan.mehta8192@gmail.com,Vijayawada,2024-08-13
9519,Lata Chauhan,lata.chauhan8580@ymail.com,Rajkot,2022-10-11
9520,Aryan Agarwal,aryan.agarwal9232@rediffmail.com,Madurai,2024-04-27
9521,Uday Deshpande,uday.deshpande6616@outlook.com,Navi Mumbai,2022-12-23
9522,Paras Reddy,paras.reddy1115@outlook.com,Allahabad,2024-03-04
9523,Aditya Agarwal,aditya.agarwal6200@outlook.com,Amritsar,2024-12-08
9524,Anjali Mukherjee,anjali.mukherjee2616@outlook.com,Coimbatore,2022-04-07
9525,Kedar Singh,kedar.singh2678@hotmail.com,Lucknow,2023-06-30
9526,Madhav Jain,madhav.jain8251@gmail.com,Vasai-Virar,2022-06-03
9527,Sapna Malhotra,sapna.malhotra9778@yahoo.com,Lucknow,2023-08-08
9528,Arjun Saxena,arjun.saxena9989@outlook.com,Jabalpur,2024-06-25
9529,Aditya Dubey,aditya.dubey2021@gmail.com,Ranchi,2022-05-08
9530,Pooja Dubey,pooja.dubey4332@rediffmail.com,Chandigarh,2022-01-09
9531,Rohini Naik,rohini.naik5665@ymail.com,Visakhapatnam,2023-06-12
9532,Yogesh Nair,yogesh.nair7472@rediffmail.com,Howrah,2022-04-02
9533,Swati Varma,swati.varma4452@rediffmail.com,Bhopal,2023-01-30
9534,Jatin Kulkarni,jatin.kulkarni5216@rediffmail.com,Meerut,2024-07-26
9535,Zara Sinha,zara.sinha2220@outlook.com,Hyderabad,2023-01-10
9536,Arjun Dubey,arjun.dubey1151@ymail.com,Amritsar,2022-03-02
9537,Mohan Shukla,mohan.shukla6923@ymail.com,Chandigarh,2024-04-29
9538,Kavita Bansal,kavita.bansal5246@ymail.com,Jabalpur,2024-09-02
9539,Sahil Shah,sahil.shah4976@yahoo.com,Vijayawada,2022-02-19
9540,Pooja Modi,pooja.modi9106@gmail.com,Kota,2023-03-10
9541,Neeraj Nair,neeraj.nair2835@ymail.com,Bareilly,2023-11-16
9542,Shikha Banerjee,shikha.banerjee3952@outlook.com,Pune,2022-09-17
9543,Mihir Sinha,mihir.sinha8617@rediffmail.com,Dhanbad,2022-02-17
9544,Kajal Sengupta,kajal.sengupta1316@hotmail.com,Ludhiana,2024-09-23
9545,Priya Rao,priya.rao1613@yahoo.com,Vijayawada,2024-06-19
9546,Geeta Shukla,geeta.shukla1276@hotmail.com,Lucknow,2022-09-02
9547,Uday Mishra,uday.mishra5542@outlook.com,Jaipur,2023-07-08
9548,Nitesh Pathak,nitesh.pathak9868@hotmail.com,Chandigarh,2023-06-01
9549,Isha Deshpande,isha.deshpande1823@outlook.com,Allahabad,2022-11-22
9550,Neha Dutta,neha.dutta640@hotmail.com,Jodhpur,2024-09-05
9551,Megha Kumar,megha.kumar2210@gmail.com,Navi Mumbai,2023-09-25
9552,Tanvi Agarwal,tanvi.agarwal7218@rediffmail.com,Pimpri-Chinchwad,2024-04-01
9553,Jatin Sengupta,jatin.sengupta223@gmail.com,Agra,2024-06-24
9554,Neha Gupta,neha.gupta6657@outlook.com,Jaipur,2022-08-28
9555,Reena Pillai,reena.pillai7960@rediffmail.com,Madurai,2023-10-11
9556,Uday Kumar,uday.kumar5619@ymail.com,Jaipur,2023-10-10
9557,Yash Jha,yash.jha4927@yahoo.com,Visakhapatnam,2023-11-16
9558,Rajesh Trivedi,rajesh.trivedi6913@outlook.com,Srinagar,2022-12-24
9559,Rohan Desai,rohan.desai9381@rediffmail.com,Hyderabad,2024-08-06
9560,Deepak Chopra,deepak.chopra6882@outlook.com,Gwalior,2023-07-10
9561,Amitabh Kumar,amitabh.kumar385@gmail.com,Ludhiana,2023-06-17
9562,Aryan Dutta,aryan.dutta8467@yahoo.com,Varanasi,2023-04-23
9563,Rajesh Kulkarni,rajesh.kulkarni8808@rediffmail.com,Indore,2023-04-30
9564,Rohan Chopra,rohan.chopra3325@rediffmail.com,Madurai,2024-12-10
9565,Mahesh Chopra,mahesh.chopra2542@hotmail.com,Jodhpur,2023-06-02
9566,Mohan Reddy,mohan.reddy8209@ymail.com,Kalyan-Dombivali,2023-01-18
9567,Rakesh Kulkarni,rakesh.kulkarni7058@gmail.com,Hyderabad,2023-04-10
9568,Lata Khanna,lata.khanna6111@outlook.com,Pimpri-Chinchwad,2022-04-17
9569,Rajesh Chatterjee,rajesh.chatterjee5115@yahoo.com,Dhanbad,2022-06-12
9570,Shikha Iyer,shikha.iyer9497@yahoo.com,Kalyan-Dombivali,2022-10-26
9571,Nitesh Dutta,nitesh.dutta5991@gmail.com,Jodhpur,2024-03-27
9572,Amit Bansal,amit.bansal1265@yahoo.com,Vasai-Virar,2024-04-24
9573,Vikas Gupta,vikas.gupta6396@ymail.com,Bengaluru,2024-06-07
9574,Ankita Gupta,ankita.gupta9911@gmail.com,Howrah,2022-06-21
9575,Aarav Bansal,aarav.bansal9787@gmail.com,Vasai-Virar,2024-03-14
9576,Lalit Yadav,lalit.yadav9714@hotmail.com,Vadodara,2023-11-27
9577,Kedar Banerjee,kedar.banerjee4074@gmail.com,Hyderabad,2022-07-16
9578,Nisha Mukherjee,nisha.mukherjee8503@hotmail.com,Rajkot,2022-09-24
9579,Sanjay Sinha,sanjay.sinha8044@ymail.com,Vadodara,2022-11-17
9580,Sunita Verma,sunita.verma70@ymail.com,Ludhiana,2023-01-06
9581,Tanvi Shukla,tanvi.shukla2139@hotmail.com,Madurai,2024-11-03
9582,Anand Sengupta,anand.sengupta7500@ymail.com,Nagpur,2022-04-26
9583,Om Tiwari,om.tiwari3249@yahoo.com,Pune,2024-04-23
9584,Manish Kapoor,manish.kapoor6552@rediffmail.com,Pune,2022-04-04
9585,Simran Malhotra,simran.malhotra969@ymail.com,Allahabad,2024-04-07
9586,Sneha Chatterjee,sneha.chatterjee1077@gmail.com,Dhanbad,2022-07-10
9587,Harish Saxena,harish.saxena4143@gmail.com,Vijayawada,2022-10-28
9588,Lalit Arora,lalit.arora368@outlook.com,Pimpri-Chinchwad,2022-12-27
9589,Bhaskar Mehta,bhaskar.mehta6890@hotmail.com,Bhopal,2023-09-28
9590,Tarun Pande,tarun.pande5024@ymail.com,Kalyan-Dombivali,2023-11-25
9591,Ayesha Chatterjee,ayesha.chatterjee7063@ymail.com,Raipur,2023-12-31
9592,Anil Bose,anil.bose5241@yahoo.com,Patna,2024-10-19
9593,Vinod Modi,vinod.modi4316@gmail.com,Kolkata,2024-04-22
9594,Aditya Das,aditya.das8329@hotmail.com,Kota,2023-12-23
9595,Gaurav Shukla,gaurav.shukla9002@rediffmail.com,Chandigarh,2024-10-17
9596,Kunal Joshi,kunal.joshi9823@ymail.com,Ranchi,2024-10-07
9597,Ritu Jain,ritu.jain9237@ymail.com,Kanpur,2022-05-02
9598,Jayesh Singh,jayesh.singh1143@ymail.com,Nashik,2023-10-24
9599,Deepak Trivedi,deepak.trivedi8674@ymail.com,Lucknow,2023-04-13
9600,Ananya Varma,ananya.varma1622@outlook.com,Pimpri-Chinchwad,2023-04-19
9601,Ajay Chatterjee,ajay.chatterjee4033@ymail.com,Jaipur,2024-10-10
9602,Nikhil Shukla,nikhil.shukla4576@hotmail.com,Jodhpur,2023-08-12
9603,Hemant Dutta,hemant.dutta2384@rediffmail.com,Kota,2023-09-26
9604,Lakshmi Shah,lakshmi.shah7481@rediffmail.com,Vasai-Virar,2024-10-18
9605,Shailesh Reddy,shailesh.reddy4627@ymail.com,Hyderabad,2023-08-28
9606,Varun Sengupta,varun.sengupta7741@outlook.com,Jaipur,2023-06-21
9607,Sahil Rao,sahil.rao6445@ymail.com,Pimpri-Chinchwad,2024-09-11
9608,Chandra Trivedi,chandra.trivedi8355@yahoo.com,Madurai,2023-08-29
9609,Aryan Pande,aryan.pande167@outlook.com,Varanasi,2022-06-02
9610,Ajay Arora,ajay.arora9773@rediffmail.com,Varanasi,2023-08-21
9611,Karan Desai,karan.desai8321@yahoo.com,Coimbatore,2023-05-23
9612,Anjali Kaur,anjali.kaur4255@yahoo.com,Ahmedabad,2022-09-21
9613,Paras Chopra,paras.chopra6942@hotmail.com,Amritsar,2023-12-16
9614,Ritesh Mishra,ritesh.mishra825@yahoo.com,Patna,2024-11-22
9615,Ravi Bhatia,ravi.bhatia29@hotmail.com,Jodhpur,2024-01-15
9616,Nisha Pande,nisha.pande9388@rediffmail.com,Kolkata,2024-01-11
9617,Sonali Bose,sonali.bose8664@ymail.com,Visakhapatnam,2023-04-14
9618,Jayesh Shah,jayesh.shah5747@outlook.com,Nashik,2022-08-28
9619,Sanjay Choudhary,sanjay.choudhary3653@hotmail.com,Indore,2023-06-28
9620,Kabir Bansal,kabir.bansal7658@ymail.com,Delhi,2024-11-18
9621,Sonali Ahuja,sonali.ahuja6790@ymail.com,Indore,2022-05-26
9622,Shruti Garg,shruti.garg9682@hotmail.com,Gwalior,2023-08-22
9623,Ishaan Jain,ishaan.jain7370@rediffmail.com,Solapur,2023-07-06
9624,Varun Jain,varun.jain337@ymail.com,Aurangabad,2023-03-05
9625,Shailesh Singh,shailesh.singh2024@yahoo.com,Navi Mumbai,2022-12-01
9626,Ankita Rao,ankita.rao1651@gmail.com,Kanpur,2024-03-16
9627,Kedar Rao,kedar.rao2494@gmail.com,Madurai,2024-11-12
9628,Ankit Jain,ankit.jain4195@hotmail.com,Bareilly,2024-10-12
9629,Rahul Murthy,rahul.murthy9563@yahoo.com,Bareilly,2024-08-09
9630,Sahil Mehta,sahil.mehta850@outlook.com,Hyderabad,2024-01-28
9631,Varun Ahuja,varun.ahuja7274@gmail.com,Gwalior,2024-01-30
9632,Sandeep Singh,sandeep.singh328@ymail.com,Rajkot,2022-09-24
9633,Mahesh Saxena,mahesh.saxena3561@yahoo.com,Varanasi,2024-04-08
9634,Dev Banerjee,dev.banerjee4184@ymail.com,Madurai,2023-02-19
9635,Ashok Kumar,ashok.kumar5484@outlook.com,Surat,2022-01-07
9636,Sonali Modi,sonali.modi9935@rediffmail.com,Hyderabad,2023-06-07
9637,Shyam Modi,shyam.modi657@outlook.com,Amritsar,2023-05-10
9638,Neeraj Pathak,neeraj.pathak8473@outlook.com,Dhanbad,2023-11-05
9639,Deepak Sharma,deepak.sharma3127@rediffmail.com,Coimbatore,2024-06-09
9640,Tarun Yadav,tarun.yadav3198@outlook.com,Howrah,2022-08-11
9641,Suresh Nair,suresh.nair4925@hotmail.com,Pimpri-Chinchwad,2023-07-03
9642,Aryan Chakraborty,aryan.chakraborty9605@rediffmail.com,Raipur,2023-04-05
9643,Paras Chatterjee,paras.chatterjee5937@outlook.com,Guwahati,2022-11-11
9644,Pooja Das,pooja.das6550@yahoo.com,Solapur,2022-02-06
9645,Arjun Kulkarni,arjun.kulkarni5766@gmail.com,Ludhiana,2023-10-05
9646,Deepika Mishra,deepika.mishra4655@outlook.com,Allahabad,2024-10-08
9647,Arjun Kapoor,arjun.kapoor5432@ymail.com,Thane,2023-01-31
9648,Girish Bhatia,girish.bhatia7307@rediffmail.com,Bareilly,2023-04-12
9649,Ankita Trivedi,ankita.trivedi3493@ymail.com,Vadodara,2024-10-10
9650,Krishna Sengupta,krishna.sengupta6274@gmail.com,Gwalior,2024-05-16
9651,Simran Chauhan,simran.chauhan7616@outlook.com,Faridabad,2022-04-14
9652,Bhaskar Chawla,bhaskar.chawla335@gmail.com,Bengaluru,2022-12-18
9653,Om Nair,om.nair6950@hotmail.com,Madurai,2024-01-01
9654,Vinod Verma,vinod.verma8550@ymail.com,Hubli,2024-08-08
9655,Anil Tiwari,anil.tiwari82@hotmail.com,Ahmedabad,2022-09-14
9656,Komal Dutta,komal.dutta8401@ymail.com,Hyderabad,2024-05-13
9657,Gaurav Chauhan,gaurav.chauhan46@hotmail.com,Indore,2024-10-12
9658,Tarun Sengupta,tarun.sengupta6277@rediffmail.com,Indore,2022-12-16
9659,Shruti Nanda,shruti.nanda7663@ymail.com,Howrah,2022-12-10
9660,Shikha Chakraborty,shikha.chakraborty8159@hotmail.com,Raipur,2024-02-28
9661,Sonu Desai,sonu.desai2933@outlook.com,Amritsar,2024-09-01
9662,Kiran Deshpande,kiran.deshpande1456@gmail.com,Solapur,2023-12-14
9663,Deepak Saxena,deepak.saxena4263@yahoo.com,Allahabad,2024-10-04
9664,Ayesha Bose,ayesha.bose431@outlook.com,Ludhiana,2024-07-02
9665,Ritesh Deshpande,ritesh.deshpande1590@hotmail.com,Jodhpur,2023-09-06
9666,Jatin Reddy,jatin.reddy9974@hotmail.com,Ahmedabad,2024-02-09
9667,Sanjeev Goyal,sanjeev.goyal5171@ymail.com,Howrah,2024-02-27
9668,Dev Rao,dev.rao4305@ymail.com,Nagpur,2023-07-24
9669,Aarav Pande,aarav.pande2312@outlook.com,Varanasi,2022-06-02
9670,Uma Joshi,uma.joshi7381@yahoo.com,Madurai,2024-04-27
9671,Pooja Jha,pooja.jha91@ymail.com,Varanasi,2022-05-01
9672,Komal Shah,komal.shah1800@rediffmail.com,Surat,2023-12-17
9673,Ansh Reddy,ansh.reddy1943@gmail.com,Nagpur,2022-07-03
9674,Sanjay Naik,sanjay.naik7120@outlook.com,Jaipur,2022-02-08
9675,Nitesh Joshi,nitesh.joshi9488@gmail.com,Pimpri-Chinchwad,2023-07-23
9676,Tarun Sinha,tarun.sinha6116@outlook.com,Vasai-Virar,2022-06-08
9677,Rohini Kulkarni,rohini.kulkarni6594@ymail.com,Srinagar,2024-02-10
9678,Sunil Agarwal,sunil.agarwal1512@ymail.com,Agra,2022-04-22
9679,Shilpa Goyal,shilpa.goyal3844@hotmail.com,Mumbai,2022-06-16
9680,Aarav Desai,aarav.desai6426@ymail.com,Faridabad,2023-12-02
9681,Nikhil Kaur,nikhil.kaur4983@outlook.com,Faridabad,2024-05-08
9682,Uma Reddy,uma.reddy6469@hotmail.com,Solapur,2024-07-26
9683,Vinay Deshpande,vinay.deshpande2282@rediffmail.com,Jodhpur,2024-09-03
9684,Nitesh Iyer,nitesh.iyer1370@gmail.com,Agra,2022-01-06
9685,Mukesh Nair,mukesh.nair5316@rediffmail.com,Delhi,2022-11-08
9686,Ishaan Garg,ishaan.garg894@rediffmail.com,Vadodara,2024-05-22
9687,Sonal Sharma,sonal.sharma3045@gmail.com,Vadodara,2024-09-20
9688,Sahil Ahuja,sahil.ahuja6852@gmail.com,Meerut,2023-11-16
9689,Heena Bose,heena.bose7584@yahoo.com,Mumbai,2023-10-22
9690,Girish Tiwari,girish.tiwari4856@yahoo.com,Allahabad,2022-01-01
9691,Nitika Shukla,nitika.shukla8654@gmail.com,Vijayawada,2024-05-05
9692,Chandra Patel,chandra.patel3317@gmail.com,Howrah,2024-02-13
9693,Asha Joshi,asha.joshi921@outlook.com,Ahmedabad,2022-04-14
9694,Mukesh Khanna,mukesh.khanna1995@outlook.com,Jabalpur,2022-04-22
9695,Heena Kumar,heena.kumar7531@gmail.com,Agra,2022-05-01
9696,Jyoti Chawla,jyoti.chawla1960@outlook.com,Madurai,2024-08-19
9697,Neeraj Pathak,neeraj.pathak7058@ymail.com,Nagpur,2022-08-01
9698,Reena Pande,reena.pande4671@outlook.com,Varanasi,2022-03-08
9699,Rakesh Banerjee,rakesh.banerjee6345@ymail.com,Hyderabad,2024-08-02
9700,Jyoti Pillai,jyoti.pillai6885@gmail.com,Surat,2022-11-03
9701,Ritesh Chakraborty,ritesh.chakraborty8377@yahoo.com,Delhi,2024-11-16
9702,Santosh Srivastava,santosh.srivastava8030@rediffmail.com,Navi Mumbai,2023-09-29
9703,Shilpa Mishra,shilpa.mishra7411@rediffmail.com,Allahabad,2024-11-07
9704,Yogesh Murthy,yogesh.murthy2509@hotmail.com,Bareilly,2023-03-20
9705,Nikhil Joshi,nikhil.joshi6608@rediffmail.com,Solapur,2024-03-13
9706,Pradeep Shah,pradeep.shah7059@yahoo.com,Varanasi,2023-06-04
9707,Zara Murthy,zara.murthy3071@ymail.com,Thane,2022-01-26
9708,Vikram Tiwari,vikram.tiwari586@rediffmail.com,Guwahati,2024-06-20
9709,Anjali Sengupta,anjali.sengupta5316@hotmail.com,Dhanbad,2023-11-13
9710,Ravi Joshi,ravi.joshi262@gmail.com,Nagpur,2023-03-19
9711,Mahesh Malhotra,mahesh.malhotra2481@ymail.com,Madurai,2022-06-29
9712,Anjali Yadav,anjali.yadav5367@outlook.com,Varanasi,2024-12-04
9713,Anjali Goyal,anjali.goyal292@rediffmail.com,Lucknow,2024-12-31
9714,Divya Gupta,divya.gupta6648@hotmail.com,Jabalpur,2022-09-01
9715,Sandeep Garg,sandeep.garg7363@gmail.com,Kalyan-Dombivali,2023-10-30
9716,Anil Pande,anil.pande4564@ymail.com,Vijayawada,2022-12-10
9717,Sanjeev Varma,sanjeev.varma3550@ymail.com,Pune,2024-02-05
9718,Yogesh Pande,yogesh.pande6690@ymail.com,Bhopal,2024-08-18
9719,Pradeep Bhatt,pradeep.bhatt3649@gmail.com,Jodhpur,2022-05-09
9720,Lata Chauhan,lata.chauhan8400@ymail.com,Chennai,2023-05-10
9721,Madhav Varma,madhav.varma9507@gmail.com,Delhi,2023-07-19
9722,Yash Malhotra,yash.malhotra9735@gmail.com,Vadodara,2024-06-04
9723,Shruti Iyer,shruti.iyer4611@rediffmail.com,Visakhapatnam,2022-05-03
9724,Sonali Joshi,sonali.joshi8952@gmail.com,Agra,2022-07-21
9725,Ritesh Srivastava,ritesh.srivastava3650@rediffmail.com,Visakhapatnam,2022-11-15
9726,Om Nanda,om.nanda9251@gmail.com,Guwahati,2022-05-29
9727,Rohini Shah,rohini.shah2631@outlook.com,Allahabad,2022-04-22
9728,Ajay Pillai,ajay.pillai8201@outlook.com,Raipur,2022-04-13
9729,Sahil Kumar,sahil.kumar8563@gmail.com,Patna,2023-09-24
9730,Vikas Bhatt,vikas.bhatt7028@ymail.com,Vasai-Virar,2024-03-07
9731,Arjun Chauhan,arjun.chauhan7814@outlook.com,Raipur,2022-11-08
9732,Tarun Pathak,tarun.pathak4560@yahoo.com,Mumbai,2024-04-18
9733,Vinod Chakraborty,vinod.chakraborty7681@gmail.com,Ranchi,2022-03-03
9734,Kunal Sinha,kunal.sinha8502@ymail.com,Nashik,2022-11-11
9735,Kabir Shah,kabir.shah191@hotmail.com,Gwalior,2024-09-09
9736,Nitika Shukla,nitika.shukla9657@ymail.com,Ludhiana,2024-09-18
9737,Dev Gupta,dev.gupta111@gmail.com,Thane,2022-05-01
9738,Geeta Bhatt,geeta.bhatt5989@gmail.com,Solapur,2024-11-30
9739,Vikas Kulkarni,vikas.kulkarni1514@outlook.com,Nashik,2024-06-10
9740,Dev Tiwari,dev.tiwari2496@ymail.com,Vadodara,2023-09-15
9741,Sahil Banerjee,sahil.banerjee7672@outlook.com,Visakhapatnam,2022-07-25
9742,Rohan Goyal,rohan.goyal9664@hotmail.com,Amritsar,2023-03-10
9743,Divya Kapoor,divya.kapoor1234@rediffmail.com,Howrah,2022-03-19
9744,Ankit Agarwal,ankit.agarwal2233@outlook.com,Thane,2023-03-11
9745,Jayesh Banerjee,jayesh.banerjee2194@yahoo.com,Varanasi,2024-09-22
9746,Shanti Srivastava,shanti.srivastava7758@gmail.com,Allahabad,2023-11-02
9747,Ram Iyer,ram.iyer2711@outlook.com,Amritsar,2022-12-19
9748,Ishaan Pillai,ishaan.pillai5905@ymail.com,Faridabad,2023-06-25
9749,Geeta Sharma,geeta.sharma4559@hotmail.com,Allahabad,2023-01-08
9750,Ansh Garg,ansh.garg8563@ymail.com,Mumbai,2022-08-29
9751,Ashish Jain,ashish.jain5553@outlook.com,Rajkot,2023-07-21
9752,Sonu Chauhan,sonu.chauhan6073@gmail.com,Indore,2024-01-13
9753,Lokesh Varma,lokesh.varma4071@yahoo.com,Indore,2024-08-21
9754,Lata Agarwal,lata.agarwal8262@yahoo.com,Gwalior,2024-10-10
9755,Isha Chawla,isha.chawla7584@hotmail.com,Lucknow,2023-10-17
9756,Chandra Shah,chandra.shah3611@yahoo.com,Pimpri-Chinchwad,2023-04-26
9757,Jatin Sharma,jatin.sharma2372@gmail.com,Solapur,2023-02-23
9758,Rakesh Joshi,rakesh.joshi7907@rediffmail.com,Vasai-Virar,2023-10-30
9759,Mukesh Das,mukesh.das9040@gmail.com,Dhanbad,2023-02-09
9760,Vinod Dutta,vinod.dutta6125@gmail.com,Mumbai,2024-05-10
9761,Shikha Ghosh,shikha.ghosh5337@hotmail.com,Chandigarh,2024-12-07
9762,Amitabh Sengupta,amitabh.sengupta4995@rediffmail.com,Lucknow,2023-08-23
9763,Amitabh Mishra,amitabh.mishra8865@yahoo.com,Navi Mumbai,2024-02-16
9764,Divya Kapoor,divya.kapoor5691@rediffmail.com,Varanasi,2023-01-04
9765,Ram Deshpande,ram.deshpande7403@gmail.com,Bareilly,2024-05-26
9766,Vinay Srivastava,vinay.srivastava2577@ymail.com,Vijayawada,2024-01-10
9767,Vikram Murthy,vikram.murthy7587@ymail.com,Indore,2024-02-19
9768,Ajay Nair,ajay.nair992@hotmail.com,Nashik,2022-09-30
9769,Tanvi Shah,tanvi.shah2227@outlook.com,Surat,2023-02-20
9770,Anand Shukla,anand.shukla1355@outlook.com,Srinagar,2024-02-04
9771,Uma Ahuja,uma.ahuja1041@gmail.com,Faridabad,2023-02-10
9772,Uma Chopra,uma.chopra7361@ymail.com,Delhi,2023-03-17
9773,Tarun Iyer,tarun.iyer1564@hotmail.com,Varanasi,2024-09-03
9774,Ritu Jha,ritu.jha6222@ymail.com,Allahabad,2024-11-09
9775,Shanti Shah,shanti.shah6905@yahoo.com,Solapur,2024-09-25
9776,Ansh Garg,ansh.garg7203@rediffmail.com,Coimbatore,2024-08-25
9777,Aditya Nair,aditya.nair509@ymail.com,Agra,2023-05-24
9778,Paras Desai,paras.desai8842@rediffmail.com,Ranchi,2022-06-04
9779,Sunita Desai,sunita.desai2459@ymail.com,Bareilly,2023-04-02
9780,Sanjeev Chakraborty,sanjeev.chakraborty6396@hotmail.com,Varanasi,2024-01-15
9781,Uma Deshpande,uma.deshpande7975@outlook.com,Pimpri-Chinchwad,2023-08-14
9782,Krishna Chawla,krishna.chawla2598@ymail.com,Ludhiana,2024-02-25
9783,Chandra Das,chandra.das2510@gmail.com,Allahabad,2023-02-25
9784,Sudhir Goyal,sudhir.goyal6683@hotmail.com,Raipur,2023-07-05
9785,Sunita Chopra,sunita.chopra9636@rediffmail.com,Raipur,2024-03-02
9786,Ashish Dubey,ashish.dubey8484@gmail.com,Varanasi,2022-06-03
9787,Rajesh Shah,rajesh.shah6162@gmail.com,Chandigarh,2024-06-04
9788,Rakesh Patel,rakesh.patel3317@rediffmail.com,Jabalpur,2023-06-23
9789,Kunal Bhatia,kunal.bhatia606@outlook.com,Madurai,2024-12-19
9790,Geeta Nair,geeta.nair2490@rediffmail.com,Surat,2022-05-25
9791,Madhav Choudhary,madhav.choudhary9540@rediffmail.com,Chandigarh,2024-02-13
9792,Aditya Iyer,aditya.iyer3040@outlook.com,Amritsar,2024-02-04
9793,Shanti Modi,shanti.modi1734@gmail.com,Bhopal,2024-05-13
9794,Sanjay Deshpande,sanjay.deshpande205@hotmail.com,Meerut,2023-11-14
9795,Sanjay Reddy,sanjay.reddy6803@yahoo.com,Ludhiana,2022-03-12
9796,Seema Patel,seema.patel6281@rediffmail.com,Vadodara,2022-05-31
9797,Ayesha Dubey,ayesha.dubey5229@yahoo.com,Ranchi,2024-12-18
9798,Priya Pillai,priya.pillai9543@ymail.com,Mumbai,2024-11-19
9799,Sonal Srivastava,sonal.srivastava8504@outlook.com,Hubli,2022-03-05
9800,Pooja Bhatia,pooja.bhatia1504@gmail.com,Srinagar,2022-07-23
9801,Kajal Pathak,kajal.pathak2858@yahoo.com,Guwahati,2024-03-30
9802,Akash Garg,akash.garg6783@rediffmail.com,Delhi,2024-11-05
9803,Sanjay Jha,sanjay.jha9149@ymail.com,Amritsar,2023-08-10
9804,Jayesh Trivedi,jayesh.trivedi4457@yahoo.com,Dhanbad,2022-10-03
9805,Sonu Chawla,sonu.chawla3251@yahoo.com,Vasai-Virar,2024-10-09
9806,Om Bose,om.bose6827@yahoo.com,Ranchi,2023-04-04
9807,Sonu Bhatia,sonu.bhatia9623@gmail.com,Raipur,2024-10-29
9808,Anil Varma,anil.varma4988@yahoo.com,Amritsar,2023-09-01
9809,Shanti Garg,shanti.garg765@rediffmail.com,Aurangabad,2024-09-26
9810,Krishna Tiwari,krishna.tiwari6158@rediffmail.com,Guwahati,2023-06-20
9811,Dev Chawla,dev.chawla9099@gmail.com,Ranchi,2022-03-09
9812,Anjali Varma,anjali.varma8612@ymail.com,Aurangabad,2023-07-26
9813,Nilesh Das,nilesh.das9804@gmail.com,Guwahati,2023-04-13
9814,Aryan Chawla,aryan.chawla2614@outlook.com,Nashik,2024-06-21
9815,Kedar Kaur,kedar.kaur121@yahoo.com,Hyderabad,2022-09-26
9816,Seema Dubey,seema.dubey1752@yahoo.com,Chennai,2024-09-29
9817,Pooja Chawla,pooja.chawla7337@gmail.com,Vadodara,2022-12-30
9818,Shikha Garg,shikha.garg2303@outlook.com,Ludhiana,2024-12-13
9819,Priya Nanda,priya.nanda1506@gmail.com,Allahabad,2023-10-13
9820,Rohan Varma,rohan.varma2733@gmail.com,Kalyan-Dombivali,2023-03-24
9821,Akash Bose,akash.bose4288@gmail.com,Meerut,2023-12-06
9822,Ashok Chakraborty,ashok.chakraborty7431@yahoo.com,Rajkot,2022-07-03
9823,Rahul Mukherjee,rahul.mukherjee9281@gmail.com,Mumbai,2023-12-06
9824,Heena Chauhan,heena.chauhan697@gmail.com,Chennai,2024-07-30
9825,Ritesh Saxena,ritesh.saxena2964@hotmail.com,Chennai,2023-04-07
9826,Manish Chakraborty,manish.chakraborty2784@yahoo.com,Nagpur,2022-02-06
9827,Ankita Dubey,ankita.dubey7353@gmail.com,Kanpur,2022-03-03
9828,Uma Pande,uma.pande9176@gmail.com,Jabalpur,2023-10-01
9829,Aarav Bhatia,aarav.bhatia4543@outlook.com,Gwalior,2024-03-04
9830,Ankit Chakraborty,ankit.chakraborty3871@outlook.com,Bengaluru,2024-08-11
9831,Om Choudhary,om.choudhary8044@yahoo.com,Bengaluru,2023-08-02
9832,Lata Bansal,lata.bansal9362@rediffmail.com,Mumbai,2024-06-07
9833,Shyam Yadav,shyam.yadav3354@ymail.com,Raipur,2023-12-20
9834,Hemant Garg,hemant.garg3389@hotmail.com,Delhi,2022-08-18
9835,Meena Shukla,meena.shukla3072@outlook.com,Jaipur,2023-10-29
9836,Anjali Arora,anjali.arora5117@rediffmail.com,Pimpri-Chinchwad,2024-02-13
9837,Ashish Modi,ashish.modi4002@gmail.com,Faridabad,2022-06-02
9838,Suresh Singh,suresh.singh5537@gmail.com,Indore,2023-03-30
9839,Sanjeev Chopra,sanjeev.chopra481@rediffmail.com,Rajkot,2024-06-26
9840,Geeta Bansal,geeta.bansal9610@yahoo.com,Patna,2022-01-01
9841,Nitesh Iyer,nitesh.iyer1530@ymail.com,Nagpur,2023-11-24
9842,Rakesh Rao,rakesh.rao6875@outlook.com,Agra,2023-05-05
9843,Ishaan Pande,ishaan.pande818@yahoo.com,Meerut,2023-04-07
9844,Sanjeev Nair,sanjeev.nair5930@outlook.com,Pimpri-Chinchwad,2023-02-15
9845,Heena Pathak,heena.pathak1658@rediffmail.com,Ludhiana,2024-10-29
9846,Ajay Sharma,ajay.sharma192@gmail.com,Ranchi,2023-09-04
9847,Aryan Khanna,aryan.khanna2321@ymail.com,Meerut,2024-09-26
9848,Lata Arora,lata.arora1516@ymail.com,Vadodara,2024-05-31
9849,Pavan Garg,pavan.garg1988@hotmail.com,Rajkot,2024-01-13
9850,Aarav Yadav,aarav.yadav292@yahoo.com,Howrah,2023-06-08
9851,Sonali Rao,sonali.rao6065@hotmail.com,Amritsar,2023-08-18
9852,Mahesh Chakraborty,mahesh.chakraborty4712@ymail.com,Lucknow,2022-05-01
9853,Arjun Murthy,arjun.murthy1730@ymail.com,Jabalpur,2022-02-13
9854,Ayesha Dubey,ayesha.dubey2772@gmail.com,Pune,2024-02-08
9855,Lakshmi Chauhan,lakshmi.chauhan9832@rediffmail.com,Ranchi,2022-01-15
9856,Meena Sinha,meena.sinha260@rediffmail.com,Ahmedabad,2024-09-23
9857,Sonali Joshi,sonali.joshi530@outlook.com,Agra,2022-09-03
9858,Zara Sinha,zara.sinha9477@yahoo.com,Meerut,2024-08-03
9859,Nisha Rao,nisha.rao5806@gmail.com,Pimpri-Chinchwad,2024-04-01
9860,Arjun Mukherjee,arjun.mukherjee6414@ymail.com,Lucknow,2022-10-25
9861,Sapna Rao,sapna.rao8442@ymail.com,Patna,2023-02-06
9862,Shruti Pathak,shruti.pathak7067@hotmail.com,Vasai-Virar,2024-10-19
9863,Sudhir Das,sudhir.das167@yahoo.com,Mumbai,2023-06-11
9864,Uma Nanda,uma.nanda7966@gmail.com,Delhi,2023-04-11
9865,Mahesh Trivedi,mahesh.trivedi5561@yahoo.com,Patna,2024-09-26
9866,Madhav Srivastava,madhav.srivastava4840@gmail.com,Visakhapatnam,2023-08-20
9867,Sudhir Choudhary,sudhir.choudhary7685@gmail.com,Raipur,2024-06-15
9868,Karan Jha,karan.jha3570@gmail.com,Patna,2024-01-15
9869,Ramesh Kapoor,ramesh.kapoor5819@gmail.com,Ranchi,2022-04-15
9870,Ananya Choudhary,ananya.choudhary303@outlook.com,Chandigarh,2023-12-18
9871,Kedar Mishra,kedar.mishra3208@hotmail.com,Vasai-Virar,2023-06-05
9872,Ayesha Varma,ayesha.varma7358@ymail.com,Jaipur,2023-06-05
9873,Girish Kulkarni,girish.kulkarni1522@gmail.com,Gwalior,2022-02-20
9874,Rakesh Nair,rakesh.nair2614@hotmail.com,Ludhiana,2022-04-27
9875,Sandeep Nair,sandeep.nair1908@hotmail.com,Guwahati,2024-05-31
9876,Santosh Iyer,santosh.iyer7241@gmail.com,Surat,2023-02-10
9877,Mihir Agarwal,mihir.agarwal7204@hotmail.com,Ahmedabad,2024-10-04
9878,Anil Trivedi,anil.trivedi7011@gmail.com,Lucknow,2022-12-22
9879,Lata Das,lata.das5499@hotmail.com,Nagpur,2022-06-14
9880,Gaurav Ghosh,gaurav.ghosh1529@outlook.com,Kalyan-Dombivali,2023-01-17
9881,Divya Naik,divya.naik462@rediffmail.com,Nashik,2023-09-05
9882,Ritu Bhatia,ritu.bhatia8058@hotmail.com,Pimpri-Chinchwad,2022-03-06
9883,Arjun Kaur,arjun.kaur4053@outlook.com,Gwalior,2022-03-16
9884,Lakshmi Tiwari,lakshmi.tiwari9001@hotmail.com,Ranchi,2022-12-04
9885,Rahul Chawla,rahul.chawla7301@yahoo.com,Gwalior,2023-02-23
9886,Harish Srivastava,harish.srivastava6654@rediffmail.com,Vijayawada,2022-07-31
9887,Akash Srivastava,akash.srivastava8900@yahoo.com,Coimbatore,2024-05-16
9888,Sanjay Saxena,sanjay.saxena5800@outlook.com,Pune,2022-10-07
9889,Suresh Bansal,suresh.bansal6272@hotmail.com,Meerut,2023-07-23
9890,Shiv Kulkarni,shiv.kulkarni7857@outlook.com,Visakhapatnam,2024-08-07
9891,Rajesh Verma,rajesh.verma5827@outlook.com,Lucknow,2023-11-09
9892,Yash Bansal,yash.bansal9095@hotmail.com,Nashik,2022-04-29
9893,Simran Shah,simran.shah1274@ymail.com,Vadodara,2023-05-23
9894,Sunil Yadav,sunil.yadav9398@rediffmail.com,Howrah,2022-11-14
9895,Lalit Mehta,lalit.mehta256@rediffmail.com,Coimbatore,2022-12-16
9896,Parul Kumar,parul.kumar1963@gmail.com,Surat,2024-12-02
9897,Lakshmi Rao,lakshmi.rao5488@gmail.com,Visakhapatnam,2023-05-04
9898,Pooja Shah,pooja.shah2509@hotmail.com,Raipur,2023-11-15
9899,Bhaskar Agarwal,bhaskar.agarwal4033@yahoo.com,Raipur,2024-04-18
9900,Kunal Yadav,kunal.yadav9248@gmail.com,Allahabad,2022-09-08
9901,Vikas Yadav,vikas.yadav9221@rediffmail.com,Bengaluru,2023-12-16
9902,Divya Nair,divya.nair3362@rediffmail.com,Bareilly,2022-03-29
9903,Uma Chakraborty,uma.chakraborty5552@yahoo.com,Mumbai,2024-06-05
9904,Nitika Dutta,nitika.dutta246@ymail.com,Madurai,2023-04-06
9905,Suresh Bansal,suresh.bansal3720@rediffmail.com,Navi Mumbai,2023-08-16
9906,Ajay Chauhan,ajay.chauhan7058@ymail.com,Aurangabad,2024-08-08
9907,Sunil Khanna,sunil.khanna9708@yahoo.com,Kota,2022-05-14
9908,Ramesh Chakraborty,ramesh.chakraborty2016@ymail.com,Delhi,2023-11-04
9909,Aditya Bose,aditya.bose8022@gmail.com,Coimbatore,2024-07-27
9910,Amit Pathak,amit.pathak5800@outlook.com,Patna,2023-09-20
9911,Lakshmi Banerjee,lakshmi.banerjee4545@gmail.com,Vasai-Virar,2022-08-27
9912,Vinod Iyer,vinod.iyer4051@rediffmail.com,Srinagar,2024-06-07
9913,Nisha Dubey,nisha.dubey9049@ymail.com,Vadodara,2023-05-19
9914,Asha Tiwari,asha.tiwari5201@ymail.com,Faridabad,2024-04-26
9915,Om Kumar,om.kumar9967@hotmail.com,Jabalpur,2024-08-03
9916,Rohini Das,rohini.das9228@outlook.com,Kanpur,2024-04-17
9917,Hemant Das,hemant.das7797@yahoo.com,Lucknow,2023-06-26
9918,Hemant Modi,hemant.modi703@yahoo.com,Raipur,2022-06-11
9919,Ram Saxena,ram.saxena661@hotmail.com,Kalyan-Dombivali,2024-04-10
9920,Sonal Jain,sonal.jain1790@hotmail.com,Chennai,2023-04-24
9921,Kedar Deshpande,kedar.deshpande346@outlook.com,Rajkot,2024-11-27
9922,Sanjay Bose,sanjay.bose3780@yahoo.com,Howrah,2024-11-04
9923,Neeraj Kaur,neeraj.kaur8968@gmail.com,Jodhpur,2024-06-02
9924,Amit Banerjee,amit.banerjee5804@ymail.com,Vijayawada,2022-06-27
9925,Ramesh Chauhan,ramesh.chauhan7714@gmail.com,Lucknow,2023-07-03
9926,Divya Chakraborty,divya.chakraborty3896@outlook.com,Solapur,2023-05-08
9927,Neeraj Ghosh,neeraj.ghosh3523@outlook.com,Bhopal,2024-12-29
9928,Amitabh Bhatia,amitabh.bhatia3570@gmail.com,Navi Mumbai,2023-06-23
9929,Gaurav Gupta,gaurav.gupta1230@yahoo.com,Nashik,2024-09-13
9930,Shilpa Chawla,shilpa.chawla7168@ymail.com,Ranchi,2022-10-20
9931,Megha Chawla,megha.chawla1072@gmail.com,Solapur,2023-08-11
9932,Nilesh Kaur,nilesh.kaur2795@gmail.com,Varanasi,2023-02-24
9933,Jatin Mehta,jatin.mehta8826@outlook.com,Hubli,2023-04-14
9934,Shruti Joshi,shruti.joshi5113@gmail.com,Pimpri-Chinchwad,2023-10-25
9935,Anand Joshi,anand.joshi6842@hotmail.com,Varanasi,2023-02-02
9936,Anjali Reddy,anjali.reddy1601@outlook.com,Amritsar,2024-12-29
9937,Komal Patel,komal.patel2886@outlook.com,Rajkot,2023-04-19
9938,Nisha Rao,nisha.rao309@gmail.com,Allahabad,2024-12-06
9939,Vinod Pathak,vinod.pathak4400@yahoo.com,Ranchi,2023-02-03
9940,Amitabh Chawla,amitabh.chawla4886@rediffmail.com,Madurai,2024-01-20
9941,Nisha Murthy,nisha.murthy1705@outlook.com,Faridabad,2024-06-06
9942,Aditya Nair,aditya.nair8676@gmail.com,Raipur,2023-06-26
9943,Vivek Bhatia,vivek.bhatia8328@ymail.com,Gwalior,2022-03-19
9944,Sneha Saxena,sneha.saxena2128@hotmail.com,Patna,2024-04-03
9945,Suresh Shukla,suresh.shukla3025@rediffmail.com,Navi Mumbai,2022-12-16
9946,Mukesh Bhatia,mukesh.bhatia7657@yahoo.com,Visakhapatnam,2024-02-13
9947,Amit Banerjee,amit.banerjee8932@outlook.com,Indore,2024-06-07
9948,Tarun Deshpande,tarun.deshpande1282@hotmail.com,Howrah,2023-02-04
9949,Shailesh Bhatt,shailesh.bhatt8459@gmail.com,Nagpur,2024-07-13
9950,Yogesh Chopra,yogesh.chopra2486@rediffmail.com,Solapur,2023-02-17
9951,Pavan Sinha,pavan.sinha114@hotmail.com,Agra,2022-01-14
9952,Sanjay Dutta,sanjay.dutta54@ymail.com,Navi Mumbai,2023-04-16
9953,Kabir Pande,kabir.pande1835@ymail.com,Kolkata,2024-04-02
9954,Kajal Modi,kajal.modi6758@hotmail.com,Coimbatore,2023-01-14
9955,Shiv Mishra,shiv.mishra3238@rediffmail.com,Kota,2024-04-13
9956,Rajesh Varma,rajesh.varma1569@yahoo.com,Thane,2024-08-30
9957,Sanjay Chopra,sanjay.chopra2644@ymail.com,Dhanbad,2022-07-31
9958,Rajesh Bhatia,rajesh.bhatia5961@hotmail.com,Indore,2023-01-15
9959,Lata Sharma,lata.sharma8256@rediffmail.com,Bhopal,2022-03-11
9960,Anand Desai,anand.desai1448@yahoo.com,Rajkot,2024-09-23
9961,Anjali Kulkarni,anjali.kulkarni842@ymail.com,Bhopal,2023-05-16
9962,Paras Iyer,paras.iyer1191@ymail.com,Aurangabad,2024-12-03
9963,Nikhil Khanna,nikhil.khanna219@yahoo.com,Amritsar,2024-10-06
9964,Kedar Pathak,kedar.pathak236@outlook.com,Lucknow,2024-04-27
9965,Yogesh Sharma,yogesh.sharma4111@rediffmail.com,Amritsar,2022-05-26
9966,Aarav Jha,aarav.jha497@yahoo.com,Coimbatore,2022-06-30
9967,Mihir Mishra,mihir.mishra8799@gmail.com,Kanpur,2024-12-23
9968,Parul Saxena,parul.saxena3987@outlook.com,Gwalior,2023-03-30
9969,Ritesh Reddy,ritesh.reddy8849@hotmail.com,Vijayawada,2023-04-03
9970,Sneha Bansal,sneha.bansal9113@yahoo.com,Kanpur,2024-07-06
9971,Sandeep Nair,sandeep.nair1580@hotmail.com,Vasai-Virar,2023-12-15
9972,Isha Patel,isha.patel5189@yahoo.com,Bareilly,2024-05-13
9973,Ravi Nair,ravi.nair2436@yahoo.com,Bareilly,2022-12-24
9974,Amitabh Malhotra,amitabh.malhotra2743@ymail.com,Vadodara,2024-11-13
9975,Mihir Chauhan,mihir.chauhan1401@hotmail.com,Vasai-Virar,2022-11-23
9976,Hemant Bansal,hemant.bansal6371@outlook.com,Ranchi,2022-03-02
9977,Anjali Shah,anjali.shah9438@hotmail.com,Meerut,2024-10-03
9978,Amit Bhatt,amit.bhatt4538@ymail.com,Chennai,2022-11-05
9979,Rajesh Mukherjee,rajesh.mukherjee15@hotmail.com,Patna,2024-06-15
9980,Aryan Mukherjee,aryan.mukherjee2597@gmail.com,Ranchi,2023-02-17
9981,Sneha Kulkarni,sneha.kulkarni2100@hotmail.com,Ranchi,2024-07-03
9982,Kedar Murthy,kedar.murthy5403@outlook.com,Kanpur,2023-03-15
9983,Swati Malhotra,swati.malhotra8922@ymail.com,Ranchi,2024-05-21
9984,Shanti Bhatia,shanti.bhatia7859@yahoo.com,Jaipur,2024-07-14
9985,Nikhil Kulkarni,nikhil.kulkarni416@ymail.com,Kalyan-Dombivali,2023-01-21
9986,Rohan Mukherjee,rohan.mukherjee5437@ymail.com,Chennai,2023-05-07
9987,Megha Nanda,megha.nanda9323@rediffmail.com,Hyderabad,2024-05-23
9988,Lata Tiwari,lata.tiwari7775@hotmail.com,Chennai,2024-04-25
9989,Ravi Nanda,ravi.nanda4113@ymail.com,Thane,2024-04-30
9990,Meena Banerjee,meena.banerjee3993@ymail.com,Bhopal,2024-09-01
9991,Shyam Yadav,shyam.yadav6088@outlook.com,Bareilly,2022-06-25
9992,Yash Chakraborty,yash.chakraborty8310@hotmail.com,Nashik,2023-03-30
9993,Kunal Mishra,kunal.mishra7421@outlook.com,Guwahati,2024-10-12
9994,Vinod Nair,vinod.nair5935@rediffmail.com,Jaipur,2023-07-21
9995,Kunal Murthy,kunal.murthy3830@outlook.com,Chennai,2024-11-16
9996,Yogesh Sharma,yogesh.sharma3144@outlook.com,Patna,2023-10-02
9997,Priya Mukherjee,priya.mukherjee9267@yahoo.com,Nagpur,2024-02-12
9998,Amit Gupta,amit.gupta2139@hotmail.com,Pimpri-Chinchwad,2023-10-27
9999,Aarav Desai,aarav.desai5758@outlook.com,Dhanbad,2022-05-08
10000,Chandra Chawla,chandra.chawla7855@rediffmail.com,Kanpur,2023-11-13
